1546 4295 3
1 2
1 2
1 2
1 2
1 2
1 2
1 2
1 2
1 2
1 2
1 2
1 2
1 2
1 2
1 2
1 2
1 2
1 2
1 2
1 2
1 2
1 2
1 2
1 2
1 2
1 2
1 2
1 2
1 2
1 2
1 2
1 2
1 2
1 2
1 2
1 2
1 2
1 2
1 2
1 2
1 2
1 2
1 2
1 2
1 2
1 2
1 2
1 2
1 2
1 2
1 2
1 2
1 2
1 2
1 2
1 2
1 2
1 2
1 2
1 2
1 2
1 2
1 2
1 2
1 2
1 2
1 2
1 2
1 2
1 2
1 2
1 2
1 2
1 2
1 2
1 2
1 2
1 2
1 2
1 2
1 2
1 2
1 2
1 2
1 2
1 2
1 2
1 2
1 2
1 2
1 2
1 2
1 2
1 2
1 2
1 2
1 2
1 2
1 2
1 2
1 2
1 2
1 2
1 2
1 2
1 2
1 2
1 2
1 2
1 2
1 2
1 2
1 2
1 2
1 2
1 2
1 2
1 2
1 2
1 2
1 2
1 2
1 2
1 2
1 2
1 2
1 2
1 2
1 2
1 2
1 2
1 2
1 2
1 2
1 2
1 2
1 2
1 2
1 2
1 2
1 2
1 2
1 2
1 2
1 2
1 2
1 2
1 2
1 2
1 2
1 2
1 2
1 2
1 2
1 2
1 2
1 2
1 2
1 2
1 2
1 2
1 2
1 2
1 2
1 2
1 2
1 2
1 2
1 2
1 2
1 2
1 2
1 2
1 2
1 2
1 2
1 2
1 2
1 2
1 2
1 2
1 2
1 2
1 2
1 2
1 2
1 2
1 2
1 2
1 2
1 2
1 2
1 2
1 2
1 2
1 2
1 2
1 2
1 2
1 2
1 2
1 2
1 2
1 2
1 2
1 2
1 2
1 2
1 2
1 2
1 2
1 2
1 2
1 2
1 2
1 2
1 2
1 2
1 2
1 2
1 2
1 2
1 2
1 2
1 2
1 2
1 2
1 2
1 2
1 2
1 2
1 2
1 2
1 2
1 2
1 2
1 2
1 2
1 2
1 2
1 2
1 2
1 2
1 2
1 2
1 2
1 2
1 2
1 2
1 2
1 2
1 2
1 2
1 2
1 2
1 2
1 2
1 2
1 2
1 2
1 2
1 2
1 2
1 2
1 2
1 2
1 2
1 2
1 2
1 2
1 2
1 2
1 2
1 2
1 2
1 2
1 2
1 2
1 2
1 2
1 2
1 2
1 2
1 2
1 2
1 2
1 2
1 2
1 2
1 2
1 2
1 2
1 2
1 2
1 2
1 2
1 2
1 2
1 2
1 2
1 2
1 2
1 2
1 2
1 2
1 2
1 2
1 2
1 2
1 2
1 2
1 2
1 2
1 2
1 2
1 2
1 2
1 2
1 2
1 2
1 2
1 2
1 2
1 2
1 2
1 2
1 2
1 2
1 2
1 2
1 2
1 2
1 2
1 2
1 2
1 2
1 2
1 2
1 2
1 2
1 2
1 2
1 2
1 2
1 2
1 2
1 2
1 2
1 2
1 2
1 2
1 2
1 2
1 2
1 2
1 2
1 2
1 2
1 2
1 2
1 2
1 2
1 2
1 2
1 2
1 2
1 2
1 2
1 2
1 2
1 2
1 2
1 2
1 2
1 2
1 2
1 2
1 2
1 2
1 2
1 2
1 2
1 2
1 2
1 2
1 2
1 2
1 2
1 2
1 2
1 2
1 2
1 2
1 2
1 2
1 2
1 2
1 2
1 2
1 2
1 2
1 2
1 2
1 2
1 2
1 2
1 2
1 2
1 2
1 2
1 2
1 2
1 2
1 2
1 2
1 2
1 2
1 2
1 2
1 2
1 2
1 2
1 2
1 2
1 2
1 2
1 2
1 2
1 2
1 2
1 2
1 2
1 2
1 2
1 2
1 2
1 2
1 2
1 2
1 2
1 2
1 2
1 2
1 2
1 2
1 2
1 2
1 2
1 2
1 2
1 2
1 2
1 2
1 2
1 2
1 2
1 2
1 2
1 2
1 2
1 2
1 2
1 2
1 2
1 2
1 2
1 2
1 2
1 2
1 2
1 2
1 2
1 2
1 2
1 2
1 2
1 2
1 2
1 2
2 3
2 3
2 3
2 3
2 3
2 3
2 3
2 3
2 3
2 3
2 3
2 3
2 3
2 3
2 3
2 3
2 3
2 3
2 3
2 3
2 3
2 3
2 3
2 3
2 3
2 3
2 3
2 3
2 3
2 3
2 3
2 3
2 3
2 3
2 3
2 3
2 3
2 3
2 3
2 3
2 3
2 3
2 3
2 3
2 3
2 3
2 3
2 3
2 3
2 3
2 3
2 3
2 3
2 3
2 3
2 3
2 3
2 3
2 3
2 3
2 3
2 3
2 3
2 3
2 3
2 3
2 3
2 3
2 3
2 3
2 3
2 3
2 3
2 3
2 3
2 3
2 3
2 3
2 3
2 3
2 3
2 3
2 3
2 3
2 3
2 3
2 3
2 3
2 3
2 3
2 3
2 3
2 3
2 3
2 3
2 3
2 3
2 3
2 3
2 3
2 3
2 3
2 3
2 3
2 3
2 3
2 3
2 3
2 3
2 3
2 3
2 3
2 3
2 3
2 3
2 3
2 3
2 3
2 3
2 3
2 3
2 3
2 3
2 3
2 3
2 3
2 3
2 3
2 3
2 3
2 3
2 3
2 3
2 3
2 3
2 3
2 3
2 3
2 3
2 3
2 3
2 3
2 3
2 3
2 3
2 3
2 3
2 3
2 3
2 3
2 3
2 3
2 3
2 3
2 3
2 3
2 3
2 3
2 3
2 3
2 3
2 3
2 3
2 3
2 3
2 3
2 3
2 3
2 3
2 3
2 3
2 3
2 3
2 3
2 3
2 3
2 3
2 3
2 3
2 3
2 3
2 3
2 3
2 3
2 3
2 3
2 3
2 3
2 3
2 3
2 3
2 3
2 3
2 3
2 3
2 3
2 3
2 3
2 3
2 3
2 3
2 3
2 3
2 3
2 3
2 3
2 3
2 3
2 3
2 3
2 3
2 3
2 3
2 3
2 3
2 3
2 3
2 3
2 3
2 3
2 3
2 3
2 3
2 3
2 3
2 3
2 3
2 3
2 3
2 3
2 3
2 3
2 3
2 3
2 3
2 3
2 3
2 3
2 3
2 3
2 3
2 3
2 3
2 3
2 3
2 3
2 3
2 3
2 3
2 3
2 3
2 3
2 3
2 3
2 3
2 3
2 3
2 3
2 3
2 3
2 3
2 3
2 3
2 3
2 3
2 3
2 3
2 3
2 3
2 3
2 3
2 3
2 3
2 3
2 3
2 3
2 3
2 3
2 3
2 3
2 3
2 3
2 3
2 3
2 3
2 3
2 3
2 3
2 3
2 3
2 3
2 3
2 3
2 3
2 3
2 3
2 3
2 3
2 3
2 3
2 3
2 3
2 3
2 3
2 3
2 3
2 3
2 3
2 3
2 3
2 3
2 3
2 3
2 3
2 3
2 3
2 3
2 3
2 3
2 3
2 3
2 3
2 3
2 3
2 3
2 3
2 3
2 3
2 3
2 3
2 3
2 3
2 3
2 3
2 3
2 3
2 3
2 3
2 3
2 3
2 3
2 3
2 3
2 3
2 3
2 3
2 3
2 3
2 3
2 3
2 3
2 3
2 3
2 3
2 3
2 3
2 3
2 3
2 3
2 3
2 3
2 3
2 3
2 3
2 3
2 3
2 3
2 3
2 3
2 3
2 3
2 3
2 3
2 3
2 3
2 3
2 3
2 3
2 3
2 3
2 3
2 3
2 3
2 3
2 3
2 3
2 3
2 3
2 3
2 3
2 3
2 3
2 3
2 3
2 3
2 3
2 3
2 3
2 3
2 3
2 3
2 3
2 3
2 3
2 3
2 3
2 3
2 3
2 3
2 3
2 3
2 3
2 3
2 3
2 3
2 3
2 3
2 3
2 3
2 3
2 3
2 3
2 3
2 3
2 3
2 3
2 3
2 3
2 3
2 3
2 3
2 3
2 3
2 3
2 3
2 3
2 3
2 3
2 3
2 3
2 3
2 3
2 3
2 3
2 3
2 3
2 3
2 3
2 3
2 3
2 3
2 3
2 3
2 3
2 3
2 3
2 3
2 3
2 3
2 3
2 3
2 3
2 3
2 3
2 3
2 3
2 3
2 3
2 3
2 3
2 3
2 3
2 3
2 3
2 3
2 3
2 3
2 3
2 3
2 3
2 3
2 3
2 3
2 3
2 3
2 3
2 3
2 3
2 3
2 3
2 3
2 3
2 3
2 3
2 3
2 3
2 3
2 3
2 3
2 3
2 3
2 3
2 3
2 3
2 3
2 3
2 3
2 3
2 3
2 3
2 3
2 3
2 3
2 3
2 3
2 3
2 3
2 3
2 3
2 3
2 3
2 3
2 3
2 3
2 3
2 3
2 3
2 3
2 3
2 3
2 3
2 3
2 3
2 3
2 3
2 3
2 3
2 3
2 3
2 3
2 3
2 3
2 3
2 3
2 3
2 3
2 3
2 3
2 3
2 3
2 3
2 3
2 3
2 3
2 3
2 3
2 3
2 3
2 3
2 3
2 3
2 3
2 3
2 3
2 3
2 3
2 3
2 3
2 3
2 3
2 3
2 3
2 3
2 3
2 3
2 3
2 3
2 3
2 3
2 3
2 3
2 3
2 3
2 3
2 3
2 3
2 3
2 3
2 3
2 3
2 3
2 3
2 3
2 3
2 3
2 3
2 3
2 3
2 3
2 3
2 3
2 3
2 3
2 3
2 3
2 3
2 3
2 3
2 3
2 3
2 3
2 3
2 3
2 3
2 3
2 3
2 3
2 3
2 3
2 3
2 3
2 3
2 3
2 3
2 3
2 3
2 3
2 3
2 3
2 3
2 3
2 3
2 3
2 3
2 3
2 3
2 3
2 3
2 3
2 3
2 3
2 3
2 3
2 3
2 3
2 3
2 3
2 3
2 3
2 3
2 3
2 3
2 3
2 3
2 3
2 3
2 3
2 3
2 3
2 3
2 3
2 3
2 3
2 3
2 3
2 3
2 3
2 3
2 3
2 3
2 3
2 3
2 3
2 3
2 3
2 3
2 3
2 3
2 3
2 3
2 3
2 3
2 3
2 3
2 3
2 3
2 3
2 3
2 3
2 3
2 3
2 3
2 3
2 3
2 3
2 3
2 3
2 3
2 3
2 3
2 3
2 3
2 3
2 3
2 3
2 3
2 3
2 3
2 3
2 3
2 3
2 3
2 3
2 3
2 3
2 3
2 3
2 3
2 3
2 3
2 3
2 3
2 3
2 3
2 3
2 3
2 3
2 3
2 3
2 3
2 3
2 3
2 3
2 3
2 3
2 3
2 3
2 3
2 3
2 3
2 3
2 3
2 3
2 3
2 3
2 3
2 3
2 3
2 3
2 3
2 3
2 3
2 3
2 3
2 3
2 3
2 3
2 3
2 3
2 3
2 3
2 3
2 3
2 3
2 3
2 3
2 3
2 3
2 3
2 3
2 3
2 3
2 3
2 3
2 3
2 3
2 3
2 3
2 3
2 3
2 3
2 3
2 3
2 3
2 3
2 3
2 3
2 3
2 3
2 3
2 3
2 3
2 3
2 3
2 3
2 3
2 3
2 3
2 3
2 3
2 3
2 3
2 3
2 3
2 3
2 3
2 3
2 3
2 3
2 3
2 3
2 3
2 3
2 3
2 3
2 3
2 3
2 3
2 3
2 3
2 3
2 3
2 3
2 3
2 3
2 3
2 3
2 3
2 3
2 3
2 3
2 3
2 3
2 3
2 3
2 3
2 3
2 3
2 3
2 3
2 3
2 3
2 3
2 3
2 3
2 3
2 3
2 3
2 3
2 3
2 3
2 3
2 3
2 3
2 3
2 3
2 3
2 3
2 3
2 3
2 3
2 3
2 3
2 3
2 3
2 3
2 3
2 3
2 3
2 3
2 3
2 3
2 3
2 3
2 3
2 3
2 3
2 3
2 3
2 3
2 3
2 3
2 3
2 3
2 3
2 3
2 3
2 3
2 3
2 3
2 3
2 3
2 3
2 3
2 3
2 3
2 3
2 3
2 3
2 3
2 3
2 3
2 3
2 3
2 3
2 3
2 3
2 3
2 3
2 3
2 3
2 3
2 3
2 3
2 3
2 3
2 3
2 3
2 3
2 3
2 3
2 3
2 3
2 3
2 3
2 3
2 3
2 3
2 3
2 3
2 3
2 3
2 3
2 3
2 3
2 3
2 3
2 3
2 3
2 3
2 3
2 3
2 3
2 3
2 3
2 3
2 3
2 3
2 3
2 3
2 3
2 3
2 3
2 3
2 3
2 3
2 3
2 3
2 3
2 3
2 3
2 3
2 3
2 3
2 3
2 3
2 3
2 3
2 3
2 3
2 3
2 3
2 3
2 3
2 3
2 3
2 3
2 3
2 3
2 3
2 3
2 3
2 3
2 3
2 3
2 3
2 3
2 3
2 3
2 3
2 3
2 3
2 3
2 3
2 3
2 3
2 3
2 3
2 3
2 3
2 3
2 3
2 3
2 3
2 3
2 3
2 3
2 3
2 3
2 3
2 3
2 3
2 3
2 3
2 3
2 3
2 3
2 3
2 3
2 3
2 3
2 3
2 3
2 3
2 3
2 3
2 3
2 3
2 3
2 3
2 3
2 3
2 3
2 3
2 3
2 3
2 3
2 3
2 3
2 3
2 3
2 3
2 3
2 3
2 3
2 3
2 3
2 3
2 3
2 3
2 3
2 3
2 3
2 3
2 3
2 3
2 3
2 3
2 3
2 3
2 3
2 3
2 3
2 3
2 3
2 3
2 3
0 901 4 2 -2 4 -2
0 1487 5 2 2 2 2 -2
1 39 3 2 2 2
1 875 9 2 -2 4 -2 2 2 2 4 -2
2 905 4 2 -2 4 -2
2 1354 6 2 2 2 2 -2 2
3 42 3 2 2 2
3 873 9 2 -2 4 -2 2 2 2 4 -2
4 937 4 2 -2 4 -2
4 1032 13 2 2 2 -2 4 -2 2 4 -2 2 2 2 -2
5 939 4 2 -2 4 -2
5 1026 13 2 2 2 -2 4 -2 2 4 -2 2 2 2 -2
6 941 4 2 -2 4 -2
6 1027 13 2 2 2 -2 4 -2 2 4 -2 2 2 2 -2
7 883 15 2 2 2 -2 4 -2 2 4 -2 2 2 2 -2 4 -2
7 942 4 2 -2 4 -2
8 1171 5 2 -2 2 4 -2
8 1238 7 2 2 2 2 -2 4 -2
9 341 13 2 -2 2 4 -2 2 2 -2 4 -2 2 2 2
9 607 11 2 -2 2 4 -2 2 2 -2 4 -2 2
9 807 12 2 -2 2 4 -2 2 2 2 2 2 2 -2
9 913 11 2 -2 2 4 -2 2 2 2 2 2 2
9 1483 5 2 2 2 2 -2
9 1502 11 2 -2 2 4 -2 2 2 2 2 2 -2
10 1169 5 2 -2 2 4 -2
10 1484 5 2 2 2 2 -2
11 926 10 2 -2 2 4 -2 2 2 -2 4 -2
11 1236 7 2 2 2 2 -2 4 -2
12 686 19 2 -2 2 4 -2 2 2 2 2 2 2 2 2 2 4 -2 2 4 -2
12 1205 11 2 -2 2 4 -2 2 2 -2 2 4 -2
12 1485 5 2 2 2 2 -2
13 1168 5 2 -2 2 4 -2
13 1482 5 2 2 2 2 -2
14 1172 5 2 -2 2 4 -2
14 1478 5 2 2 2 2 -2
15 49 3 2 2 2
15 1198 5 2 -2 2 4 -2
16 392 2 2 2
16 1196 5 2 -2 2 4 -2
17 794 6 2 2 2 2 2 -2
17 893 4 2 -2 4 -2
18 389 2 2 2
18 894 4 2 -2 4 -2
19 388 2 2 2
19 855 11 2 -2 4 -2 2 2 2 2 2 2 -2
20 896 4 2 -2 4 -2
20 1192 13 2 2 2 2 2 -2 4 -2 2 2 2 4 -2
21 386 2 2 2
21 898 4 2 -2 4 -2
22 385 2 2 2
22 899 4 2 -2 4 -2
23 796 6 2 2 2 2 2 -2
23 900 4 2 -2 4 -2
24 391 2 2 2
24 892 4 2 -2 4 -2
25 63 3 2 2 2
25 1327 2 2 -2
26 402 2 2 2
26 1160 5 2 -2 2 4 -2
27 399 2 2 2
27 1326 2 2 -2
28 68 3 2 2 2
28 639 15 2 -2 2 4 -2 4 -2 2 4 -2 2 4 -2 4 -2
29 397 2 2 2
29 1332 2 2 -2
30 396 2 2 2
30 789 14 2 -2 4 -2 4 -2 2 4 -2 2 4 -2 4 -2
30 1162 5 2 -2 2 4 -2
31 395 2 2 2
31 1331 2 2 -2
32 61 3 2 2 2
32 1330 2 2 -2
33 394 2 2 2
33 1163 5 2 -2 2 4 -2
34 403 2 2 2
34 1329 2 2 -2
35 811 3 2 2 -2
35 1454 6 2 -2 2 2 2 2
36 809 3 2 2 -2
36 1501 2 2 -2
37 939 9 2 2 -2 4 -2 2 2 4 -2
37 1534 4 2 -2 2 2
38 1347 7 2 2 -2 4 -2 2 2
38 1533 4 2 -2 2 2
39 1528 4 2 -2 2 2
39 1535 14 2 2 2 -2 4 -2 2 4 -2 2 2 -2 4 -2
40 584 9 2 2 2 -2 4 -2 2 4 -2
40 1489 2 2 -2
41 587 9 2 2 2 -2 4 -2 2 4 -2
41 1488 2 2 -2
42 583 9 2 2 2 -2 4 -2 2 4 -2
42 1496 2 2 -2
43 588 9 2 2 2 -2 4 -2 2 4 -2
43 1495 2 2 -2
44 586 9 2 2 2 -2 4 -2 2 4 -2
44 1494 2 2 -2
45 585 9 2 2 2 -2 4 -2 2 4 -2
45 1492 2 2 -2
46 815 3 2 2 -2
46 1317 5 2 -2 2 2 2
47 817 3 2 2 -2
47 1311 5 2 -2 2 2 2
48 814 3 2 2 -2
48 1424 6 2 -2 2 2 2 2
49 816 3 2 2 -2
49 1385 3 2 -2 2
50 1326 7 2 2 -2 4 -2 2 2
50 1386 3 2 -2 2
51 613 10 2 -2 2 4 -2 4 -2 2 4 -2
51 818 3 2 2 -2
52 1159 10 2 2 -2 4 -2 2 2 2 4 -2
52 1383 3 2 -2 2
53 1222 4 2 -2 4 -2
53 1387 3 2 -2 2
53 1508 11 2 2 2 2 2 -2 4 -2 2 2 2
54 836 6 2 2 2 -2 4 -2
54 1291 5 2 -2 2 2 2
55 257 1 2
55 585 22 2 -2 2 2 2 4 -2 2 2 2 4 -2 2 4 -2 2 2 4 -2 2 4 -2
55 673 18 2 -2 2 2 2 2 2 2 2 2 4 -2 2 2 4 -2 4 -2
55 745 24 2 -2 2 2 2 4 -2 2 2 2 4 -2 2 4 -2 2 2 2 -2 4 -2 2 4 -2
55 881 11 2 -2 2 2 2 4 -2 2 2 2 -2
55 987 12 2 -2 2 4 -2 4 -2 4 -2 2 4 -2
55 1223 4 2 -2 4 -2
56 254 1 2
56 1226 4 2 -2 4 -2
56 1289 5 2 -2 2 2 2
57 16 14 2 -2 4 -2 2 2 2 -2 2 4 -2 2 2 2
57 255 1 2
57 289 9 2 -2 4 -2 2 2 2 2 2
57 550 20 2 -2 4 -2 2 2 2 -2 2 4 -2 2 2 2 -2 4 -2 2 4 -2
57 826 7 2 -2 2 4 -2 4 -2
57 985 9 2 -2 4 -2 2 2 2 2 -2
57 1086 10 2 -2 4 -2 2 2 -2 2 4 -2
57 1186 13 2 -2 4 -2 2 2 2 -2 2 4 -2 2 2
57 1439 10 2 -2 4 -2 2 2 -2 2 2 2
58 259 1 2
58 829 7 2 -2 2 4 -2 4 -2
58 1221 4 2 -2 4 -2
58 1393 15 2 -2 2 2 2 4 -2 2 2 2 4 -2 4 -2 2
58 1418 13 2 -2 2 2 2 4 -2 2 2 2 -2 4 -2
58 1512 7 2 -2 2 2 2 2 2
59 246 4 2 2 2 2
59 1362 3 2 -2 2
60 339 2 2 2
60 1364 3 2 -2 2
61 276 1 2
61 1371 3 2 -2 2
62 336 2 2 2
62 999 12 2 -2 2 4 -2 4 -2 4 -2 2 4 -2
63 270 1 2
63 1367 3 2 -2 2
64 274 1 2
64 1374 3 2 -2 2
65 272 1 2
65 801 7 2 -2 2 4 -2 4 -2
66 271 1 2
66 1366 3 2 -2 2
67 275 1 2
67 1373 3 2 -2 2
68 332 2 2 2
68 1363 3 2 -2 2
69 278 1 2
69 1369 3 2 -2 2
70 535 9 2 2 2 -2 4 -2 2 4 -2
70 1205 4 2 -2 4 -2
71 536 9 2 2 2 -2 4 -2 2 4 -2
71 1207 4 2 -2 4 -2
72 534 9 2 2 2 -2 4 -2 2 4 -2
72 1208 4 2 -2 4 -2
73 491 5 2 -2 4 -2 2
73 533 9 2 2 2 -2 4 -2 2 4 -2
74 689 12 2 2 2 -2 2 2 2 4 -2 2 4 -2
74 1151 4 2 -2 4 -2
75 560 9 2 2 2 -2 4 -2 2 4 -2
75 1152 4 2 -2 4 -2
76 559 9 2 2 2 -2 4 -2 2 4 -2
76 966 12 2 -2 4 -2 2 2 -2 4 -2 2 2 2
77 566 9 2 2 2 -2 4 -2 2 4 -2
77 1156 4 2 -2 4 -2
78 430 2 2 2
78 662 14 2 -2 4 -2 4 -2 2 4 -2 2 4 -2 4 -2
79 29 3 2 2 2
79 670 14 2 -2 4 -2 4 -2 2 4 -2 2 4 -2 4 -2
80 427 2 2 2
80 669 14 2 -2 4 -2 4 -2 2 4 -2 2 4 -2 4 -2
81 433 2 2 2
81 666 14 2 -2 4 -2 4 -2 2 4 -2 2 4 -2 4 -2
82 1206 7 2 2 2 2 -2 4 -2
82 1298 2 2 -2
83 196 1 2
83 303 8 2 -2 2 2 4 -2 2 2
83 762 7 2 -2 2 2 4 -2 2
83 1280 7 2 -2 2 2 2 2 2
83 1413 12 2 -2 2 2 4 -2 2 2 -2 2 2 2
84 199 1 2
84 1297 2 2 -2
85 864 3 2 2 -2
85 1294 2 2 -2
86 198 1 2
86 1500 4 2 -2 2 2
87 197 1 2
87 1302 2 2 -2
88 195 1 2
88 1301 2 2 -2
89 1490 7 2 2 -2 4 -2 2 2
89 1497 4 2 -2 2 2
90 200 1 2
90 1299 2 2 -2
91 1187 7 2 2 2 2 -2 4 -2
91 1434 3 2 -2 2
92 179 1 2
92 1437 3 2 -2 2
93 180 1 2
93 1436 3 2 -2 2
94 1313 5 2 2 -2 4 -2
94 1439 3 2 -2 2
95 181 1 2
95 1443 3 2 -2 2
96 1190 7 2 2 2 2 -2 4 -2
96 1438 3 2 -2 2
97 182 1 2
97 1442 3 2 -2 2
98 1317 5 2 2 -2 4 -2
98 1435 3 2 -2 2
99 1216 11 2 2 2 2 2 2 2 -2 2 4 -2
99 1452 3 2 -2 2
100 174 1 2
100 1455 3 2 -2 2
101 178 1 2
101 1461 3 2 -2 2
102 1419 6 2 2 -2 4 -2 2
102 1457 3 2 -2 2
103 175 1 2
103 1054 5 2 -2 2 4 -2
104 176 1 2
104 1453 3 2 -2 2
105 740 11 2 -2 4 -2 2 2 2 -2 2 4 -2
105 1444 3 2 -2 2
105 1516 11 2 -2 4 -2 2 2 2 4 -2 4 -2
106 686 33 2 -2 4 -2 2 2 4 -2 4 -2 2 2 2 -2 2 2 4 -2 4 -2 2 2 2 2 2 2 2 2 4 -2 2 4 -2
106 692 6 2 2 -2 2 4 -2
106 808 14 2 -2 4 -2 2 2 4 -2 4 -2 2 2 4 -2
106 1450 3 2 -2 2
106 1521 11 2 -2 4 -2 2 2 2 4 -2 4 -2
107 807 14 2 -2 4 -2 2 2 4 -2 4 -2 2 2 4 -2
107 1294 11 2 2 -2 2 4 -2 2 2 -2 4 -2
107 1515 11 2 -2 4 -2 2 2 2 4 -2 4 -2
108 691 6 2 2 -2 2 4 -2
108 1448 3 2 -2 2
108 1520 11 2 -2 4 -2 2 2 2 4 -2 4 -2
109 689 6 2 2 -2 2 4 -2
109 1451 3 2 -2 2
110 183 1 2
110 741 11 2 -2 4 -2 2 2 2 -2 2 4 -2
110 939 20 2 -2 4 -2 2 2 4 -2 4 -2 2 2 4 -2 4 -2 2 2 4 -2
110 1149 19 2 -2 4 -2 2 2 4 -2 4 -2 2 2 2 -2 2 2 -2 4 -2
110 1469 9 2 -2 2 4 -2 4 -2 4 -2
110 1517 11 2 -2 4 -2 2 2 2 4 -2 4 -2
111 566 23 2 2 2 2 2 -2 2 4 -2 2 4 -2 4 -2 2 2 2 -2 4 -2 2 4 -2
111 1445 3 2 -2 2
112 184 1 2
112 675 10 2 -2 4 -2 2 2 4 -2 4 -2
112 745 11 2 -2 4 -2 2 2 2 -2 2 4 -2
112 1449 3 2 -2 2
113 33 6 2 2 2 2 2 2
113 1412 3 2 -2 2
114 203 1 2
114 1414 3 2 -2 2
115 209 1 2
115 1419 3 2 -2 2
116 79 3 2 2 2
116 1027 5 2 -2 2 4 -2
117 201 1 2
117 1416 3 2 -2 2
118 207 1 2
118 1422 3 2 -2 2
119 204 1 2
119 1028 5 2 -2 2 4 -2
120 202 1 2
120 1415 3 2 -2 2
121 208 1 2
121 1421 3 2 -2 2
122 205 1 2
122 1413 3 2 -2 2
123 211 1 2
123 1023 5 2 -2 2 4 -2
124 454 2 2 2
124 828 6 2 -2 4 -2 4 -2
124 1510 6 2 -2 2 2 2 2
125 310 1 2
125 1290 4 2 -2 2 2
126 452 2 2 2
126 1389 2 2 -2
127 309 1 2
127 1387 2 2 -2
128 450 2 2 2
128 1390 2 2 -2
129 311 1 2
129 832 6 2 -2 4 -2 4 -2
130 996 4 2 2 2 -2
130 1288 4 2 -2 2 2
131 1270 4 2 -2 2 2
131 1294 14 2 2 2 -2 4 -2 2 4 -2 2 2 -2 4 -2
132 686 9 2 2 2 -2 4 -2 2 4 -2
132 1377 2 2 -2
133 692 9 2 2 2 -2 4 -2 2 4 -2
133 1376 2 2 -2
134 685 9 2 2 2 -2 4 -2 2 4 -2
134 1382 2 2 -2
135 693 9 2 2 2 -2 4 -2 2 4 -2
135 1333 10 2 -2 4 -2 4 -2 4 -2 2 2
136 691 9 2 2 2 -2 4 -2 2 4 -2
136 1381 2 2 -2
137 688 9 2 2 2 -2 4 -2 2 4 -2
137 1379 2 2 -2
138 282 1 2
138 1100 5 2 -2 2 4 -2
138 1459 5 2 -2 2 2 2
139 286 1 2
139 1453 5 2 -2 2 2 2
140 283 1 2
140 1533 3 2 -2 2
141 281 1 2
141 1456 5 2 -2 2 2 2
142 284 1 2
142 1102 5 2 -2 2 4 -2
143 1099 5 2 -2 2 4 -2
143 1146 8 2 2 2 2 -2 2 4 -2
143 1457 5 2 -2 2 2 2
144 243 10 2 -2 2 4 -2 2 2 2 2 2
144 527 13 2 -2 2 4 -2 2 2 2 4 -2 2 4 -2
144 572 9 2 -2 2 4 -2 2 2 2 2
144 602 12 2 -2 2 4 -2 2 2 2 -2 2 4 -2
144 1352 5 2 2 -2 4 -2
144 1513 8 2 -2 2 4 -2 2 2 -2
145 926 7 2 2 -2 4 -2 4 -2
145 1103 5 2 -2 2 4 -2
145 1461 5 2 -2 2 2 2
146 287 1 2
146 1097 5 2 -2 2 4 -2
146 1455 5 2 -2 2 2 2
147 466 2 2 2
147 1538 3 2 -2 2
148 280 1 2
148 1401 5 2 -2 2 2 2
149 145 3 2 2 2
149 1285 4 2 -2 2 2
150 279 1 2
150 551 6 2 -2 2 4 -2 2
150 1142 12 2 -2 2 4 -2 2 2 -2 2 2 4 -2
151 462 2 2 2
151 1539 3 2 -2 2
152 448 2 2 2
152 1535 3 2 -2 2
153 447 2 2 2
153 799 9 2 -2 2 4 -2 2 2 2 -2
153 1440 5 2 -2 2 2 2
154 296 1 2
154 1435 5 2 -2 2 2 2
155 445 2 2 2
155 1536 3 2 -2 2
156 292 1 2
156 1438 5 2 -2 2 2 2
157 294 1 2
157 1443 5 2 -2 2 2 2
158 293 1 2
158 1192 16 2 -2 2 4 -2 2 2 2 -2 4 -2 2 2 2 4 -2
159 295 1 2
159 1090 5 2 -2 2 4 -2
160 441 2 2 2
160 1087 5 2 -2 2 4 -2
160 1391 7 2 -2 2 2 2 2 2
161 298 1 2
161 1537 3 2 -2 2
162 477 2 2 2
162 1356 2 2 -2
163 316 1 2
163 1526 3 2 -2 2
164 322 1 2
164 1355 2 2 -2
165 319 1 2
165 837 6 2 -2 4 -2 4 -2
166 473 2 2 2
166 1354 2 2 -2
167 314 1 2
167 1353 2 2 -2
168 320 1 2
168 1361 2 2 -2
169 317 1 2
169 1360 2 2 -2
170 315 1 2
170 1359 2 2 -2
171 321 1 2
171 841 6 2 -2 4 -2 4 -2
171 1095 5 2 -2 2 4 -2
171 1261 4 2 -2 2 2
172 318 1 2
172 1525 3 2 -2 2
173 324 1 2
173 1357 2 2 -2
174 1337 7 2 2 2 2 2 2 -2
174 1412 5 2 -2 4 -2 2
175 920 9 2 2 2 2 2 2 -2 4 -2
175 1023 7 2 -2 4 -2 2 4 -2
176 1335 7 2 2 2 2 2 2 -2
176 1479 6 2 -2 4 -2 2 2
177 1339 7 2 2 2 2 2 2 -2
177 1421 5 2 -2 4 -2 2
178 1338 7 2 2 2 2 2 2 -2
178 1422 5 2 -2 4 -2 2
179 1189 6 2 2 2 -2 4 -2
179 1315 4 2 -2 4 -2
180 1188 6 2 2 2 -2 4 -2
180 1432 5 2 -2 4 -2 2
181 999 16 2 -2 4 -2 2 2 2 4 -2 4 -2 4 -2 2 4 -2
181 1185 6 2 2 2 -2 4 -2
182 1184 6 2 2 2 -2 4 -2
182 1319 4 2 -2 4 -2
183 660 13 2 2 2 2 -2 2 4 -2 2 4 -2 4 -2
183 688 5 2 -2 2 4 -2
184 685 5 2 -2 2 4 -2
184 686 31 2 2 2 2 -2 2 4 -2 2 4 -2 4 -2 2 4 -2 4 -2 2 2 2 2 2 2 2 2 4 -2 2 4 -2
185 858 2 2 -2
185 919 6 2 2 2 2 2 -2
186 215 3 2 2 2
186 1269 4 2 -2 4 -2
187 410 4 2 2 2 2
187 857 2 2 -2
188 862 2 2 -2
188 924 6 2 2 2 2 2 -2
189 7 5 2 2 2 2 2
189 861 2 2 -2
190 412 4 2 2 2 2
190 713 11 2 -2 2 4 -2 2 2 -2 2 4 -2
190 1013 7 2 -2 2 4 -2 2 2
190 1153 12 2 -2 2 4 -2 2 2 2 2 -2 4 -2
191 686 14 2 2 2 2 2 -2 2 2 2 4 -2 2 4 -2
191 714 5 2 -2 2 4 -2
192 76 2 2 2
192 712 5 2 -2 2 4 -2
193 75 2 2 2
193 710 5 2 -2 2 4 -2
194 5 11 2 -2 2 4 -2 2 2 2 2 2 2
194 74 2 2 2
194 488 13 2 -2 2 4 -2 2 2 2 2 4 -2 4 -2
194 863 8 2 -2 2 4 -2 2 2 -2
194 1178 10 2 -2 2 4 -2 2 2 2 2 2
195 742 12 2 -2 2 4 -2 2 2 4 -2 2 4 -2
195 1209 6 2 2 2 -2 4 -2
196 72 2 2 2
196 1452 5 2 -2 4 -2 2
197 531 11 2 2 2 2 2 -2 4 -2 2 4 -2
197 1459 5 2 -2 4 -2 2
198 1204 6 2 2 2 -2 4 -2
198 1488 6 2 -2 4 -2 2 2
199 866 2 2 -2
199 911 20 2 2 2 2 2 -2 4 -2 2 4 -2 2 2 -2 4 -2 2 2 4 -2
200 73 2 2 2
200 865 2 2 -2
201 425 4 2 2 2 2
201 845 2 2 -2
202 426 4 2 2 2 2
202 679 5 2 -2 2 4 -2
203 80 2 2 2
203 1306 4 2 -2 4 -2
204 428 4 2 2 2 2
204 844 2 2 -2
205 429 4 2 2 2 2
205 1308 4 2 -2 4 -2
206 78 2 2 2
206 849 2 2 -2
207 27 5 2 2 2 2 2
207 681 5 2 -2 2 4 -2
208 431 4 2 2 2 2
208 848 2 2 -2
209 31 5 2 2 2 2 2
209 683 5 2 -2 2 4 -2
210 432 4 2 2 2 2
210 855 8 2 -2 2 4 -2 2 2 -2
211 81 2 2 2
211 847 2 2 -2
212 638 10 2 -2 2 4 -2 2 4 -2 4 -2
212 1243 9 2 2 2 2 2 2 -2 4 -2
213 414 1 2
213 642 10 2 -2 2 4 -2 2 4 -2 4 -2
214 415 1 2
214 641 10 2 -2 2 4 -2 2 4 -2 4 -2
215 491 21 2 2 2 2 2 -2 4 -2 2 4 -2 2 2 2 -2 2 2 4 -2 4 -2
215 669 22 2 -2 2 4 -2 2 4 -2 4 -2 2 2 4 -2 2 4 -2 2 4 -2 4 -2
216 409 1 2
216 666 22 2 -2 2 4 -2 2 4 -2 4 -2 2 2 4 -2 2 4 -2 2 4 -2 4 -2
217 411 1 2
217 657 21 2 -2 2 4 -2 2 4 -2 4 -2 2 2 -2 2 4 -2 2 4 -2 4 -2
218 98 2 2 2
218 1255 9 2 -2 4 -2 2 2 2 4 -2
219 373 1 2
219 1258 9 2 -2 4 -2 2 2 2 4 -2
220 95 2 2 2
220 1271 5 2 -2 4 -2 2
221 370 1 2
221 1268 5 2 -2 4 -2 2
222 372 1 2
222 1358 12 2 -2 4 -2 2 2 2 4 -2 2 2 -2
223 1074 7 2 2 2 -2 2 4 -2
223 1540 4 2 -2 4 -2
224 1266 4 2 2 2 -2
224 1542 4 2 -2 4 -2
225 1267 4 2 2 2 -2
225 1285 5 2 -2 4 -2 2
226 1460 11 2 2 2 -2 2 4 -2 4 -2 4 -2
226 1543 4 2 -2 4 -2
227 1261 4 2 2 2 -2
227 1401 6 2 -2 4 -2 2 2
228 1262 4 2 2 2 -2
228 1544 4 2 -2 4 -2
229 1071 7 2 2 2 -2 2 4 -2
229 1545 4 2 -2 4 -2
230 1264 4 2 2 2 -2
230 1539 4 2 -2 4 -2
231 89 2 2 2
231 1093 6 2 -2 4 -2 4 -2
232 367 1 2
232 1527 4 2 -2 4 -2
233 365 1 2
233 1266 5 2 -2 4 -2 2
234 86 2 2 2
234 1528 4 2 -2 4 -2
235 362 1 2
235 1529 4 2 -2 4 -2
236 363 1 2
236 1530 4 2 -2 4 -2
237 366 1 2
237 1531 4 2 -2 4 -2
238 369 1 2
238 1525 4 2 -2 4 -2
239 999 17 2 -2 4 -2 2 2 2 2 4 -2 4 -2 4 -2 2 4 -2
239 1401 5 2 2 2 -2 2
240 359 1 2
240 1428 6 2 -2 4 -2 2 2
241 1118 3 2 2 -2
241 1426 6 2 -2 4 -2 2 2
242 357 1 2
242 1424 6 2 -2 4 -2 2 2
243 356 1 2
243 1315 5 2 -2 4 -2 2
244 1120 3 2 2 -2
244 1433 6 2 -2 4 -2 2 2
245 361 1 2
245 1313 5 2 -2 4 -2 2
246 122 2 2 2
246 1142 6 2 -2 4 -2 4 -2
247 120 2 2 2
247 1140 6 2 -2 4 -2 4 -2
248 118 2 2 2
248 1139 6 2 -2 4 -2 4 -2
249 375 1 2
249 1138 6 2 -2 4 -2 4 -2
250 116 2 2 2
250 1148 6 2 -2 4 -2 4 -2
251 376 1 2
251 1147 6 2 -2 4 -2 4 -2
252 381 1 2
252 1365 10 2 -2 4 -2 4 -2 2 2 -2 2
253 383 1 2
253 1144 6 2 -2 4 -2 4 -2
254 586 5 2 -2 2 4 -2
254 1511 10 2 2 2 2 -2 4 -2 2 2 2
255 328 1 2
255 585 5 2 -2 2 4 -2
256 584 5 2 -2 2 4 -2
256 1514 10 2 2 2 2 -2 4 -2 2 2 2
257 330 1 2
257 587 5 2 -2 2 4 -2
258 177 9 2 -2 2 4 -2 2 2 2 2
258 911 11 2 2 -2 4 -2 4 -2 2 2 4 -2
258 995 7 2 -2 2 4 -2 2 2
258 1092 9 2 -2 2 4 -2 2 2 2 -2
258 1435 12 2 -2 2 4 -2 2 2 -2 4 -2 2 2
259 331 1 2
259 583 5 2 -2 2 4 -2
260 241 3 2 2 2
260 605 5 2 -2 2 4 -2
261 242 3 2 2 2
261 800 2 2 -2
262 358 4 2 2 2 2
262 947 8 2 -2 4 -2 2 2 4 -2
263 244 3 2 2 2
263 804 2 2 -2
264 240 3 2 2 2
264 803 2 2 -2
265 347 4 2 2 2 2
265 615 5 2 -2 2 4 -2
266 325 1 2
266 612 5 2 -2 2 4 -2
267 352 4 2 2 2 2
267 610 5 2 -2 2 4 -2
268 327 1 2
268 616 5 2 -2 2 4 -2
269 354 4 2 2 2 2
269 614 5 2 -2 2 4 -2
270 249 3 2 2 2
270 578 5 2 -2 2 4 -2
271 333 1 2
271 576 5 2 -2 2 4 -2
272 378 4 2 2 2 2
272 577 5 2 -2 2 4 -2
273 337 1 2
273 579 5 2 -2 2 4 -2
274 334 1 2
274 1281 11 2 -2 2 4 -2 2 2 4 -2 4 -2
275 252 3 2 2 2
275 1514 13 2 -2 2 4 -2 2 2 -2 4 -2 2 2 2
276 338 1 2
276 580 5 2 -2 2 4 -2
277 335 1 2
277 1509 13 2 -2 2 4 -2 2 2 -2 4 -2 2 2 2
278 340 1 2
278 875 9 2 -2 2 4 -2 2 2 4 -2
279 463 1 2
279 1329 4 2 -2 4 -2
280 465 1 2
280 1332 4 2 -2 4 -2
281 929 6 2 -2 4 -2 4 -2
281 1144 7 2 2 2 -2 2 4 -2
282 1140 7 2 2 2 -2 2 4 -2
282 1350 4 2 -2 4 -2
283 1143 7 2 2 2 -2 2 4 -2
283 1192 21 2 -2 4 -2 4 -2 4 -2 2 4 -2 2 2 -2 4 -2 2 2 2 4 -2
283 1208 7 2 -2 4 -2 2 4 -2
284 927 6 2 -2 4 -2 4 -2
284 1201 7 2 -2 4 -2 2 4 -2
284 1365 11 2 2 2 -2 2 4 -2 2 2 -2 2
285 1142 7 2 2 2 -2 2 4 -2
285 1351 4 2 -2 4 -2
286 529 11 2 -2 4 -2 4 -2 4 -2 2 4 -2
286 1141 7 2 2 2 -2 2 4 -2
287 1138 7 2 2 2 -2 2 4 -2
287 1349 4 2 -2 4 -2
288 665 5 2 -2 2 4 -2
288 1167 7 2 -2 4 -2 2 4 -2
289 663 5 2 -2 2 4 -2
289 1168 7 2 -2 4 -2 2 4 -2
290 669 5 2 -2 2 4 -2
290 926 12 2 -2 4 -2 2 4 -2 2 2 -2 4 -2
291 662 5 2 -2 2 4 -2
291 1169 7 2 -2 4 -2 2 4 -2
292 551 14 2 -2 2 4 -2 2 2 2 -2 4 -2 2 4 -2
292 650 16 2 -2 2 4 -2 2 2 -2 2 4 -2 2 4 -2 4 -2
292 674 17 2 -2 2 4 -2 2 2 2 2 2 2 -2 4 -2 2 4 -2
292 1011 19 2 -2 2 4 -2 2 2 2 2 2 2 2 2 -2 4 -2 2 4 -2
292 1131 10 2 -2 2 4 -2 2 2 2 2 2
293 443 1 2
293 1185 7 2 -2 2 4 -2 2 2
293 1197 13 2 -2 2 4 -2 2 2 2 2 -2 2 4 -2
294 15 8 2 -2 2 4 -2 2 2 2
294 444 1 2
294 654 16 2 -2 2 4 -2 2 2 -2 2 4 -2 2 4 -2 4 -2
294 1184 7 2 -2 2 4 -2 2 2
295 442 1 2
295 545 14 2 -2 2 4 -2 2 2 2 -2 4 -2 2 4 -2
295 1136 10 2 -2 2 4 -2 2 2 2 2 2
295 1194 13 2 -2 2 4 -2 2 2 2 2 -2 2 4 -2
295 1384 14 2 -2 2 4 -2 2 2 2 2 2 2 2 -2 2
296 393 10 2 -2 2 4 -2 2 2 2 2 2
296 446 1 2
296 655 16 2 -2 2 4 -2 2 2 -2 2 4 -2 2 4 -2 4 -2
296 1181 7 2 -2 2 4 -2 2 2
297 48 11 2 -2 2 4 -2 2 2 2 2 2 2
297 544 14 2 -2 2 4 -2 2 2 2 -2 4 -2 2 4 -2
297 656 16 2 -2 2 4 -2 2 2 -2 2 4 -2 2 4 -2 4 -2
297 1183 7 2 -2 2 4 -2 2 2
297 1294 7 2 2 -2 4 -2 4 -2
298 52 11 2 -2 2 4 -2 2 2 2 2 2 2
298 449 1 2
298 1189 7 2 -2 2 4 -2 2 2
299 130 2 2 2
299 648 5 2 -2 2 4 -2
300 459 1 2
300 1342 4 2 -2 4 -2
301 128 2 2 2
301 646 5 2 -2 2 4 -2
301 1343 4 2 -2 4 -2
302 457 1 2
302 645 5 2 -2 2 4 -2
302 1345 4 2 -2 4 -2
303 460 1 2
303 649 5 2 -2 2 4 -2
304 458 1 2
304 484 10 2 -2 2 4 -2 2 4 -2 4 -2
304 614 13 2 -2 2 4 -2 2 2 2 2 4 -2 4 -2
304 664 25 2 -2 2 4 -2 2 2 2 2 2 2 -2 4 -2 4 -2 4 -2 2 2 2 -2 2 4 -2
304 792 14 2 -2 2 4 -2 2 2 2 2 2 2 2 2 -2
304 895 12 2 -2 2 4 -2 2 2 2 2 -2 4 -2
304 927 9 2 -2 2 4 -2 2 2 2 -2
304 1088 10 2 -2 2 4 -2 2 2 2 2 2
305 160 2 2 2
305 654 5 2 -2 2 4 -2
306 435 1 2
306 651 5 2 -2 2 4 -2
307 439 1 2
307 655 5 2 -2 2 4 -2
308 41 11 2 -2 2 4 -2 2 2 2 2 2 2
308 437 1 2
308 643 16 2 -2 2 4 -2 2 2 -2 2 4 -2 2 4 -2 4 -2
308 892 9 2 -2 2 4 -2 2 2 2 -2
308 903 12 2 -2 2 4 -2 2 2 2 2 -2 4 -2
308 1111 10 2 -2 2 4 -2 2 2 2 2 2
309 536 14 2 -2 2 4 -2 2 2 2 -2 4 -2 2 4 -2
309 673 14 2 2 2 -2 2 2 4 -2 2 2 4 -2 4 -2
310 453 1 2
310 1198 7 2 -2 4 -2 2 4 -2
311 134 2 2 2
311 1191 7 2 -2 4 -2 2 4 -2
312 451 1 2
312 531 14 2 -2 2 4 -2 2 2 2 -2 4 -2 2 4 -2
313 455 1 2
313 1195 7 2 -2 4 -2 2 4 -2
314 172 2 2 2
314 657 16 2 -2 2 4 -2 2 2 -2 2 4 -2 2 4 -2 4 -2
314 948 6 2 -2 4 -2 4 -2
315 469 1 2
315 662 17 2 -2 2 4 -2 2 2 4 -2 2 4 -2 2 4 -2 4 -2
316 476 1 2
316 946 6 2 -2 4 -2 4 -2
317 470 1 2
317 945 6 2 -2 4 -2 4 -2
318 467 1 2
318 944 6 2 -2 4 -2 4 -2
319 474 1 2
319 665 17 2 -2 2 4 -2 2 2 4 -2 2 4 -2 2 4 -2 4 -2
319 953 6 2 -2 4 -2 4 -2
320 471 1 2
320 566 25 2 -2 2 4 -2 2 2 -2 2 4 -2 2 4 -2 4 -2 2 2 2 -2 4 -2 2 4 -2
321 468 1 2
321 952 6 2 -2 4 -2 4 -2
322 475 1 2
322 666 17 2 -2 2 4 -2 2 2 4 -2 2 4 -2 2 4 -2 4 -2
323 472 1 2
323 660 16 2 -2 2 4 -2 2 2 -2 2 4 -2 2 4 -2 4 -2
324 478 1 2
324 669 17 2 -2 2 4 -2 2 2 4 -2 2 4 -2 2 4 -2 4 -2
324 950 6 2 -2 4 -2 4 -2
325 350 3 2 2 2
325 581 7 2 -2 4 -2 2 4 -2
326 580 7 2 -2 4 -2 2 4 -2
326 855 7 2 2 2 2 2 2 -2
327 353 3 2 2 2
327 1514 15 2 -2 4 -2 2 4 -2 2 2 -2 4 -2 2 2 2
328 625 7 2 -2 4 -2 2 4 -2
328 1509 9 2 2 2 -2 4 -2 2 2 2
329 833 4 2 -2 4 -2
329 1291 7 2 2 2 -2 4 -2 2
330 834 4 2 -2 4 -2
330 1287 7 2 2 2 -2 4 -2 2
331 622 7 2 -2 4 -2 2 4 -2
331 1288 7 2 2 2 -2 4 -2 2
332 379 3 2 2 2
332 827 4 2 -2 4 -2
333 251 2 2 2
333 828 4 2 -2 4 -2
334 250 2 2 2
334 986 9 2 -2 4 -2 4 -2 2 4 -2
335 382 3 2 2 2
335 829 4 2 -2 4 -2
336 248 2 2 2
336 830 4 2 -2 4 -2
337 380 3 2 2 2
337 987 9 2 -2 4 -2 4 -2 2 4 -2
338 247 2 2 2
338 831 4 2 -2 4 -2
339 377 3 2 2 2
339 990 9 2 -2 4 -2 4 -2 2 4 -2
340 253 2 2 2
340 825 4 2 -2 4 -2
341 690 7 2 2 2 -2 2 4 -2
341 1125 2 2 -2
342 106 1 2
342 1124 2 2 -2
343 105 1 2
343 1121 2 2 -2
344 110 1 2
344 1128 2 2 -2
345 1127 2 2 -2
345 1314 8 2 2 -2 2 2 2 2 2
346 108 1 2
346 349 8 2 -2 2 2 2 2 2 2
346 579 12 2 -2 2 2 2 2 -2 4 -2 2 4 -2
346 734 8 2 -2 2 2 4 -2 4 -2
346 898 5 2 -2 2 2 2
346 1139 9 2 -2 2 2 -2 2 2 4 -2
347 729 7 2 2 2 -2 2 4 -2
347 1108 2 2 -2
348 853 4 2 2 2 -2
348 1107 2 2 -2
349 854 4 2 2 2 -2
349 1106 2 2 -2
350 856 4 2 2 2 -2
350 1105 2 2 -2
351 850 4 2 2 2 -2
351 1113 2 2 -2
352 1434 7 2 2 2 -2 4 -2 2
352 1487 5 2 -2 2 2 -2
353 726 7 2 2 2 -2 2 4 -2
353 1493 5 2 -2 2 2 -2
354 851 4 2 2 2 -2
354 1112 2 2 -2
355 852 4 2 2 2 -2
355 1110 2 2 -2
356 1117 2 2 -2
356 1279 3 2 2 -2
357 1115 2 2 -2
357 1278 3 2 2 -2
358 1114 2 2 -2
358 1281 3 2 2 -2
359 1285 3 2 2 -2
359 1393 6 2 -2 2 2 -2 2
360 821 6 2 -2 2 2 2 -2
360 941 5 2 -2 2 2 2
360 1265 11 2 -2 2 2 2 2 2 2 2 2 -2
360 1276 3 2 2 -2
360 1392 6 2 -2 2 2 -2 2
360 1524 17 2 -2 2 2 2 2 -2 4 -2 2 4 -2 2 2 -2 4 -2
361 1119 2 2 -2
361 1282 3 2 2 -2
362 1081 2 2 -2
362 1202 8 2 2 2 2 2 -2 4 -2
363 84 1 2
363 766 8 2 -2 2 2 4 -2 4 -2
363 905 5 2 -2 2 2 2
363 1224 7 2 -2 2 2 -2 4 -2
363 1292 12 2 -2 2 2 2 2 2 2 -2 4 -2 2
363 1535 14 2 -2 2 2 2 -2 2 4 -2 2 2 -2 4 -2
364 82 1 2
364 1079 2 2 -2
365 87 1 2
365 1085 2 2 -2
366 83 1 2
366 1084 2 2 -2
367 88 1 2
367 1220 7 2 -2 2 2 -2 4 -2
367 1290 8 2 -2 2 2 -2 2 2 2
368 85 1 2
368 1083 2 2 -2
369 90 1 2
369 1082 2 2 -2
370 1101 2 2 -2
370 1182 8 2 2 2 2 2 -2 4 -2
371 91 1 2
371 1097 2 2 -2
372 92 1 2
372 1104 2 2 -2
373 96 1 2
373 1512 5 2 -2 2 2 -2
374 94 1 2
374 985 8 2 -2 2 2 2 2 2 2
374 999 11 2 -2 2 2 2 -2 4 -2 2 4 -2
374 1116 10 2 -2 2 2 2 2 2 2 2 -2
374 1271 8 2 -2 2 2 -2 2 2 2
374 1284 11 2 -2 2 2 2 2 2 2 2 2 -2
375 210 2 2 2
375 538 10 2 -2 2 2 2 4 -2 2 4 -2
376 115 1 2
376 799 6 2 -2 2 2 2 -2
377 121 1 2
377 1086 2 2 -2
378 206 2 2 2
378 796 6 2 -2 2 2 2 -2
379 113 1 2
379 633 9 2 -2 2 2 2 -2 2 4 -2
380 119 1 2
380 1091 2 2 -2
381 114 1 2
381 794 6 2 -2 2 2 2 -2
382 117 1 2
382 1089 2 2 -2
383 123 1 2
383 1087 2 2 -2
384 633 7 2 2 2 -2 2 4 -2
384 1503 6 2 -2 4 -2 4 -2
385 797 4 2 2 2 -2
385 1035 11 2 -2 4 -2 2 4 -2 2 2 2 -2
385 1454 10 2 -2 4 -2 4 -2 2 2 2 2
386 678 7 2 -2 4 -2 2 4 -2
386 798 4 2 2 2 -2
387 676 7 2 -2 4 -2 2 4 -2
387 799 4 2 2 2 -2
387 1502 6 2 -2 4 -2 4 -2
388 677 7 2 -2 4 -2 2 4 -2
388 791 4 2 2 2 -2
388 1534 8 2 -2 4 -2 4 -2 2 2
389 793 4 2 2 2 -2
389 1042 11 2 -2 4 -2 2 4 -2 2 2 2 -2
389 1506 6 2 -2 4 -2 4 -2
390 630 7 2 2 2 -2 2 4 -2
390 1505 6 2 -2 4 -2 4 -2
391 795 4 2 2 2 -2
391 826 11 2 -2 4 -2 2 4 -2 2 2 4 -2
391 1504 6 2 -2 4 -2 4 -2
392 50 1 2
392 846 18 2 -2 4 -2 2 4 -2 2 2 4 -2 4 -2 2 4 -2 4 -2
392 942 17 2 -2 4 -2 2 4 -2 2 2 4 -2 4 -2 2 2 4 -2
392 1014 11 2 -2 4 -2 2 4 -2 2 2 2 -2
393 46 1 2
393 1016 11 2 -2 4 -2 2 4 -2 2 2 2 -2
394 277 2 2 2
394 1518 6 2 -2 4 -2 4 -2
395 67 1 2
395 1517 6 2 -2 4 -2 4 -2
396 64 1 2
396 673 21 2 -2 4 -2 4 -2 4 -2 2 2 -2 2 2 4 -2 2 2 4 -2 4 -2
397 273 2 2 2
397 1516 6 2 -2 4 -2 4 -2
398 59 1 2
398 1515 6 2 -2 4 -2 4 -2
399 65 1 2
399 1523 6 2 -2 4 -2 4 -2
400 62 1 2
400 1522 6 2 -2 4 -2 4 -2
401 60 1 2
401 1521 6 2 -2 4 -2 4 -2
402 66 1 2
402 835 11 2 -2 4 -2 4 -2 2 4 -2 4 -2
402 1109 10 2 -2 4 -2 4 -2 2 2 4 -2
402 1232 8 2 -2 4 -2 4 -2 4 -2
403 69 1 2
403 1520 6 2 -2 4 -2 4 -2
404 18 1 2
404 657 20 2 -2 2 2 2 2 2 2 2 2 2 -2 2 4 -2 2 4 -2 4 -2
404 718 6 2 -2 2 2 2 2
404 742 17 2 -2 2 2 2 2 2 -2 4 -2 2 2 2 -2 2 4 -2
404 1446 9 2 -2 2 2 2 2 2 -2 2
405 387 3 2 2 2
405 1192 17 2 -2 4 -2 2 4 -2 2 2 -2 4 -2 2 2 2 4 -2
406 17 1 2
406 926 2 2 -2
407 390 3 2 2 2
407 932 2 2 -2
408 20 1 2
408 674 16 2 -2 2 2 2 2 2 -2 4 -2 2 2 4 -2 4 -2
408 687 12 2 -2 2 2 2 2 2 2 -2 2 4 -2
408 744 17 2 -2 2 2 2 2 2 -2 4 -2 2 2 2 -2 2 4 -2
408 1018 8 2 -2 2 2 2 2 2 2
408 1141 14 2 -2 2 2 2 2 -2 2 2 -2 2 2 4 -2
408 1447 9 2 -2 2 2 2 2 2 -2 2
408 1519 17 2 -2 2 2 2 2 2 -2 4 -2 2 2 2 4 -2 4 -2
409 4 1 2
409 918 2 2 -2
410 916 2 2 -2
410 938 5 2 2 -2 4 -2
411 915 2 2 -2
411 936 5 2 2 -2 4 -2
412 923 2 2 -2
412 1346 3 2 2 -2
413 894 2 2 -2
413 1491 6 2 2 2 2 2 -2
414 1 1 2
414 679 6 2 -2 2 2 2 2
414 1324 9 2 -2 2 2 2 4 -2 4 -2
414 1441 12 2 -2 2 2 2 2 2 2 -2 4 -2 2
415 0 1 2
415 966 5 2 -2 2 2 2
416 3 1 2
416 900 2 2 -2
417 44 4 2 2 2 2
417 899 2 2 -2
418 2 1 2
418 897 2 2 -2
419 368 5 2 -2 2 2 2
419 608 3 2 -2 2
419 1480 6 2 2 2 2 2 -2
420 11 1 2
420 558 7 2 -2 4 -2 2 4 -2
421 8 1 2
421 364 5 2 -2 2 2 2
421 613 3 2 -2 2
422 9 1 2
422 911 2 2 -2
423 13 1 2
423 556 7 2 -2 4 -2 2 4 -2
424 232 4 2 -2 2 2
424 609 3 2 -2 2
424 813 11 2 2 2 2 2 -2 2 4 -2 4 -2
425 398 3 2 2 2
425 875 7 2 -2 2 2 2 4 -2
426 401 3 2 2 2
426 902 2 2 -2
427 32 1 2
427 901 2 2 -2
428 400 3 2 2 2
428 1514 11 2 -2 2 2 2 -2 4 -2 2 2 2
429 25 1 2
429 1281 9 2 -2 2 2 2 4 -2 4 -2
430 30 1 2
430 908 2 2 -2
431 26 1 2
431 907 2 2 -2
432 28 1 2
432 906 2 2 -2
433 34 1 2
433 904 2 2 -2
434 297 2 2 2
434 1004 2 2 -2
435 154 1 2
435 672 13 2 -2 2 2 -2 4 -2 2 2 4 -2 4 -2
435 914 10 2 -2 2 2 2 2 2 2 2 -2
435 1154 10 2 -2 2 2 2 2 2 -2 4 -2
435 1258 18 2 -2 2 2 2 -2 2 4 -2 2 2 -2 4 -2 2 2 4 -2
436 157 1 2
436 846 4 2 -2 4 -2
437 152 1 2
437 1002 2 2 -2
438 158 1 2
438 661 6 2 -2 2 2 2 2
438 683 7 2 -2 4 -2 2 4 -2
438 709 9 2 -2 2 2 2 -2 2 4 -2
438 913 10 2 -2 2 2 2 2 2 2 2 -2
438 1150 10 2 -2 2 2 2 2 2 -2 4 -2
438 1270 5 2 -2 2 2 -2
439 153 1 2
439 1005 2 2 -2
440 156 1 2
440 688 27 2 -2 2 2 2 2 2 4 -2 4 -2 2 2 2 2 2 -2 2 4 -2 2 2 4 -2 2 4 -2
440 912 16 2 -2 2 2 2 2 2 4 -2 4 -2 2 2 2 2 2
440 912 10 2 -2 2 2 2 2 2 2 2 -2
440 1157 10 2 -2 2 2 2 2 2 -2 4 -2
440 1268 5 2 -2 2 2 -2
440 1294 33 2 -2 2 2 2 2 2 4 -2 4 -2 2 2 2 2 4 -2 4 -2 2 2 2 -2 4 -2 2 4 -2 2 2 -2 4 -2
440 1506 16 2 -2 2 2 2 2 2 4 -2 4 -2 2 2 2 2 -2
441 667 7 2 2 2 -2 2 4 -2
441 986 2 2 -2
442 290 2 2 2
442 1278 5 2 -2 2 2 -2
443 666 7 2 2 2 -2 2 4 -2
443 869 4 2 -2 4 -2
444 984 2 2 -2
444 1172 9 2 2 2 -2 4 -2 2 4 -2
445 288 2 2 2
445 992 2 2 -2
446 991 2 2 -2
446 1171 9 2 2 2 -2 4 -2 2 4 -2
447 664 7 2 2 2 -2 2 4 -2
447 989 2 2 -2
448 668 7 2 2 2 -2 2 4 -2
448 743 10 2 -2 2 2 2 4 -2 2 4 -2
449 291 2 2 2
449 988 2 2 -2
450 820 7 2 2 -2 4 -2 4 -2
450 994 2 2 -2
451 993 2 2 -2
451 1378 3 2 2 -2
452 131 1 2
452 1001 2 2 -2
453 136 1 2
453 1490 7 2 -2 2 2 -2 2 2
454 1000 2 2 -2
454 1375 3 2 2 -2
455 137 1 2
455 998 2 2 -2
456 312 2 2 2
456 957 2 2 -2
457 126 1 2
457 956 2 2 -2
458 124 1 2
458 954 2 2 -2
459 129 1 2
459 961 2 2 -2
460 125 1 2
460 960 2 2 -2
461 127 1 2
461 959 2 2 -2
462 981 2 2 -2
462 1145 9 2 2 2 2 2 -2 2 4 -2
463 716 7 2 -2 4 -2 2 4 -2
463 1534 4 2 2 -2 2
464 979 2 2 -2
464 1532 4 2 2 -2 2
465 138 1 2
465 983 2 2 -2
466 141 1 2
466 917 10 2 -2 2 2 2 2 2 2 2 -2
466 1050 11 2 -2 2 2 2 -2 4 -2 2 4 -2
466 1348 11 2 -2 2 2 2 2 2 2 2 2 -2
466 1376 11 2 -2 2 2 2 4 -2 4 -2 2 2
466 1426 6 2 -2 2 2 -2 2
466 1514 24 2 -2 2 2 2 2 2 4 -2 4 -2 2 4 -2 4 -2 2 2 -2 4 -2 2 2 2
467 323 2 2 2
467 966 2 2 -2
468 164 1 2
468 965 2 2 -2
469 171 1 2
469 964 2 2 -2
470 168 1 2
470 837 18 2 -2 4 -2 4 -2 4 -2 2 2 4 -2 4 -2 2 2 4 -2
471 165 1 2
471 963 2 2 -2
472 162 1 2
472 962 2 2 -2
473 169 1 2
473 970 2 2 -2
474 166 1 2
474 843 18 2 -2 4 -2 4 -2 4 -2 2 2 4 -2 4 -2 2 2 4 -2
474 883 22 2 -2 4 -2 4 -2 4 -2 2 2 2 4 -2 2 4 -2 2 2 2 -2 4 -2
474 1448 13 2 -2 4 -2 4 -2 2 4 -2 4 -2 4 -2
475 163 1 2
475 969 2 2 -2
476 170 1 2
476 841 18 2 -2 4 -2 4 -2 4 -2 2 2 4 -2 4 -2 2 2 4 -2
476 1026 20 2 -2 4 -2 4 -2 4 -2 2 2 2 4 -2 2 4 -2 2 2 2 -2
476 1475 7 2 -2 4 -2 4 -2 2
477 167 1 2
477 968 2 2 -2
478 173 1 2
478 967 2 2 -2
479 44 3 2 2 2
479 534 10 2 2 2 2 2 4 -2 2 4 -2
479 586 12 2 2 2 2 2 2 -2 4 -2 2 4 -2
479 1171 16 2 2 2 2 4 -2 4 -2 2 2 -2 4 -2 2 4 -2
480 39 3 2 2 2
480 685 12 2 4 -2 4 -2 2 2 4 -2 2 4 -2
480 1112 2 2 2
481 686 12 2 4 -2 4 -2 2 2 4 -2 2 4 -2
481 1109 2 2 2
481 1354 6 2 2 2 2 -2 2
482 1108 2 2 2
482 1491 5 2 2 2 2 -2
483 687 12 2 4 -2 4 -2 2 2 4 -2 2 4 -2
483 1107 2 2 2
483 1243 7 2 2 2 2 -2 4 -2
484 42 3 2 2 2
484 288 9 2 2 2 2 4 -2 4 -2 2
484 583 12 2 2 2 2 2 2 -2 4 -2 2 4 -2
485 40 3 2 2 2
485 1105 2 2 2
486 45 3 2 2 2
486 692 12 2 4 -2 4 -2 2 2 4 -2 2 4 -2
486 1113 2 2 2
487 580 5 2 4 -2 4 -2
487 1032 13 2 2 2 -2 4 -2 2 4 -2 2 2 2 -2
488 491 19 2 2 2 -2 4 -2 2 4 -2 2 2 2 -2 2 2 4 -2 4 -2
488 578 5 2 4 -2 4 -2
489 632 5 2 4 -2 4 -2
489 1238 7 2 2 2 2 -2 4 -2
490 629 5 2 4 -2 4 -2
490 1095 2 2 2
490 1483 5 2 2 2 2 -2
491 635 5 2 4 -2 4 -2
491 748 8 2 2 2 2 4 -2 4 -2
492 627 5 2 4 -2 4 -2
492 813 10 2 2 2 2 -2 2 4 -2 4 -2
492 1094 2 2 2
493 636 5 2 4 -2 4 -2
493 1093 2 2 2
493 1480 5 2 2 2 2 -2
494 634 5 2 4 -2 4 -2
494 1236 7 2 2 2 2 -2 4 -2
495 751 8 2 2 2 2 4 -2 4 -2
495 1485 5 2 2 2 2 -2
496 1092 2 2 2
496 1478 5 2 2 2 2 -2
497 631 5 2 4 -2 4 -2
497 926 15 2 2 2 2 4 -2 4 -2 2 2 -2 4 -2 4 -2
498 637 5 2 4 -2 4 -2
498 1096 2 2 2
498 1481 5 2 2 2 2 -2
499 36 3 2 2 2
499 809 6 2 2 2 2 2 -2
500 563 10 2 2 2 2 2 4 -2 2 4 -2
500 686 17 2 2 2 2 4 -2 4 -2 2 2 2 -2 4 -2 2 4 -2
500 691 13 2 2 2 2 2 2 2 2 4 -2 2 4 -2
500 808 6 2 2 2 2 2 -2
500 1098 9 2 2 2 2 -2 2 2 4 -2
500 1490 10 2 2 2 2 -2 2 2 2 2 2
501 38 3 2 2 2
501 1347 10 2 2 2 2 2 -2 4 -2 2 2
502 560 10 2 2 2 2 2 4 -2 2 4 -2
502 1503 5 2 2 2 2 -2
503 37 3 2 2 2
503 693 17 2 2 2 2 4 -2 4 -2 2 2 2 -2 4 -2 2 4 -2
503 939 12 2 2 2 2 2 -2 4 -2 2 2 4 -2
504 35 3 2 2 2
504 689 13 2 2 2 2 2 2 2 2 4 -2 2 4 -2
504 811 6 2 2 2 2 2 -2
505 613 5 2 4 -2 4 -2
505 794 6 2 2 2 2 2 -2
506 390 2 2 2
506 610 5 2 4 -2 4 -2
506 1090 2 2 2
507 389 2 2 2
507 616 5 2 4 -2 4 -2
507 1089 2 2 2
508 608 5 2 4 -2 4 -2
508 1192 13 2 2 2 2 2 -2 4 -2 2 2 2 4 -2
509 538 10 2 2 2 2 2 4 -2 2 4 -2
509 617 5 2 4 -2 4 -2
509 1501 8 2 2 2 -2 4 -2 4 -2
510 387 2 2 2
510 615 5 2 4 -2 4 -2
510 799 6 2 2 2 2 2 -2
511 386 2 2 2
511 798 6 2 2 2 2 2 -2
512 384 2 2 2
512 612 5 2 4 -2 4 -2
512 633 9 2 2 2 2 2 -2 2 4 -2
513 391 2 2 2
513 618 5 2 4 -2 4 -2
513 1091 2 2 2
514 63 3 2 2 2
514 966 7 2 4 -2 4 -2 2 2
514 1147 2 2 2
515 402 2 2 2
515 621 5 2 4 -2 4 -2
515 1146 2 2 2
516 60 3 2 2 2
516 121 9 2 2 2 2 2 2 2 2 2
516 339 5 2 2 2 2 2
516 377 8 2 2 2 2 2 2 2 2
516 401 2 2 2
516 624 5 2 4 -2 4 -2
516 731 9 2 2 2 2 2 2 2 2 2
516 772 8 2 2 2 2 4 -2 4 -2
516 1313 12 2 2 2 2 2 2 2 2 4 -2 4 -2
517 68 3 2 2 2
517 619 5 2 4 -2 4 -2
517 1143 2 2 2
518 398 2 2 2
518 625 5 2 4 -2 4 -2
518 1142 2 2 2
519 397 2 2 2
519 855 11 2 4 -2 4 -2 2 2 2 2 2 -2
519 1141 2 2 2
520 64 3 2 2 2
520 274 4 2 2 2 2
520 334 5 2 2 2 2 2
520 396 2 2 2
520 776 8 2 2 2 2 4 -2 4 -2
520 947 5 2 2 2 2 2
521 61 3 2 2 2
521 1139 2 2 2
522 394 2 2 2
522 622 5 2 4 -2 4 -2
522 1138 2 2 2
523 403 2 2 2
523 626 5 2 4 -2 4 -2
523 1148 2 2 2
524 532 7 2 2 4 -2 2 4 -2
524 667 11 2 4 -2 4 -2 2 2 -2 2 4 -2
525 289 6 2 4 -2 4 -2 2
525 584 9 2 2 2 -2 4 -2 2 4 -2
526 533 7 2 2 4 -2 2 4 -2
526 587 9 2 2 2 -2 4 -2 2 4 -2
527 220 11 2 2 4 -2 2 4 -2 2 2 2 2
527 588 9 2 2 2 -2 4 -2 2 4 -2
527 803 13 2 2 4 -2 2 4 -2 2 2 2 -2 4 -2
527 909 16 2 2 4 -2 2 4 -2 2 2 -2 4 -2 2 2 4 -2
527 921 9 2 2 4 -2 2 4 -2 2 2
528 539 7 2 2 4 -2 2 4 -2
528 791 3 2 2 -2
529 543 7 2 2 4 -2 2 4 -2
529 716 13 2 2 -2 4 -2 2 4 -2 4 -2 2 4 -2
529 1193 10 2 2 -2 4 -2 2 2 2 4 -2
530 537 7 2 2 4 -2 2 4 -2
530 797 3 2 2 -2
531 218 4 2 2 2 2
531 924 2 2 2
532 219 4 2 2 2 2
532 804 6 2 2 2 -2 4 -2
532 833 3 2 2 -2
532 923 2 2 2
533 221 4 2 2 2 2
533 855 12 2 2 -2 2 4 -2 2 2 2 2 2 -2
533 920 2 2 2
534 607 9 2 2 2 -2 4 -2 2 4 -2
534 622 6 2 2 -2 2 4 -2
534 1030 8 2 2 2 2 2 2 2 2
534 1098 7 2 2 2 2 2 2 -2
534 1186 13 2 2 2 2 2 2 2 2 2 2 -2 4 -2
534 1272 9 2 2 2 2 2 -2 4 -2 2
534 1318 11 2 2 2 2 2 2 2 2 -2 4 -2
535 222 4 2 2 2 2
535 834 3 2 2 -2
535 916 2 2 2
536 371 5 2 2 2 2 2
536 910 9 2 2 -2 4 -2 2 2 4 -2
536 915 2 2 2
536 999 11 2 2 2 -2 4 -2 4 -2 2 4 -2
537 545 7 2 2 4 -2 2 4 -2
537 785 5 2 4 -2 4 -2
538 788 5 2 4 -2 4 -2
538 817 3 2 2 -2
539 547 7 2 2 4 -2 2 4 -2
539 814 3 2 2 -2
540 780 5 2 4 -2 4 -2
540 816 3 2 2 -2
541 546 7 2 2 4 -2 2 4 -2
541 813 3 2 2 -2
542 544 7 2 2 4 -2 2 4 -2
542 818 3 2 2 -2
543 784 5 2 4 -2 4 -2
543 1159 10 2 2 -2 4 -2 2 2 2 4 -2
544 736 5 2 4 -2 4 -2
544 899 2 2 2
544 1396 14 2 2 2 2 2 2 2 2 -2 4 -2 2 2 2
545 132 8 2 4 -2 4 -2 2 2 2
545 268 1 2
545 327 2 2 2
545 532 20 2 4 -2 4 -2 2 2 -2 2 4 -2 2 2 2 -2 4 -2 2 4 -2
545 897 2 2 2
545 995 9 2 4 -2 4 -2 2 2 2 -2
545 1193 13 2 4 -2 4 -2 2 2 -2 4 -2 2 4 -2
545 1228 7 2 4 -2 4 -2 2 2
546 326 2 2 2
546 855 9 2 2 2 2 2 2 2 2 -2
547 265 1 2
547 347 5 2 2 2 2 2
547 732 5 2 4 -2 4 -2
547 895 2 2 2
548 269 1 2
548 354 5 2 2 2 2 2
548 894 2 2 2
548 996 9 2 4 -2 4 -2 2 2 2 -2
549 266 1 2
549 325 2 2 2
549 350 5 2 2 2 2 2
549 623 3 2 2 2
550 267 1 2
550 352 5 2 2 2 2 2
550 892 2 2 2
551 735 5 2 4 -2 4 -2
551 966 5 2 2 2 2 2
552 239 4 2 2 2 2
552 525 7 2 2 4 -2 2 4 -2
552 569 3 2 2 2
553 240 4 2 2 2 2
553 264 1 2
553 568 3 2 2 2
554 241 4 2 2 2 2
554 260 1 2
554 573 3 2 2 2
555 242 4 2 2 2 2
555 261 1 2
555 526 7 2 2 4 -2 2 4 -2
555 571 3 2 2 2
556 668 18 2 2 4 -2 2 4 -2 2 4 -2 4 -2 2 2 -2 2 4 -2
556 952 9 2 2 -2 4 -2 2 2 4 -2
557 244 4 2 2 2 2
557 263 1 2
557 524 7 2 2 4 -2 2 4 -2
557 743 13 2 2 2 2 2 2 2 2 4 -2 2 4 -2
557 1120 7 2 2 2 2 2 2 -2
558 262 1 2
558 358 5 2 2 2 2 2
558 570 3 2 2 2
559 765 5 2 4 -2 4 -2
559 907 2 2 2
559 1508 11 2 2 2 2 2 -2 4 -2 2 2 2
560 257 1 2
560 330 2 2 2
560 768 5 2 4 -2 4 -2
560 906 2 2 2
561 329 2 2 2
561 904 2 2 2
562 254 1 2
562 761 5 2 4 -2 4 -2
562 903 2 2 2
562 1511 11 2 2 2 2 2 -2 4 -2 2 2 2
563 258 1 2
563 769 5 2 4 -2 4 -2
563 875 7 2 2 2 2 2 4 -2
563 911 12 2 2 2 -2 4 -2 4 -2 2 2 4 -2
564 255 1 2
564 328 2 2 2
564 1509 11 2 2 2 2 2 -2 4 -2 2 2 2
565 256 1 2
565 1514 11 2 2 2 2 2 -2 4 -2 2 2 2
566 558 17 2 2 2 -2 4 -2 4 -2 2 2 4 -2 4 -2 2 4 -2
566 764 5 2 4 -2 4 -2
566 1281 9 2 2 2 2 2 4 -2 4 -2
567 360 2 2 2
567 991 2 2 2
568 240 1 2
568 359 2 2 2
568 990 2 2 2
569 239 1 2
569 987 2 2 2
569 1401 6 2 2 2 2 -2 2
570 358 2 2 2
570 986 2 2 2
571 242 1 2
571 357 2 2 2
571 1278 5 2 2 2 2 -2
572 243 1 2
572 356 2 2 2
572 984 2 2 2
573 241 1 2
573 1118 4 2 2 2 -2
573 1294 6 2 2 4 -2 4 -2
574 245 1 2
574 361 2 2 2
574 992 2 2 2
575 876 4 2 2 4 -2
575 1287 6 2 2 -2 4 -2 2
576 697 7 2 2 4 -2 2 4 -2
576 1282 6 2 2 4 -2 4 -2
576 1292 6 2 2 -2 4 -2 2
577 1409 7 2 2 4 -2 4 -2 2
577 1508 8 2 2 -2 4 -2 2 2 2
578 696 7 2 2 4 -2 2 4 -2
578 1291 6 2 2 -2 4 -2 2
579 874 4 2 2 4 -2
579 1510 8 2 2 -2 4 -2 2 2 2
580 694 7 2 2 4 -2 2 4 -2
580 1277 6 2 2 4 -2 4 -2
580 1289 6 2 2 -2 4 -2 2
581 1276 6 2 2 4 -2 4 -2
581 1511 8 2 2 -2 4 -2 2 2 2
582 700 7 2 2 4 -2 2 4 -2
582 1288 6 2 2 -2 4 -2 2
582 1411 7 2 2 4 -2 4 -2 2
583 102 3 2 2 2
583 748 10 2 2 2 -2 2 2 4 -2 4 -2
583 1001 2 2 2
584 100 3 2 2 2
584 1000 2 2 2
584 1238 9 2 2 2 -2 2 2 -2 4 -2
584 1443 7 2 2 -2 4 -2 2 2
585 104 3 2 2 2
585 997 2 2 2
585 1536 5 2 2 -2 4 -2
586 796 11 2 2 -2 4 -2 4 -2 2 2 2 -2
586 1060 5 2 2 2 2 2
586 1333 11 2 2 2 2 2 2 2 2 2 2 -2
586 1396 9 2 2 -2 4 -2 2 2 2 2
586 1464 6 2 2 2 2 -2 2
586 1477 10 2 2 2 2 2 -2 4 -2 2 2
587 101 3 2 2 2
587 794 11 2 2 -2 4 -2 4 -2 2 2 2 -2
587 994 2 2 2
587 1236 9 2 2 2 -2 2 2 -2 4 -2
587 1434 7 2 2 -2 4 -2 2 2
588 922 13 2 2 2 2 2 2 2 2 2 2 -2 4 -2
588 993 2 2 2
588 1093 4 2 2 2 -2
588 1537 5 2 2 -2 4 -2
589 977 2 2 2
589 1259 5 2 2 2 2 -2
590 224 1 2
590 976 2 2 2
590 1266 5 2 2 2 2 -2
591 229 1 2
591 1071 8 2 2 2 2 -2 2 4 -2
592 225 1 2
592 857 4 2 2 4 -2
592 1267 5 2 2 2 2 -2
593 223 1 2
593 973 2 2 2
593 1074 8 2 2 2 2 -2 2 4 -2
594 972 2 2 2
594 1263 5 2 2 2 2 -2
595 227 1 2
595 1261 5 2 2 2 2 -2
596 226 1 2
596 704 7 2 2 4 -2 2 4 -2
596 1460 12 2 2 2 2 -2 2 4 -2 4 -2 4 -2
597 228 1 2
597 860 4 2 2 4 -2
597 1262 5 2 2 2 2 -2
598 1121 7 2 2 -2 4 -2 4 -2
598 1258 10 2 2 4 -2 4 -2 2 2 4 -2
599 230 1 2
599 978 2 2 2
599 1264 5 2 2 2 2 -2
600 346 2 2 2
600 960 2 2 2
601 345 2 2 2
601 959 2 2 2
602 344 2 2 2
602 958 2 2 2
603 111 3 2 2 2
603 723 3 2 2 2
604 343 2 2 2
604 957 2 2 2
605 109 3 2 2 2
605 689 9 2 2 2 2 2 -2 2 4 -2
606 342 2 2 2
606 955 2 2 2
607 341 2 2 2
607 954 2 2 2
608 85 3 2 2 2
608 368 2 2 2
608 864 6 2 2 2 2 2 -2
608 1448 9 2 2 2 2 2 4 -2 4 -2
608 1456 7 2 2 4 -2 4 -2 2
609 88 3 2 2 2
609 195 4 2 2 2 2
609 232 1 2
609 367 2 2 2
609 1036 5 2 2 2 2 2
609 1209 10 2 2 2 2 2 2 2 -2 4 -2
609 1488 8 2 2 4 -2 4 -2 2 2
610 72 6 2 2 2 2 2 2
610 83 3 2 2 2
610 196 4 2 2 2 2
610 237 1 2
610 366 2 2 2
610 1041 5 2 2 2 2 2
611 87 3 2 2 2
611 197 4 2 2 2 2
611 233 1 2
611 365 2 2 2
611 531 15 2 2 2 2 2 2 2 2 2 -2 4 -2 2 4 -2
611 773 10 2 2 2 2 2 4 -2 2 4 -2
611 1459 7 2 2 4 -2 4 -2 2
612 89 3 2 2 2
612 231 1 2
612 1444 9 2 2 2 2 2 4 -2 4 -2
612 1462 7 2 2 4 -2 4 -2 2
612 1490 10 2 2 2 2 2 -2 4 -2 2 2
613 82 3 2 2 2
613 364 2 2 2
613 1042 5 2 2 2 2 2
613 1206 10 2 2 2 2 2 2 2 -2 4 -2
613 1452 7 2 2 4 -2 4 -2 2
614 70 6 2 2 2 2 2 2
614 746 16 2 2 2 2 2 -2 2 4 -2 2 2 4 -2 2 4 -2
614 1039 5 2 2 2 2 2
614 1074 9 2 2 -2 4 -2 2 2 4 -2
614 1080 4 2 2 2 -2
614 1296 5 2 2 2 2 -2
614 1463 9 2 2 2 2 2 -2 4 -2 2
615 86 3 2 2 2
615 198 4 2 2 2 2
615 234 1 2
615 742 14 2 2 4 -2 2 4 -2 2 2 4 -2 2 4 -2
615 1204 10 2 2 2 2 2 2 2 -2 4 -2
616 84 3 2 2 2
616 199 4 2 2 2 2
616 236 1 2
616 363 2 2 2
616 865 4 2 2 4 -2
616 911 24 2 2 2 2 2 2 2 2 2 -2 4 -2 2 4 -2 2 2 -2 4 -2 2 2 4 -2
617 235 1 2
617 362 2 2 2
617 1037 5 2 2 2 2 2
617 1202 10 2 2 2 2 2 2 2 -2 4 -2
617 1457 7 2 2 4 -2 4 -2 2
618 73 6 2 2 2 2 2 2
618 90 3 2 2 2
618 200 4 2 2 2 2
618 238 1 2
618 369 2 2 2
618 866 4 2 2 4 -2
618 1043 5 2 2 2 2 2
619 354 2 2 2
619 969 2 2 2
620 353 2 2 2
620 726 9 2 2 2 2 2 -2 2 4 -2
620 887 7 2 2 2 2 2 4 -2
620 1516 8 2 2 4 -2 4 -2 2 2
621 352 2 2 2
621 968 2 2 2
622 684 3 2 2 2
622 1396 11 2 2 2 2 2 -2 4 -2 2 2 2
622 1474 7 2 2 4 -2 4 -2 2
623 350 2 2 2
623 965 2 2 2
624 348 2 2 2
624 963 2 2 2
625 347 2 2 2
625 962 2 2 2
626 355 2 2 2
626 970 2 2 2
627 117 3 2 2 2
627 382 2 2 2
627 727 3 2 2 2
627 1319 6 2 2 4 -2 4 -2
628 120 3 2 2 2
628 202 4 2 2 2 2
628 247 1 2
628 426 8 2 2 2 2 2 2 2 2
628 999 18 2 2 4 -2 4 -2 2 2 2 4 -2 4 -2 4 -2 2 4 -2
628 1070 5 2 2 2 2 2
629 80 6 2 2 2 2 2 2
629 114 3 2 2 2
629 203 4 2 2 2 2
629 252 1 2
629 381 2 2 2
629 1076 5 2 2 2 2 2
630 119 3 2 2 2
630 380 2 2 2
630 730 3 2 2 2
630 1316 6 2 2 4 -2 4 -2
631 122 3 2 2 2
631 205 4 2 2 2 2
631 246 1 2
631 429 8 2 2 2 2 2 2 2 2
631 1068 5 2 2 2 2 2
631 1432 7 2 2 4 -2 4 -2 2
632 113 3 2 2 2
632 379 2 2 2
632 724 3 2 2 2
632 1315 6 2 2 4 -2 4 -2
633 78 6 2 2 2 2 2 2
633 206 4 2 2 2 2
633 378 2 2 2
633 1075 5 2 2 2 2 2
634 118 3 2 2 2
634 248 1 2
634 729 3 2 2 2
635 115 3 2 2 2
635 251 1 2
635 376 2 2 2
635 725 3 2 2 2
635 1311 6 2 2 4 -2 4 -2
636 210 4 2 2 2 2
636 249 1 2
636 375 2 2 2
636 728 3 2 2 2
636 1428 7 2 2 4 -2 4 -2 2
637 81 6 2 2 2 2 2 2
637 123 3 2 2 2
637 211 4 2 2 2 2
637 253 1 2
637 383 2 2 2
637 1078 5 2 2 2 2 2
637 1433 7 2 2 4 -2 4 -2 2
638 412 2 2 2
638 581 10 2 4 -2 4 -2 2 4 -2 4 -2
638 1179 2 2 2
639 577 8 2 2 2 2 4 -2 4 -2
639 662 18 2 2 2 2 -2 2 4 -2 4 -2 2 4 -2 2 4 -2 4 -2
639 1281 16 2 4 -2 4 -2 2 4 -2 4 -2 2 2 4 -2 4 -2
640 217 1 2
640 411 2 2 2
640 577 10 2 4 -2 4 -2 2 4 -2 4 -2
640 1176 2 2 2
641 215 1 2
641 488 3 2 2 2
641 491 22 2 2 2 2 2 2 -2 4 -2 2 4 -2 2 2 2 -2 2 2 4 -2 4 -2
642 216 1 2
642 409 2 2 2
642 1174 2 2 2
643 581 8 2 2 2 2 4 -2 4 -2
643 875 14 2 4 -2 4 -2 2 4 -2 4 -2 2 2 4 -2
643 919 4 2 2 2 -2
644 408 2 2 2
644 482 5 2 4 -2 4 -2
644 1157 2 2 2
645 390 5 2 2 2 2 2
645 407 2 2 2
645 485 5 2 4 -2 4 -2
645 506 3 2 2 2
646 384 5 2 2 2 2 2
646 1153 2 2 2
646 1487 10 2 4 -2 4 -2 2 2 2 2 -2
647 406 2 2 2
647 1152 2 2 2
648 387 5 2 2 2 2 2
648 405 2 2 2
648 510 3 2 2 2
649 404 2 2 2
649 1150 2 2 2
650 2 3 2 2 2
650 418 2 2 2
650 481 3 2 2 2
650 666 24 2 2 4 -2 2 4 -2 2 4 -2 4 -2 2 2 4 -2 2 4 -2 2 4 -2 4 -2
651 44 6 2 2 2 2 2 2
651 417 2 2 2
651 479 3 2 2 2
652 3 3 2 2 2
652 416 2 2 2
652 484 3 2 2 2
652 669 24 2 2 4 -2 2 4 -2 2 4 -2 4 -2 2 2 4 -2 2 4 -2 2 4 -2 4 -2
653 0 3 2 2 2
653 214 1 2
653 415 2 2 2
653 1487 8 2 2 2 2 2 2 2 -2
654 212 1 2
654 483 3 2 2 2
654 1243 10 2 2 2 2 2 2 2 -2 4 -2
655 1 3 2 2 2
655 213 1 2
655 414 2 2 2
655 480 3 2 2 2
655 566 32 2 2 4 -2 2 4 -2 2 4 -2 4 -2 2 2 -2 2 4 -2 2 4 -2 4 -2 2 2 2 -2 4 -2 2 4 -2
656 413 2 2 2
656 482 3 2 2 2
656 1491 8 2 2 2 2 2 2 2 -2
657 502 5 2 4 -2 4 -2
657 689 12 2 2 2 -2 2 2 2 4 -2 2 4 -2
658 504 5 2 4 -2 4 -2
658 560 9 2 2 2 -2 4 -2 2 4 -2
659 503 5 2 4 -2 4 -2
659 559 9 2 2 2 -2 4 -2 2 4 -2
660 501 5 2 4 -2 4 -2
660 686 12 2 2 2 -2 2 2 2 4 -2 2 4 -2
661 688 22 2 4 -2 4 -2 2 2 2 2 4 -2 4 -2 2 2 2 -2 4 -2 2 4 -2
661 810 11 2 4 -2 4 -2 2 2 2 2 2 -2
661 913 4 2 2 2 -2
661 914 10 2 4 -2 4 -2 2 2 2 2 2
661 1504 10 2 4 -2 4 -2 2 2 2 2 -2
662 432 2 2 2
662 509 5 2 4 -2 4 -2
662 1219 2 2 2
663 26 3 2 2 2
663 431 2 2 2
663 515 3 2 2 2
663 796 11 2 4 -2 4 -2 2 2 2 2 2 -2
664 430 2 2 2
664 1216 2 2 2
665 33 3 2 2 2
665 505 5 2 4 -2 4 -2
665 1215 2 2 2
666 429 2 2 2
666 512 5 2 4 -2 4 -2
666 1214 2 2 2
667 428 2 2 2
667 511 5 2 4 -2 4 -2
667 1213 2 2 2
668 29 3 2 2 2
668 519 3 2 2 2
669 426 2 2 2
669 1211 2 2 2
670 425 2 2 2
670 508 5 2 4 -2 4 -2
670 1210 2 2 2
671 660 10 2 4 -2 4 -2 2 4 -2 4 -2
671 804 4 2 2 4 -2
672 686 28 2 4 -2 4 -2 2 4 -2 4 -2 2 4 -2 4 -2 2 2 2 2 2 2 2 2 4 -2 2 4 -2
672 801 4 2 2 4 -2
673 499 15 2 4 -2 4 -2 2 4 -2 4 -2 2 4 -2 4 -2
673 999 9 2 2 4 -2 4 -2 2 4 -2
674 500 10 2 2 2 -2 2 2 4 -2 4 -2
674 812 4 2 2 4 -2
675 810 4 2 2 4 -2
675 1013 4 2 2 2 -2
676 831 4 2 2 4 -2
676 911 23 2 2 2 -2 2 2 2 2 -2 4 -2 2 4 -2 2 2 -2 4 -2 2 2 4 -2
677 986 9 2 2 4 -2 4 -2 2 4 -2
677 1204 9 2 2 2 -2 2 2 -2 4 -2
678 829 4 2 2 4 -2
678 1037 4 2 2 2 -2
679 886 4 2 2 4 -2
679 1441 6 2 2 -2 4 -2 2
680 851 3 2 2 -2
680 1428 6 2 2 4 -2 4 -2
681 729 6 2 2 -2 2 4 -2
681 1427 6 2 2 4 -2 4 -2
682 749 7 2 2 4 -2 2 4 -2
682 850 3 2 2 -2
683 854 3 2 2 -2
683 1424 6 2 2 4 -2 4 -2
684 1396 8 2 2 -2 4 -2 2 2 2
684 1423 6 2 2 4 -2 4 -2
685 1052 2 2 2
685 1170 11 2 2 2 2 2 2 2 -2 2 4 -2
686 423 5 2 2 2 2 2
686 870 3 2 2 -2
686 1051 2 2 2
687 420 5 2 2 2 2 2
687 1049 2 2 2
687 1498 7 2 2 -2 4 -2 2 2
688 419 5 2 2 2 2 2
688 868 3 2 2 -2
688 1048 2 2 2
689 424 5 2 2 2 2 2
689 689 12 2 2 -2 2 4 -2 2 2 -2 2 4 -2
689 1047 2 2 2
690 10 6 2 2 2 2 2 2
690 872 3 2 2 -2
690 1046 2 2 2
691 237 9 2 2 2 2 2 2 -2 2 2
691 552 12 2 2 2 2 2 2 -2 4 -2 2 4 -2
691 610 8 2 2 2 2 2 2 -2 2
691 633 11 2 2 2 2 2 2 2 4 -2 4 -2
691 867 3 2 2 -2
691 1477 11 2 2 2 2 2 2 2 2 2 2 -2
692 422 5 2 2 2 2 2
692 871 3 2 2 -2
692 1045 2 2 2
693 421 5 2 2 2 2 2
693 1044 2 2 2
693 1300 5 2 2 -2 4 -2
694 1032 2 2 2
694 1187 7 2 2 2 2 -2 4 -2
695 491 8 2 2 2 2 4 -2 4 -2
695 1433 6 2 2 -2 4 -2 2
696 180 1 2
696 1029 2 2 2
696 1188 7 2 2 2 2 -2 4 -2
697 1028 2 2 2
697 1313 5 2 2 -2 4 -2
698 1027 2 2 2
698 1182 7 2 2 2 2 -2 4 -2
699 495 8 2 2 2 2 4 -2 4 -2
699 755 7 2 2 4 -2 2 4 -2
699 1316 5 2 2 -2 4 -2
700 182 1 2
700 1024 2 2 2
700 1184 7 2 2 2 2 -2 4 -2
701 1023 2 2 2
701 1317 5 2 2 -2 4 -2
702 1016 2 2 2
702 1155 7 2 2 2 2 -2 4 -2
703 500 8 2 2 2 2 4 -2 4 -2
703 715 6 2 2 -2 2 4 -2
704 77 3 2 2 2
704 1015 2 2 2
705 191 1 2
705 660 3 2 2 2
705 686 15 2 2 2 2 2 2 -2 2 2 2 4 -2 2 4 -2
706 74 3 2 2 2
706 194 1 2
706 1014 2 2 2
707 76 3 2 2 2
707 192 1 2
707 659 3 2 2 2
708 75 3 2 2 2
708 193 1 2
708 658 3 2 2 2
709 639 3 2 2 2
709 662 21 2 2 2 2 2 2 2 -2 2 4 -2 4 -2 2 4 -2 2 4 -2 4 -2
709 686 16 2 2 4 -2 2 4 -2 2 2 2 -2 4 -2 2 4 -2
709 1510 7 2 2 4 -2 4 -2 2
710 7 6 2 2 2 2 2 2
710 189 1 2
710 487 8 2 2 2 2 4 -2 4 -2
710 575 11 2 2 2 2 2 2 2 4 -2 4 -2
710 656 15 2 2 2 2 2 4 -2 2 4 -2 2 4 -2 4 -2
710 883 21 2 2 2 2 2 2 2 2 2 -2 4 -2 2 4 -2 2 2 2 -2 4 -2
711 186 1 2
711 215 4 2 2 2 2
711 641 3 2 2 2
711 1512 7 2 2 4 -2 4 -2 2
712 185 1 2
712 643 3 2 2 2
712 919 7 2 2 2 2 2 2 -2
712 1513 7 2 2 4 -2 4 -2 2
713 190 1 2
713 412 5 2 2 2 2 2
713 638 3 2 2 2
713 1507 7 2 2 4 -2 4 -2 2
714 187 1 2
714 410 5 2 2 2 2 2
714 692 16 2 2 4 -2 2 4 -2 2 2 2 -2 4 -2 2 4 -2
714 1027 21 2 2 2 2 4 -2 4 -2 2 2 2 -2 4 -2 2 4 -2 2 2 2 -2
714 1175 5 2 2 2 2 2
715 188 1 2
715 924 7 2 2 2 2 2 2 -2
715 1509 7 2 2 4 -2 4 -2 2
715 1514 19 2 2 2 2 2 2 2 4 -2 4 -2 2 2 -2 4 -2 2 2 2
716 217 4 2 2 2 2
716 640 3 2 2 2
716 1271 5 2 2 -2 4 -2
716 1381 8 2 2 4 -2 4 -2 2 2
717 670 15 2 2 2 2 2 4 -2 2 4 -2 2 4 -2 4 -2
717 692 6 2 2 -2 2 4 -2
718 657 14 2 2 2 2 2 -2 2 4 -2 2 4 -2 4 -2
718 1020 2 2 2
719 691 6 2 2 -2 2 4 -2
719 1469 6 2 2 4 -2 4 -2
720 690 6 2 2 -2 2 4 -2
720 1019 2 2 2
721 183 1 2
721 660 14 2 2 2 2 2 -2 2 4 -2 2 4 -2 4 -2
722 686 6 2 2 -2 2 4 -2
722 1466 6 2 2 4 -2 4 -2
723 566 23 2 2 2 2 2 -2 2 4 -2 2 4 -2 4 -2 2 2 2 -2 4 -2 2 4 -2
723 1017 2 2 2
724 33 6 2 2 2 2 2 2
724 1077 2 2 2
725 31 6 2 2 2 2 2 2
725 209 1 2
725 507 8 2 2 2 2 4 -2 4 -2
725 1218 5 2 2 2 2 2
726 79 3 2 2 2
726 1074 2 2 2
727 201 1 2
727 425 5 2 2 2 2 2
727 1073 2 2 2
728 210 1 2
728 432 5 2 2 2 2 2
728 1072 2 2 2
729 27 6 2 2 2 2 2 2
729 207 1 2
729 1071 2 2 2
730 204 1 2
730 428 5 2 2 2 2 2
730 667 3 2 2 2
731 208 1 2
731 431 5 2 2 2 2 2
731 1069 2 2 2
732 454 2 2 2
732 1375 5 2 2 2 2 -2
733 310 1 2
733 453 2 2 2
733 1231 2 2 2
734 131 3 2 2 2
734 452 2 2 2
734 1294 17 2 2 2 2 2 2 -2 4 -2 2 4 -2 2 2 -2 4 -2
735 309 1 2
735 673 15 2 2 2 2 -2 2 2 4 -2 2 2 4 -2 4 -2
736 312 1 2
736 451 2 2 2
736 1378 5 2 2 2 2 -2
737 450 2 2 2
737 820 9 2 2 2 2 -2 4 -2 4 -2
738 313 1 2
738 455 2 2 2
738 1232 2 2 2
739 149 3 2 2 2
739 1071 10 2 2 2 -2 2 2 -2 2 4 -2
739 1239 2 2 2
740 143 6 2 2 2 2 2 2
740 977 4 2 2 2 -2
740 982 7 2 2 2 2 2 2 -2
740 1246 5 2 2 2 2 2
740 1327 8 2 2 2 2 2 -2 4 -2
740 1541 6 2 2 2 2 -2 2
741 150 3 2 2 2
741 978 4 2 2 2 -2
741 1237 2 2 2
742 151 3 2 2 2
742 566 15 2 2 -2 2 4 -2 2 2 2 -2 4 -2 2 4 -2
742 875 12 2 2 -2 4 -2 4 -2 2 2 2 4 -2
742 1236 2 2 2
743 147 3 2 2 2
743 659 6 2 2 -2 2 4 -2
743 1235 2 2 2
743 1258 12 2 2 2 -2 4 -2 4 -2 2 2 4 -2
744 189 9 2 2 2 2 2 2 -2 2 2
744 285 7 2 2 2 2 2 2 2
744 499 11 2 2 -2 2 4 -2 2 4 -2 4 -2
744 709 12 2 2 2 2 2 2 -2 4 -2 2 4 -2
744 710 8 2 2 2 2 2 2 -2 2
744 859 6 2 2 2 -2 4 -2
744 1242 5 2 2 2 2 2
744 1313 10 2 2 2 2 2 2 -2 2 2 -2
744 1514 16 2 2 -2 4 -2 4 -2 2 2 2 -2 4 -2 2 2 2
744 1545 6 2 2 2 2 -2 2
745 148 3 2 2 2
745 658 6 2 2 -2 2 4 -2
745 907 7 2 2 -2 4 -2 4 -2
745 1234 2 2 2
745 1261 7 2 2 2 -2 2 2 -2
746 464 5 2 2 2 2 2
746 972 4 2 2 2 -2
746 1233 2 2 2
746 1281 14 2 2 -2 4 -2 4 -2 2 2 2 4 -2 4 -2
747 282 1 2
747 1140 8 2 2 2 2 -2 2 4 -2
748 286 1 2
748 1141 8 2 2 2 2 -2 2 4 -2
749 283 1 2
749 1143 8 2 2 2 2 -2 2 4 -2
750 281 1 2
750 1144 8 2 2 2 2 -2 2 4 -2
751 284 1 2
751 1365 12 2 2 2 2 -2 2 4 -2 2 2 -2 2
752 287 1 2
752 1138 8 2 2 2 2 -2 2 4 -2
753 156 3 2 2 2
753 292 4 2 2 2 2
753 440 2 2 2
754 153 3 2 2 2
754 307 1 2
754 439 2 2 2
754 771 3 2 2 2
755 438 2 2 2
755 1225 2 2 2
756 160 3 2 2 2
756 305 1 2
756 1224 2 2 2
757 308 1 2
757 437 2 2 2
757 1223 2 2 2
758 157 3 2 2 2
758 436 2 2 2
758 775 3 2 2 2
759 306 1 2
759 435 2 2 2
759 1221 2 2 2
760 434 2 2 2
760 1220 2 2 2
761 127 3 2 2 2
761 461 2 2 2
761 735 3 2 2 2
762 125 3 2 2 2
762 303 1 2
762 460 2 2 2
762 733 3 2 2 2
763 129 3 2 2 2
763 134 6 2 2 2 2 2 2
763 300 1 2
763 311 4 2 2 2 2
763 459 2 2 2
763 685 15 2 2 2 2 2 2 2 2 2 -2 4 -2 2 4 -2
764 130 3 2 2 2
764 299 1 2
764 996 7 2 2 2 2 2 2 -2
765 124 3 2 2 2
765 304 1 2
765 458 2 2 2
765 732 3 2 2 2
766 133 6 2 2 2 2 2 2
766 647 6 2 2 -2 2 4 -2
766 826 9 2 2 2 2 -2 4 -2 4 -2
766 955 4 2 2 2 -2
766 1199 11 2 2 2 2 2 -2 4 -2 2 4 -2
766 1230 5 2 2 2 2 2
767 128 3 2 2 2
767 301 1 2
767 737 3 2 2 2
768 126 3 2 2 2
768 302 1 2
768 457 2 2 2
768 734 3 2 2 2
769 312 4 2 2 2 2
769 456 2 2 2
769 736 3 2 2 2
770 448 2 2 2
770 668 9 2 2 2 2 2 -2 2 4 -2
771 447 2 2 2
771 664 9 2 2 2 2 2 -2 2 4 -2
772 296 1 2
772 446 2 2 2
772 1171 11 2 2 2 2 2 -2 4 -2 2 4 -2
773 288 4 2 2 2 2
773 445 2 2 2
774 297 1 2
774 1294 8 2 2 2 -2 4 -2 4 -2
775 294 1 2
775 444 2 2 2
775 1172 11 2 2 2 2 2 -2 4 -2 2 4 -2
776 293 1 2
776 443 2 2 2
776 666 9 2 2 2 2 2 -2 2 4 -2
777 290 4 2 2 2 2
777 295 1 2
777 442 2 2 2
778 441 2 2 2
778 667 9 2 2 2 2 2 -2 2 4 -2
779 291 4 2 2 2 2
779 298 1 2
779 449 2 2 2
780 477 2 2 2
780 1258 2 2 2
781 316 1 2
781 476 2 2 2
781 1257 2 2 2
782 163 3 2 2 2
782 322 1 2
782 475 2 2 2
782 781 3 2 2 2
783 473 2 2 2
783 1255 2 2 2
784 172 3 2 2 2
784 314 1 2
784 1254 2 2 2
785 323 1 2
785 472 2 2 2
785 1253 2 2 2
786 320 1 2
786 471 2 2 2
786 1252 2 2 2
787 168 3 2 2 2
787 317 1 2
787 470 2 2 2
787 786 3 2 2 2
788 321 1 2
788 468 2 2 2
788 1250 2 2 2
789 318 1 2
789 467 2 2 2
789 1249 2 2 2
790 173 3 2 2 2
790 324 1 2
790 478 2 2 2
790 790 3 2 2 2
791 631 3 2 4 -2
791 979 5 4 -2 2 4 -2
791 1194 7 4 -2 2 2 2 4 -2
792 983 5 4 -2 2 4 -2
792 1198 7 4 -2 2 2 2 4 -2
793 186 7 4 -2 2 4 -2 2 2
793 711 6 4 -2 2 4 -2 2
793 1200 7 4 -2 2 2 2 4 -2
793 1311 8 4 -2 2 4 -2 2 2 -2
794 634 3 2 4 -2
794 1197 7 4 -2 2 2 2 4 -2
795 627 3 2 4 -2
795 981 5 4 -2 2 4 -2
796 635 3 2 4 -2
796 982 5 4 -2 2 4 -2
797 629 3 2 4 -2
797 980 5 4 -2 2 4 -2
798 632 3 2 4 -2
798 1195 7 4 -2 2 2 2 4 -2
799 216 10 4 -2 2 4 -2 2 2 2 2 2
799 642 9 4 -2 2 4 -2 2 2 2 2
799 673 24 4 -2 2 4 -2 2 2 2 4 -2 4 -2 2 2 2 2 4 -2 2 2 4 -2 4 -2
799 693 22 4 -2 2 4 -2 2 2 2 4 -2 2 4 -2 2 2 2 -2 4 -2 2 4 -2
799 704 12 4 -2 2 4 -2 2 2 2 -2 2 4 -2
799 713 10 4 -2 2 4 -2 4 -2 2 4 -2
799 1145 10 2 4 -2 2 2 -2 4 -2 4 -2
799 1312 9 2 4 -2 2 2 4 -2 4 -2
799 1319 8 4 -2 2 4 -2 2 2 -2
800 603 3 2 4 -2
800 993 5 4 -2 2 4 -2
801 946 6 4 -2 2 2 4 -2
801 1001 5 4 -2 2 4 -2
802 600 3 2 4 -2
802 996 5 4 -2 2 4 -2
803 606 3 2 4 -2
803 1490 10 4 -2 2 4 -2 2 2 -2 2 2
804 601 3 2 4 -2
804 951 6 4 -2 2 2 4 -2
804 1058 8 4 -2 2 4 -2 2 2 2
804 1213 17 4 -2 2 4 -2 2 2 2 2 2 2 2 2 -2 2 4 -2
804 1415 12 4 -2 2 4 -2 2 2 2 -2 4 -2 2
804 1463 9 4 -2 2 4 -2 2 2 -2 2
805 604 3 2 4 -2
805 950 6 4 -2 2 2 4 -2
806 919 16 4 -2 2 4 -2 2 2 2 2 2 2 2 2 -2 4 -2
806 949 6 4 -2 2 2 4 -2
806 1059 8 4 -2 2 4 -2 2 2 2
806 1456 9 4 -2 2 4 -2 2 2 -2 2
807 936 6 4 -2 2 2 4 -2
807 1005 5 4 -2 2 4 -2
808 77 9 4 -2 2 4 -2 2 2 2 2
808 669 17 4 -2 2 2 2 4 -2 4 -2 2 4 -2 2 4 -2 4 -2
808 704 6 4 -2 2 4 -2 2
808 1047 11 4 -2 2 4 -2 2 2 -2 2 4 -2
808 1308 9 4 -2 2 4 -2 4 -2 4 -2
809 662 17 4 -2 2 2 2 4 -2 4 -2 2 4 -2 2 4 -2 4 -2
809 687 10 2 4 -2 2 2 4 -2 2 4 -2
809 1310 9 4 -2 2 4 -2 4 -2 4 -2
810 686 10 2 4 -2 2 2 4 -2 2 4 -2
810 1004 5 4 -2 2 4 -2
811 685 10 2 4 -2 2 2 4 -2 2 4 -2
811 849 7 4 -2 2 4 -2 4 -2
811 1271 8 4 -2 2 4 -2 2 2 -2
812 1003 5 4 -2 2 4 -2
812 1346 4 4 -2 2 2
813 1006 5 4 -2 2 4 -2
813 1160 7 4 -2 2 2 2 4 -2
814 1012 5 4 -2 2 4 -2
814 1327 4 4 -2 2 2
815 1010 5 4 -2 2 4 -2
815 1328 4 4 -2 2 2
816 1028 12 4 -2 2 4 -2 4 -2 4 -2 2 4 -2
816 1163 7 4 -2 2 2 2 4 -2
817 1332 4 4 -2 2 2
817 1396 11 4 -2 2 4 -2 2 2 -2 2 2 2
817 1421 10 4 -2 2 4 -2 4 -2 4 -2 2
818 639 17 4 -2 2 2 2 4 -2 4 -2 2 4 -2 2 4 -2 4 -2
818 1007 5 4 -2 2 4 -2
819 1213 7 4 -2 2 2 2 4 -2
819 1258 13 4 -2 2 4 -2 4 -2 4 -2 2 2 4 -2
820 977 5 4 -2 2 4 -2
820 1335 4 4 -2 2 2
821 974 5 4 -2 2 4 -2
821 1219 7 4 -2 2 2 2 4 -2
822 1216 7 4 -2 2 2 2 4 -2
822 1275 9 4 -2 2 4 -2 4 -2 4 -2
823 922 6 4 -2 2 2 4 -2
823 971 5 4 -2 2 4 -2
824 920 6 4 -2 2 2 4 -2
824 976 5 4 -2 2 4 -2
825 1175 7 4 -2 2 2 2 4 -2
825 1294 9 4 -2 2 4 -2 4 -2 4 -2
826 912 6 4 -2 2 2 4 -2
826 991 5 4 -2 2 4 -2
826 1178 7 4 -2 2 2 2 4 -2
827 566 11 4 -2 2 2 4 -2 4 -2 2 4 -2
827 742 13 4 -2 2 4 -2 2 2 2 4 -2 2 4 -2
827 1179 7 4 -2 2 2 2 4 -2
827 1277 8 4 -2 2 4 -2 2 2 -2
827 1300 9 4 -2 2 4 -2 4 -2 4 -2
828 1177 7 4 -2 2 2 2 4 -2
828 1302 9 4 -2 2 4 -2 4 -2 4 -2
829 560 11 4 -2 2 2 4 -2 4 -2 2 4 -2
829 869 7 4 -2 2 4 -2 4 -2
829 1348 10 4 -2 2 2 2 4 -2 2 2 -2
830 934 12 4 -2 2 2 2 4 -2 2 2 -2 4 -2
830 989 5 4 -2 2 4 -2
831 688 14 4 -2 2 2 4 -2 2 2 2 4 -2 2 4 -2
831 985 5 4 -2 2 4 -2
832 913 6 4 -2 2 2 4 -2
832 1176 7 4 -2 2 2 2 4 -2
833 556 11 4 -2 2 2 4 -2 4 -2 2 4 -2
833 624 3 2 4 -2
834 233 8 4 -2 2 2 4 -2 2 2
834 611 7 4 -2 2 2 4 -2 2
834 621 3 2 4 -2
835 234 8 4 -2 2 2 4 -2 2 2
835 554 11 4 -2 2 2 4 -2 4 -2 2 4 -2
835 615 7 4 -2 2 2 4 -2 2
835 966 5 2 4 -2 2 2
836 235 8 4 -2 2 2 4 -2 2 2
836 617 7 4 -2 2 2 4 -2 2
836 837 21 2 4 -2 2 2 4 -2 4 -2 4 -2 2 2 4 -2 4 -2 2 2 4 -2
837 875 7 4 -2 2 4 -2 4 -2
837 1341 4 4 -2 2 2
838 1283 9 4 -2 2 4 -2 4 -2 4 -2
838 1342 4 4 -2 2 2
839 589 3 2 4 -2
839 1281 9 4 -2 2 4 -2 4 -2 4 -2
840 874 7 4 -2 2 4 -2 4 -2
840 1345 4 4 -2 2 2
841 597 3 2 4 -2
841 883 14 4 -2 2 4 -2 4 -2 2 4 -2 2 2 4 -2
841 1284 9 4 -2 2 4 -2 4 -2 4 -2
841 1428 16 4 -2 2 4 -2 4 -2 2 4 -2 2 2 -2 4 -2 2
842 591 3 2 4 -2
842 873 7 4 -2 2 4 -2 4 -2
843 594 3 2 4 -2
843 1340 4 4 -2 2 2
844 680 3 2 4 -2
844 1307 2 4 -2
845 682 3 2 4 -2
845 1305 2 4 -2
846 684 3 2 4 -2
846 1304 2 4 -2
847 877 8 4 -2 4 -2 2 2 2 -2
847 890 7 2 4 -2 2 2 4 -2
848 853 6 2 4 -2 2 2 -2
848 1309 2 4 -2
849 830 14 4 -2 4 -2 2 2 4 -2 4 -2 2 2 4 -2
849 888 7 2 4 -2 2 2 4 -2
849 1038 14 4 -2 4 -2 2 2 4 -2 4 -2 2 2 2 -2
849 1074 12 4 -2 4 -2 2 2 2 -2 4 -2 4 -2
849 1439 9 2 4 -2 2 2 -2 4 -2 2
849 1514 11 4 -2 4 -2 2 2 2 4 -2 4 -2
850 727 3 2 4 -2
850 1440 3 4 -2 2
851 730 3 2 4 -2
851 1391 5 4 -2 2 2 2
852 724 3 2 4 -2
852 1436 3 4 -2 2
853 731 3 2 4 -2
853 1443 3 4 -2 2
854 725 3 2 4 -2
854 1438 3 4 -2 2
855 728 3 2 4 -2
855 1413 8 4 -2 2 2 2 2 2 2
856 1054 11 2 4 -2 2 2 4 -2 4 -2 4 -2
856 1303 8 2 4 -2 2 2 -2 4 -2
856 1442 3 4 -2 2
857 705 3 2 4 -2
857 1270 2 4 -2
858 673 10 4 -2 4 -2 2 2 4 -2 4 -2
858 707 3 2 4 -2
859 672 10 4 -2 4 -2 2 2 4 -2 4 -2
859 686 24 2 4 -2 2 2 2 2 4 -2 4 -2 2 2 2 2 2 2 2 2 4 -2 2 4 -2
860 702 3 2 4 -2
860 1047 5 4 -2 2 4 -2
861 708 3 2 4 -2
861 1358 9 4 -2 2 2 4 -2 2 2 -2
862 703 3 2 4 -2
862 1274 2 4 -2
863 706 3 2 4 -2
863 1255 6 4 -2 2 2 4 -2
864 741 10 2 4 -2 2 2 4 -2 2 4 -2
864 1461 3 4 -2 2
865 740 10 2 4 -2 2 2 4 -2 2 4 -2
865 1454 3 4 -2 2
866 739 10 2 4 -2 2 2 4 -2 2 4 -2
866 1464 3 4 -2 2
867 719 3 2 4 -2
867 1299 2 4 -2
868 721 3 2 4 -2
868 1297 2 4 -2
869 723 3 2 4 -2
869 1296 2 4 -2
870 722 3 2 4 -2
870 1500 4 4 -2 2 2
871 717 3 2 4 -2
871 1301 2 4 -2
872 301 8 4 -2 2 2 4 -2 2 2
872 720 3 2 4 -2
872 767 7 4 -2 2 2 4 -2 2
872 1399 9 4 -2 2 2 4 -2 2 2 -2
872 1401 8 4 -2 2 2 2 2 2 2
873 699 3 2 4 -2
873 1279 2 4 -2
874 701 3 2 4 -2
874 1278 2 4 -2
875 695 3 2 4 -2
875 1285 2 4 -2
876 698 3 2 4 -2
876 1143 12 4 -2 2 2 4 -2 2 2 -2 2 4 -2
877 668 9 2 4 -2 2 2 -2 2 4 -2
877 1069 4 4 -2 4 -2
878 288 4 2 4 -2 2
878 1072 4 4 -2 4 -2
879 289 4 2 4 -2 2
879 1460 8 4 -2 4 -2 4 -2 4 -2
880 290 4 2 4 -2 2
880 1077 4 4 -2 4 -2
881 756 3 2 4 -2
881 1417 2 4 -2
882 758 3 2 4 -2
882 1027 4 4 -2 4 -2
883 760 3 2 4 -2
883 1028 4 4 -2 4 -2
884 759 3 2 4 -2
884 1422 2 4 -2
885 754 3 2 4 -2
885 1420 2 4 -2
886 750 3 2 4 -2
886 1429 2 4 -2
887 751 3 2 4 -2
887 1425 2 4 -2
888 926 10 2 4 -2 2 2 -2 4 -2 4 -2
888 1062 4 4 -2 4 -2
889 1352 8 2 4 -2 2 2 -2 4 -2
889 1433 2 4 -2
890 748 3 2 4 -2
890 1432 2 4 -2
891 1145 11 2 4 -2 2 2 2 2 -2 2 4 -2
891 1431 2 4 -2
892 352 3 2 2 2
892 621 1 2
893 348 3 2 2 2
893 624 1 2
894 354 3 2 2 2
894 619 1 2
895 347 3 2 2 2
895 625 1 2
896 351 3 2 2 2
896 967 3 2 2 2
897 353 3 2 2 2
897 620 1 2
898 349 3 2 2 2
898 964 3 2 2 2
899 622 1 2
899 1396 12 2 2 2 2 2 2 -2 4 -2 2 2 2
900 355 3 2 2 2
900 626 1 2
901 580 1 2
901 1289 7 2 2 2 -2 4 -2 2
902 1283 7 2 2 2 4 -2 4 -2
902 1293 7 2 2 2 -2 4 -2 2
903 581 1 2
903 1511 9 2 2 2 -2 4 -2 2 2 2
904 578 1 2
904 1291 7 2 2 2 -2 4 -2 2
905 576 1 2
905 1292 7 2 2 2 -2 4 -2 2
906 575 1 2
906 1287 7 2 2 2 -2 4 -2 2
907 577 1 2
907 1508 9 2 2 2 -2 4 -2 2 2 2
908 582 1 2
908 1288 7 2 2 2 -2 4 -2 2
909 236 2 2 2
909 555 5 4 -2 2 4 -2
909 616 1 2
910 71 7 2 2 2 2 2 2 2
910 1038 6 2 2 2 2 2 2
910 1096 8 2 2 2 -2 4 -2 4 -2
910 1267 7 2 2 2 -2 4 -2 2
910 1295 6 2 2 2 2 2 -2
910 1462 10 2 2 2 2 2 2 -2 4 -2 2
910 1490 9 2 2 2 4 -2 4 -2 2 2
911 231 2 2 2
911 553 5 4 -2 2 4 -2
911 612 1 2
912 564 5 4 -2 2 4 -2
912 685 8 2 2 2 4 -2 2 4 -2
913 562 5 4 -2 2 4 -2
913 687 8 2 2 2 4 -2 2 4 -2
914 565 5 4 -2 2 4 -2
914 692 8 2 2 2 4 -2 2 4 -2
915 371 3 2 2 2
915 1008 3 2 2 2
916 92 4 2 2 2 2
916 179 5 2 2 2 2 2
916 222 2 2 2
916 372 3 2 2 2
916 1031 6 2 2 2 2 2 2
916 1189 11 2 2 2 2 2 2 2 2 -2 4 -2
917 695 4 2 2 2 2
917 1027 10 2 2 2 4 -2 4 -2 2 4 -2
917 1050 10 2 2 2 -2 4 -2 2 2 4 -2
917 1100 5 2 2 2 2 -2
917 1391 9 2 2 2 2 2 -2 2 2 2
917 1433 10 2 2 2 2 2 2 -2 4 -2 2
918 93 4 2 2 2 2
918 1010 3 2 2 2
918 1275 7 2 2 2 -2 4 -2 2
919 374 3 2 2 2
919 1012 3 2 2 2
920 221 2 2 2
920 370 3 2 2 2
920 1006 3 2 2 2
921 95 4 2 2 2 2
921 181 5 2 2 2 2 2
921 220 2 2 2
921 1026 6 2 2 2 2 2 2
921 1185 11 2 2 2 2 2 2 2 2 -2 4 -2
922 245 10 2 2 2 2 -2 2 2 2 2 2
922 413 12 2 2 2 2 2 -2 2 4 -2 2 2 2
922 531 20 2 2 2 2 -2 2 2 2 4 -2 2 4 -2 2 2 4 -2 2 4 -2
922 574 9 2 2 2 2 -2 2 2 2 2
922 656 10 2 2 2 2 2 -2 2 4 -2 2
922 699 4 2 2 2 2
922 802 9 2 2 2 2 -2 2 2 2 -2
922 1023 10 2 2 2 4 -2 4 -2 2 4 -2
922 1274 7 2 2 2 -2 4 -2 2
922 1316 9 2 2 2 2 2 2 -2 4 -2
922 1511 8 2 2 2 2 -2 2 2 -2
923 219 2 2 2
923 373 3 2 2 2
923 1011 3 2 2 2
924 98 4 2 2 2 2
924 218 2 2 2
924 1009 3 2 2 2
925 673 15 2 2 2 -2 4 -2 2 4 -2 2 2 4 -2 4 -2
925 1033 6 2 2 2 2 2 2
925 1103 5 2 2 2 2 -2
925 1181 11 2 2 2 2 2 2 2 2 -2 4 -2
925 1311 9 2 2 2 2 2 2 -2 4 -2
925 1422 8 2 2 2 4 -2 4 -2 2
925 1440 7 2 2 2 2 2 -2 2
926 343 3 2 2 2
926 604 1 2
927 345 3 2 2 2
927 538 12 4 -2 2 4 -2 2 2 4 -2 2 4 -2
927 601 1 2
928 342 3 2 2 2
928 528 5 4 -2 2 4 -2
928 606 1 2
929 346 3 2 2 2
929 600 1 2
930 109 4 2 2 2 2
930 605 1 2
930 794 8 4 -2 2 4 -2 2 2 -2
931 344 3 2 2 2
931 602 1 2
932 111 4 2 2 2 2
932 603 1 2
932 796 8 4 -2 2 4 -2 2 2 -2
933 112 4 2 2 2 2
933 530 5 4 -2 2 4 -2
933 961 3 2 2 2
933 1126 5 2 2 2 2 -2
934 594 1 2
934 1263 6 2 2 2 2 2 -2
935 229 2 2 2
935 591 1 2
936 228 2 2 2
936 597 1 2
937 589 1 2
937 1259 6 2 2 2 2 2 -2
938 598 1 2
938 1121 8 2 2 2 -2 4 -2 4 -2
939 226 2 2 2
939 596 1 2
940 225 2 2 2
940 592 1 2
941 971 3 2 2 2
941 1265 6 2 2 2 2 2 -2
942 223 2 2 2
942 593 1 2
943 230 2 2 2
943 599 1 2
944 379 3 2 2 2
944 632 1 2
945 252 2 2 2
945 629 1 2
946 251 2 2 2
946 635 1 2
947 116 4 2 2 2 2
947 250 2 2 2
947 726 4 2 2 2 2
947 1317 7 2 2 2 4 -2 4 -2
948 382 3 2 2 2
948 627 1 2
949 249 2 2 2
949 636 1 2
950 248 2 2 2
950 634 1 2
951 380 3 2 2 2
951 630 1 2
952 246 2 2 2
952 631 1 2
953 253 2 2 2
953 637 1 2
954 690 7 2 2 2 -2 2 4 -2
954 720 1 2
955 106 1 2
955 717 1 2
956 107 1 2
956 1021 3 2 2 2
956 1294 12 2 2 2 -2 2 4 -2 2 2 -2 4 -2
957 105 1 2
957 1474 7 2 2 2 4 -2 4 -2
958 110 1 2
958 721 1 2
959 1314 8 2 2 -2 2 2 2 2 2
959 1473 7 2 2 2 4 -2 4 -2
960 108 1 2
960 719 1 2
961 112 1 2
961 184 2 2 2
961 686 33 2 2 2 2 2 2 -2 2 4 -2 2 4 -2 4 -2 2 4 -2 4 -2 2 2 2 2 2 2 2 2 4 -2 2 4 -2
961 1022 3 2 2 2
962 681 1 2
962 729 7 2 2 2 -2 2 4 -2
962 1469 5 4 -2 4 -2 2
963 853 4 2 2 2 -2
963 1320 4 4 -2 4 -2
964 683 1 2
964 854 4 2 2 2 -2
964 1321 4 4 -2 4 -2
965 856 4 2 2 2 -2
965 1430 7 2 2 2 4 -2 4 -2
966 890 5 2 2 2 4 -2
966 1322 4 4 -2 4 -2
967 682 1 2
967 850 4 2 2 2 -2
967 1323 4 4 -2 4 -2
968 891 5 2 2 2 4 -2
968 1434 7 2 2 2 -2 4 -2 2
969 680 1 2
969 851 4 2 2 2 -2
969 1325 4 4 -2 4 -2
970 852 4 2 2 2 -2
970 889 5 2 2 2 4 -2
970 1476 5 4 -2 4 -2 2
971 858 2 4 -2
971 1265 3 2 2 -2
972 1050 7 4 -2 4 -2 2 4 -2
972 1263 3 2 2 -2
973 1074 6 2 2 -2 2 4 -2
973 1269 4 4 -2 4 -2
974 1260 3 2 2 -2
974 1271 4 4 -2 4 -2
975 1273 4 4 -2 4 -2
975 1362 13 2 2 -2 4 -2 2 2 2 4 -2 4 -2 2
976 863 2 4 -2
976 1266 3 2 2 -2
977 862 2 4 -2
977 1259 3 2 2 -2
978 861 2 4 -2
978 1264 3 2 2 -2
979 190 2 2 2
979 713 1 2
980 188 2 2 2
980 714 5 4 -2 2 4 -2
980 715 1 2
980 1318 3 2 2 -2
981 662 22 2 2 2 2 2 2 2 2 -2 2 4 -2 4 -2 2 4 -2 2 4 -2 4 -2
981 709 1 2
981 1315 3 2 2 -2
982 1258 14 4 -2 2 4 -2 2 2 -2 4 -2 2 2 4 -2
982 1317 3 2 2 -2
983 185 2 2 2
983 710 5 4 -2 2 4 -2
983 712 1 2
983 1428 4 2 2 -2 2
984 1279 3 2 2 -2
984 1295 4 4 -2 4 -2
984 1474 11 4 -2 2 4 -2 2 2 4 -2 4 -2
985 739 8 2 2 2 4 -2 2 4 -2
985 868 2 4 -2
985 1284 3 2 2 -2
986 740 8 2 2 2 4 -2 2 4 -2
986 1281 3 2 2 -2
986 1298 4 4 -2 4 -2
987 1401 4 2 2 -2 2
987 1498 6 4 -2 4 -2 2 2
988 741 8 2 2 2 4 -2 2 4 -2
988 867 2 4 -2
988 1286 3 2 2 -2
989 456 11 4 -2 4 -2 2 2 4 -2 2 2 2
989 769 9 4 -2 4 -2 2 2 4 -2 2
989 780 13 4 -2 4 -2 4 -2 2 2 2 -2 2 4 -2
989 802 18 4 -2 4 -2 4 -2 2 2 2 4 -2 2 4 -2 2 2 4 -2
989 1283 3 2 2 -2
989 1397 11 4 -2 4 -2 2 2 4 -2 2 2 -2
989 1448 17 4 -2 2 4 -2 2 2 4 -2 4 -2 4 -2 4 -2 4 -2
989 1496 13 4 -2 4 -2 4 -2 2 2 2 4 -2 4 -2
989 1497 13 4 -2 4 -2 4 -2 2 2 2 -2 4 -2 2
990 744 8 2 2 2 4 -2 2 4 -2
990 872 2 4 -2
990 1285 3 2 2 -2
991 871 2 4 -2
991 1276 3 2 2 -2
992 745 8 2 2 2 4 -2 2 4 -2
992 870 2 4 -2
992 1282 3 2 2 -2
993 922 11 2 2 2 2 2 2 2 2 -2 4 -2
993 1061 3 2 2 2
994 101 1 2
994 178 2 2 2
994 516 9 2 2 2 2 2 4 -2 4 -2
994 1164 6 2 2 2 2 2 2
994 1338 9 2 2 2 2 2 2 2 2 -2
995 177 2 2 2
995 1064 3 2 2 2
995 1339 9 2 2 2 2 2 2 2 2 -2
996 99 1 2
996 1066 3 2 2 2
996 1216 12 2 2 2 2 2 2 2 2 -2 2 4 -2
997 104 1 2
997 176 2 2 2
997 1057 3 2 2 2
997 1335 9 2 2 2 2 2 2 2 2 -2
998 103 1 2
998 175 2 2 2
998 520 9 2 2 2 2 2 4 -2 4 -2
998 920 11 2 2 2 2 2 2 2 2 -2 4 -2
998 1160 6 2 2 2 2 2 2
999 1063 3 2 2 2
999 1420 7 2 2 2 -2 4 -2 2
999 1454 4 2 2 -2 2
1000 100 1 2
1000 174 2 2 2
1000 1065 3 2 2 2
1000 1337 9 2 2 2 2 2 2 2 2 -2
1001 102 1 2
1001 1062 3 2 2 2
1001 1419 7 2 2 2 -2 4 -2 2
1002 194 2 2 2
1002 706 1 2
1002 1303 4 4 -2 4 -2
1003 193 2 2 2
1003 708 1 2
1003 845 2 4 -2
1003 1273 3 2 2 -2
1004 702 1 2
1004 1050 6 2 2 -2 2 4 -2
1004 1155 8 2 2 2 2 2 -2 4 -2
1004 1306 4 4 -2 4 -2
1005 191 2 2 2
1005 705 1 2
1005 848 2 4 -2
1005 1258 7 2 2 -2 2 2 4 -2
1006 698 1 2
1006 1182 8 2 2 2 2 2 -2 4 -2
1006 1416 5 4 -2 4 -2 2
1007 97 1 2
1007 700 1 2
1007 1419 5 4 -2 4 -2 2
1008 91 1 2
1008 694 1 2
1008 1412 5 4 -2 4 -2 2
1009 98 1 2
1009 701 1 2
1009 1420 5 4 -2 4 -2 2
1010 93 1 2
1010 696 1 2
1010 1479 6 4 -2 4 -2 2 2
1011 96 1 2
1011 1025 3 2 2 2
1011 1190 8 2 2 2 2 2 -2 4 -2
1011 1477 6 4 -2 4 -2 2 2
1012 94 1 2
1012 697 1 2
1012 1415 5 4 -2 4 -2 2
1013 681 22 2 2 4 -2 4 -2 2 2 2 2 2 -2 4 -2 2 4 -2 4 -2 2 4 -2
1013 685 23 2 2 4 -2 4 -2 2 2 2 2 4 -2 4 -2 2 2 2 -2 4 -2 2 4 -2
1013 688 19 2 2 4 -2 4 -2 2 2 2 2 2 2 2 2 4 -2 2 4 -2
1013 693 22 2 2 4 -2 4 -2 2 2 2 2 2 -2 2 4 -2 2 2 4 -2 2 4 -2
1013 711 24 2 2 4 -2 4 -2 2 2 2 2 2 -2 4 -2 2 4 -2 2 2 2 -2 2 4 -2
1013 938 18 2 2 4 -2 4 -2 2 2 2 2 2 -2 4 -2 2 2 4 -2
1013 1153 5 2 2 -2 4 -2
1013 1158 25 2 2 4 -2 4 -2 2 2 2 2 2 -2 4 -2 2 4 -2 2 2 2 2 2 -2 4 -2
1013 1274 20 2 2 4 -2 4 -2 2 2 2 2 2 -2 4 -2 2 4 -2 2 2 -2
1014 74 1 2
1014 657 1 2
1015 77 1 2
1015 566 10 2 2 2 2 -2 4 -2 2 4 -2
1016 499 6 2 2 4 -2 4 -2
1016 1155 5 2 2 -2 4 -2
1017 566 21 2 2 2 -2 2 4 -2 2 4 -2 4 -2 2 2 2 -2 4 -2 2 4 -2
1017 1465 4 4 -2 4 -2
1018 666 13 2 2 2 4 -2 2 4 -2 2 4 -2 4 -2
1018 1467 4 4 -2 4 -2
1019 669 13 2 2 2 4 -2 2 4 -2 2 4 -2 4 -2
1019 1468 4 4 -2 4 -2
1020 657 12 2 2 2 -2 2 4 -2 2 4 -2 4 -2
1020 1470 4 4 -2 4 -2
1021 662 13 2 2 2 4 -2 2 4 -2 2 4 -2 4 -2
1021 1471 4 4 -2 4 -2
1022 686 30 2 2 2 -2 2 4 -2 2 4 -2 4 -2 2 4 -2 4 -2 2 2 2 2 2 2 2 2 4 -2 2 4 -2
1022 1476 4 4 -2 4 -2
1023 497 6 2 2 4 -2 4 -2
1023 1412 4 4 -2 4 -2
1024 496 6 2 2 4 -2 4 -2
1024 753 5 4 -2 2 4 -2
1024 1184 5 2 2 -2 4 -2
1024 1413 4 4 -2 4 -2
1025 882 2 4 -2
1025 1190 5 2 2 -2 4 -2
1026 494 6 2 2 4 -2 4 -2
1026 1185 5 2 2 -2 4 -2
1027 493 6 2 2 4 -2 4 -2
1027 1182 5 2 2 -2 4 -2
1027 1415 4 4 -2 4 -2
1028 492 6 2 2 4 -2 4 -2
1028 1416 4 4 -2 4 -2
1029 881 2 4 -2
1029 1188 5 2 2 -2 4 -2
1030 1023 6 4 -2 4 -2 4 -2
1030 1186 5 2 2 -2 4 -2
1031 490 6 2 2 4 -2 4 -2
1031 757 5 4 -2 2 4 -2
1031 1189 5 2 2 -2 4 -2
1031 1419 4 4 -2 4 -2
1032 489 6 2 2 4 -2 4 -2
1032 885 2 4 -2
1032 1187 5 2 2 -2 4 -2
1033 498 6 2 2 4 -2 4 -2
1033 884 2 4 -2
1033 1181 5 2 2 -2 4 -2
1034 532 10 2 2 2 2 -2 4 -2 2 4 -2
1034 770 5 4 -2 2 4 -2
1034 1203 5 2 2 -2 4 -2
1034 1445 4 4 -2 4 -2
1035 778 5 4 -2 2 4 -2
1035 1469 10 4 -2 4 -2 4 -2 4 -2 4 -2
1036 776 5 4 -2 2 4 -2
1036 1209 5 2 2 -2 4 -2
1036 1446 4 4 -2 4 -2
1037 1202 5 2 2 -2 4 -2
1037 1447 4 4 -2 4 -2
1038 71 1 2
1038 292 6 4 -2 2 4 -2 2
1038 536 10 2 2 2 2 -2 4 -2 2 4 -2
1038 1316 8 4 -2 4 -2 2 2 2 2
1038 1466 10 4 -2 4 -2 4 -2 4 -2 4 -2
1039 70 1 2
1039 535 10 2 2 2 2 -2 4 -2 2 4 -2
1039 1449 4 4 -2 4 -2
1040 1022 6 4 -2 4 -2 4 -2
1040 1201 5 2 2 -2 4 -2
1041 72 1 2
1041 534 10 2 2 2 2 -2 4 -2 2 4 -2
1041 774 5 4 -2 2 4 -2
1041 1450 4 4 -2 4 -2
1042 772 5 4 -2 2 4 -2
1042 1206 5 2 2 -2 4 -2
1042 1319 8 4 -2 4 -2 2 2 2 2
1042 1474 10 4 -2 4 -2 4 -2 4 -2 4 -2
1043 73 1 2
1043 533 10 2 2 2 2 -2 4 -2 2 4 -2
1043 777 5 4 -2 2 4 -2
1043 1451 4 4 -2 4 -2
1044 421 3 2 2 2
1044 1203 3 2 2 2
1045 9 4 2 2 2 2
1045 422 3 2 2 2
1045 490 4 2 2 2 2
1046 10 4 2 2 2 2
1046 1206 3 2 2 2
1047 424 3 2 2 2
1047 1208 3 2 2 2
1048 419 3 2 2 2
1048 1201 3 2 2 2
1049 11 4 2 2 2 2
1049 420 3 2 2 2
1049 494 4 2 2 2 2
1050 12 4 2 2 2 2
1050 238 7 2 2 2 2 -2 2 2
1050 557 10 2 2 2 2 -2 4 -2 2 4 -2
1050 618 6 2 2 2 2 -2 2
1050 1205 3 2 2 2
1051 423 3 2 2 2
1051 1207 3 2 2 2
1052 1170 9 2 2 2 2 2 -2 2 4 -2
1052 1204 3 2 2 2
1053 19 4 2 2 2 2
1053 483 6 2 2 4 -2 4 -2
1053 1155 3 2 2 2
1053 1162 5 2 2 -2 4 -2
1054 481 6 2 2 4 -2 4 -2
1054 929 5 2 2 2 2 -2
1054 1054 12 4 -2 4 -2 4 -2 4 -2 4 -2 4 -2
1054 1149 3 2 2 2
1054 1501 12 2 2 2 2 2 2 2 -2 4 -2 4 -2
1055 384 6 2 2 2 2 2 2
1055 646 1 2
1055 880 2 4 -2
1055 1333 8 2 2 -2 4 -2 2 2 -2
1056 24 4 2 2 2 2
1056 486 6 2 2 4 -2 4 -2
1056 879 2 4 -2
1056 930 5 2 2 2 2 -2
1056 1158 3 2 2 2
1056 1159 5 2 2 -2 4 -2
1057 522 6 2 2 4 -2 4 -2
1057 1161 3 2 2 2
1057 1335 6 2 2 2 2 2 -2
1057 1400 4 4 -2 4 -2
1058 521 6 2 2 4 -2 4 -2
1058 591 9 2 2 2 2 2 4 -2 4 -2
1058 1213 9 2 2 2 2 2 -2 2 4 -2
1058 1401 4 4 -2 4 -2
1059 919 8 2 2 2 2 2 -2 4 -2
1059 1159 3 2 2 2
1059 1402 4 4 -2 4 -2
1060 519 6 2 2 4 -2 4 -2
1060 1333 6 2 2 2 2 2 -2
1061 518 6 2 2 4 -2 4 -2
1061 922 8 2 2 2 2 2 -2 4 -2
1061 1165 3 2 2 2
1061 1403 4 4 -2 4 -2
1062 517 6 2 2 4 -2 4 -2
1062 598 9 2 2 2 2 2 4 -2 4 -2
1062 1404 4 4 -2 4 -2
1063 596 9 2 2 2 2 2 4 -2 4 -2
1063 1405 4 4 -2 4 -2
1064 1163 3 2 2 2
1064 1339 6 2 2 2 2 2 -2
1064 1406 4 4 -2 4 -2
1065 515 6 2 2 4 -2 4 -2
1065 1337 6 2 2 2 2 2 -2
1065 1408 4 4 -2 4 -2
1066 514 6 2 2 4 -2 4 -2
1066 1162 3 2 2 2
1066 1216 9 2 2 2 2 2 -2 2 4 -2
1066 1409 4 4 -2 4 -2
1067 523 6 2 2 4 -2 4 -2
1067 1166 3 2 2 2
1067 1336 6 2 2 2 2 2 -2
1067 1411 4 4 -2 4 -2
1068 429 3 2 2 2
1068 666 1 2
1068 1452 4 4 -2 4 -2
1069 431 3 2 2 2
1069 663 1 2
1069 1453 4 4 -2 4 -2
1070 426 3 2 2 2
1070 669 1 2
1070 1454 4 4 -2 4 -2
1071 27 4 2 2 2 2
1071 510 6 2 2 4 -2 4 -2
1071 1217 3 2 2 2
1072 432 3 2 2 2
1072 662 1 2
1072 1456 4 4 -2 4 -2
1073 425 3 2 2 2
1073 670 1 2
1073 1457 4 4 -2 4 -2
1074 79 1 2
1074 668 1 2
1074 1458 4 4 -2 4 -2
1075 78 1 2
1075 664 1 2
1075 1459 4 4 -2 4 -2
1076 80 1 2
1076 427 3 2 2 2
1076 506 6 2 2 4 -2 4 -2
1076 1212 3 2 2 2
1076 1461 4 4 -2 4 -2
1077 33 4 2 2 2 2
1077 665 1 2
1077 1462 4 4 -2 4 -2
1078 34 4 2 2 2 2
1078 81 1 2
1078 433 3 2 2 2
1078 513 6 2 2 4 -2 4 -2
1078 523 4 2 2 2 2
1078 1464 4 4 -2 4 -2
1079 258 2 2 2
1079 563 1 2
1080 55 1 2
1080 560 1 2
1081 53 1 2
1081 559 1 2
1082 57 1 2
1082 564 1 2
1083 54 1 2
1083 762 6 2 2 4 -2 4 -2
1083 836 7 2 2 2 2 -2 4 -2
1083 873 8 2 2 2 2 2 2 4 -2
1084 56 1 2
1084 562 1 2
1085 58 1 2
1085 259 2 2 2
1085 313 10 2 2 4 -2 4 -2 2 2 2 2
1085 331 3 2 2 2
1085 644 12 2 2 4 -2 4 -2 2 2 -2 2 4 -2
1085 738 9 2 2 4 -2 4 -2 2 2 2
1085 908 3 2 2 2
1085 958 10 2 2 4 -2 4 -2 2 2 2 -2
1085 986 20 2 2 4 -2 4 -2 2 2 2 2 -2 4 -2 4 -2 4 -2 2 4 -2
1085 1340 11 2 2 4 -2 4 -2 2 2 -2 4 -2
1085 1511 15 2 2 4 -2 4 -2 2 2 2 2 -2 2 2 2 2
1086 530 1 2
1086 797 4 2 2 2 -2
1087 528 1 2
1087 791 4 2 2 2 -2
1088 540 8 2 2 2 4 -2 2 4 -2
1088 792 4 2 2 2 -2
1089 789 13 2 2 2 4 -2 2 4 -2 2 4 -2 4 -2
1089 793 4 2 2 2 -2
1090 541 8 2 2 2 4 -2 2 4 -2
1090 630 7 2 2 2 -2 2 4 -2
1091 542 8 2 2 2 4 -2 2 4 -2
1091 795 4 2 2 2 -2
1092 1352 11 2 2 4 -2 4 -2 2 2 -2 4 -2
1092 1478 3 2 2 -2
1093 1145 14 2 2 4 -2 4 -2 2 2 2 2 -2 2 4 -2
1093 1480 3 2 2 -2
1094 750 6 2 2 4 -2 4 -2
1094 813 8 2 2 -2 2 4 -2 4 -2
1095 747 6 2 2 4 -2 4 -2
1095 1483 3 2 2 -2
1096 752 6 2 2 4 -2 4 -2
1096 1481 3 2 2 -2
1097 107 10 2 2 2 -2 2 4 -2 2 2 2
1097 360 6 2 2 2 2 2 2
1097 567 4 2 2 2 2
1097 956 9 2 2 2 -2 2 4 -2 2 2
1097 1122 11 2 2 2 -2 2 4 -2 2 2 2 -2
1098 264 2 2 2
1098 553 1 2
1098 1509 3 2 2 -2
1099 161 9 2 2 -2 4 -2 2 2 2 2
1099 192 12 2 2 -2 4 -2 2 2 2 2 -2 2 2
1099 263 2 2 2
1099 557 1 2
1099 650 12 2 2 -2 4 -2 2 2 2 -2 2 4 -2
1099 707 11 2 2 -2 4 -2 2 2 2 2 -2 2
1099 844 12 2 2 -2 4 -2 2 2 2 2 -2 4 -2
1099 1227 8 2 2 -2 4 -2 2 2 2
1099 1275 13 2 2 -2 4 -2 2 2 2 2 -2 2 2 -2
1099 1333 12 2 2 -2 2 4 -2 4 -2 4 -2 2 2
1099 1368 8 2 2 -2 4 -2 2 2 -2
1100 230 13 2 2 2 2 2 2 2 -2 2 2 2 2 2
1100 434 8 2 2 -2 4 -2 2 2 2
1100 612 18 2 2 2 2 2 2 2 -2 2 2 2 2 -2 4 -2 2 4 -2
1100 760 6 2 2 -2 4 -2 2
1100 806 4 2 2 2 -2
1100 943 11 2 2 2 2 2 2 2 -2 2 2 2
1100 972 17 2 2 2 2 2 2 2 -2 2 2 2 -2 4 -2 2 4 -2
1100 988 6 2 2 2 2 2 2
1100 1286 9 2 2 2 2 2 2 2 2 -2
1100 1319 10 2 2 2 2 2 2 -2 4 -2 2
1100 1370 8 2 2 -2 4 -2 2 2 -2
1100 1417 15 2 2 2 2 2 2 2 -2 2 2 -2 2 2 2 2
1101 239 5 2 2 2 2 2
1101 552 1 2
1101 1510 3 2 2 -2
1102 262 2 2 2
1102 558 1 2
1102 1376 4 2 2 -2 2
1103 159 9 2 2 -2 4 -2 2 2 2 2
1103 261 2 2 2
1103 555 1 2
1103 652 12 2 2 -2 4 -2 2 2 2 -2 2 4 -2
1103 820 8 2 2 -2 2 4 -2 4 -2
1103 1003 10 2 2 -2 4 -2 2 2 2 2 -2
1103 1222 8 2 2 -2 4 -2 2 2 2
1103 1372 8 2 2 -2 4 -2 2 2 -2
1104 260 2 2 2
1104 554 1 2
1104 1507 3 2 2 -2
1105 40 1 2
1105 525 1 2
1106 531 8 2 2 2 4 -2 2 4 -2
1106 1248 5 2 2 -2 4 -2
1106 1360 4 2 2 -2 2
1107 666 12 2 2 4 -2 4 -2 2 2 -2 2 4 -2
1107 1243 5 2 2 -2 4 -2
1108 524 1 2
1108 1491 3 2 2 -2
1109 668 12 2 2 4 -2 4 -2 2 2 -2 2 4 -2
1109 1354 4 2 2 -2 2
1110 43 1 2
1110 527 1 2
1111 41 1 2
1111 526 1 2
1112 39 1 2
1112 290 7 2 2 4 -2 4 -2 2
1112 374 13 2 2 2 4 -2 2 4 -2 2 2 2 2 2
1112 623 14 2 2 2 4 -2 2 4 -2 2 2 -2 2 4 -2
1112 919 10 2 2 2 4 -2 2 4 -2 2 2
1112 952 20 2 2 2 4 -2 2 4 -2 2 2 2 -2 4 -2 4 -2 2 2 4 -2
1112 1535 15 2 2 2 2 -2 4 -2 2 4 -2 2 2 -2 4 -2
1113 45 1 2
1113 291 7 2 2 4 -2 4 -2 2
1113 535 8 2 2 2 4 -2 2 4 -2
1113 585 10 2 2 2 2 -2 4 -2 2 4 -2
1114 937 3 2 2 2
1114 1259 9 2 2 2 2 2 2 2 2 -2
1115 224 5 2 2 2 2 2
1115 590 4 2 2 2 2
1115 610 10 2 2 2 2 -2 4 -2 2 4 -2
1115 975 9 2 2 2 -2 4 -2 2 4 -2
1115 1027 9 2 2 -2 2 2 2 2 4 -2
1116 229 5 2 2 2 2 2
1116 823 4 2 2 2 -2
1116 935 3 2 2 2
1116 1399 4 2 2 -2 2
1117 225 5 2 2 2 2 2
1117 824 4 2 2 2 -2
1117 940 3 2 2 2
1118 223 5 2 2 2 2 2
1118 942 3 2 2 2
1118 1415 7 2 2 -2 2 2 2 2
1119 227 5 2 2 2 2 2
1119 595 4 2 2 2 2
1119 617 10 2 2 2 2 -2 4 -2 2 4 -2
1119 819 4 2 2 2 -2
1120 822 4 2 2 2 -2
1120 938 3 2 2 2
1120 1121 11 2 2 2 2 2 2 -2 4 -2 4 -2
1120 1395 4 2 2 -2 2
1121 269 2 2 2
1121 548 1 2
1122 268 2 2 2
1122 545 1 2
1122 1145 11 2 2 -2 4 -2 2 2 -2 2 4 -2
1123 267 2 2 2
1123 550 1 2
1123 1138 11 2 2 -2 4 -2 2 2 -2 2 4 -2
1123 1143 7 2 2 -2 2 2 4 -2
1124 351 6 2 2 2 2 2 2
1124 737 6 2 2 4 -2 4 -2
1124 896 3 2 2 2
1124 1144 11 2 2 -2 4 -2 2 2 -2 2 4 -2
1124 1524 12 2 2 2 -2 2 4 -2 2 2 -2 4 -2
1125 544 1 2
1125 1146 11 2 2 -2 4 -2 2 2 -2 2 4 -2
1125 1396 15 2 2 2 2 2 2 2 2 2 -2 4 -2 2 2 2
1126 266 2 2 2
1126 549 1 2
1126 1140 11 2 2 -2 4 -2 2 2 -2 2 4 -2
1127 265 2 2 2
1127 547 1 2
1127 1486 3 2 2 -2
1128 355 6 2 2 2 2 2 2
1128 577 10 2 2 2 2 -2 4 -2 2 4 -2
1128 608 7 2 2 2 -2 2 4 -2
1128 738 6 2 2 4 -2 4 -2
1128 900 3 2 2 2
1129 47 1 2
1129 538 1 2
1130 51 1 2
1130 542 1 2
1131 786 6 2 2 4 -2 4 -2
1131 1011 9 2 2 2 -2 4 -2 2 4 -2
1132 537 1 2
1132 1319 6 2 2 -2 2 2 2
1133 52 1 2
1133 543 1 2
1134 541 1 2
1134 813 4 2 2 2 -2
1135 48 1 2
1135 539 1 2
1136 549 8 2 2 2 4 -2 2 4 -2
1136 781 6 2 2 4 -2 4 -2
1136 1384 4 2 2 -2 2
1137 49 1 2
1137 540 1 2
1138 277 2 2 2
1138 335 3 2 2 2
1138 778 6 2 2 4 -2 4 -2
1138 948 3 2 2 2
1139 61 1 2
1139 247 5 2 2 2 2 2
1139 276 2 2 2
1139 338 3 2 2 2
1139 628 4 2 2 2 2
1139 777 6 2 2 4 -2 4 -2
1140 67 1 2
1140 252 5 2 2 2 2 2
1140 275 2 2 2
1140 945 3 2 2 2
1141 273 2 2 2
1141 337 3 2 2 2
1141 775 6 2 2 4 -2 4 -2
1141 951 3 2 2 2
1142 59 1 2
1142 246 5 2 2 2 2 2
1142 774 6 2 2 4 -2 4 -2
1142 952 3 2 2 2
1143 68 1 2
1143 292 7 2 2 4 -2 4 -2 2
1143 332 3 2 2 2
1143 944 3 2 2 2
1144 65 1 2
1144 272 2 2 2
1144 378 6 2 2 2 2 2 2
1144 633 4 2 2 2 2
1145 62 1 2
1145 336 3 2 2 2
1145 950 3 2 2 2
1146 66 1 2
1146 271 2 2 2
1146 333 3 2 2 2
1146 771 6 2 2 4 -2 4 -2
1146 946 3 2 2 2
1147 63 1 2
1147 249 5 2 2 2 2 2
1147 270 2 2 2
1147 770 6 2 2 4 -2 4 -2
1147 949 3 2 2 2
1148 69 1 2
1148 278 2 2 2
1148 340 3 2 2 2
1148 779 6 2 2 4 -2 4 -2
1148 953 3 2 2 2
1149 509 1 2
1149 1501 9 2 2 2 2 -2 4 -2 4 -2
1150 18 1 2
1150 507 1 2
1151 23 1 2
1151 796 7 2 2 2 2 2 2 -2
1152 17 1 2
1152 505 1 2
1153 384 3 2 2 2
1153 512 1 2
1154 21 1 2
1154 511 1 2
1155 19 1 2
1155 388 3 2 2 2
1155 1087 3 2 2 2
1156 22 1 2
1156 385 3 2 2 2
1156 609 6 2 2 4 -2 4 -2
1156 1086 3 2 2 2
1157 20 1 2
1157 508 1 2
1158 24 1 2
1158 513 1 2
1159 597 6 2 2 4 -2 4 -2
1159 640 10 4 -2 2 4 -2 2 4 -2 4 -2
1159 919 5 2 2 -2 4 -2
1160 595 6 2 2 4 -2 4 -2
1160 920 5 2 2 -2 4 -2
1161 594 6 2 2 4 -2 4 -2
1161 1335 3 2 2 -2
1162 593 6 2 2 4 -2 4 -2
1162 1216 6 2 2 -2 2 4 -2
1163 638 10 4 -2 2 4 -2 2 4 -2 4 -2
1163 1339 3 2 2 -2
1164 590 6 2 2 4 -2 4 -2
1164 643 10 4 -2 2 4 -2 2 4 -2 4 -2
1164 1338 3 2 2 -2
1165 589 6 2 2 4 -2 4 -2
1165 642 10 4 -2 2 4 -2 2 4 -2 4 -2
1165 922 5 2 2 -2 4 -2
1166 599 6 2 2 4 -2 4 -2
1166 1336 3 2 2 -2
1167 502 1 2
1167 1503 6 2 2 2 2 2 -2
1168 35 4 2 2 2 2
1168 504 1 2
1168 1351 3 2 2 -2
1169 36 4 2 2 2 2
1169 499 1 2
1169 1350 3 2 2 -2
1170 37 4 2 2 2 2
1170 503 1 2
1170 633 16 2 2 -2 4 -2 4 -2 2 4 -2 2 2 -2 2 4 -2
1170 686 15 2 2 -2 4 -2 2 2 2 2 2 2 -2 2 4 -2
1170 722 9 2 2 -2 4 -2 2 2 2 2
1170 739 20 2 2 -2 4 -2 2 2 2 2 2 -2 4 -2 2 2 2 -2 2 4 -2
1170 811 23 2 2 -2 4 -2 2 2 2 2 2 -2 4 -2 2 2 4 -2 4 -2 2 2 4 -2
1170 1015 23 2 2 -2 4 -2 2 2 2 2 2 -2 4 -2 2 2 4 -2 4 -2 2 2 2 -2
1170 1123 10 2 2 -2 4 -2 2 2 2 2 -2
1170 1204 6 2 2 -2 2 4 -2
1170 1473 18 2 2 -2 4 -2 2 2 2 2 2 -2 2 4 -2 4 -2 4 -2
1170 1523 20 2 2 -2 4 -2 2 2 2 2 2 -2 4 -2 2 2 2 4 -2 4 -2
1171 561 11 2 2 2 2 2 2 4 -2 2 4 -2
1171 664 15 2 2 2 2 2 -2 4 -2 2 2 2 -2 2 4 -2
1171 1002 12 2 2 2 2 2 2 -2 4 -2 2 4 -2
1171 1349 3 2 2 -2
1172 559 11 2 2 2 2 2 2 4 -2 2 4 -2
1172 812 7 2 2 2 2 2 2 -2
1172 1352 3 2 2 -2
1172 1505 6 2 2 2 2 2 -2
1173 38 4 2 2 2 2
1173 501 1 2
1173 931 5 2 2 -2 4 -2
1174 4 1 2
1174 487 1 2
1174 653 10 4 -2 2 4 -2 2 4 -2 4 -2
1175 938 5 2 2 -2 4 -2
1175 1509 14 2 2 4 -2 4 -2 2 2 -2 4 -2 2 2 2
1176 936 5 2 2 -2 4 -2
1176 1281 12 2 2 4 -2 4 -2 2 2 4 -2 4 -2
1177 6 1 2
1177 650 10 4 -2 2 4 -2 2 4 -2 4 -2
1177 1027 14 2 2 2 2 -2 4 -2 2 4 -2 2 2 2 -2
1178 5 1 2
1178 1026 14 2 2 2 2 -2 4 -2 2 4 -2 2 2 2 -2
1179 655 10 4 -2 2 4 -2 2 4 -2 4 -2
1179 875 10 2 2 4 -2 4 -2 2 2 4 -2
1179 1346 3 2 2 -2
1180 1132 3 2 2 2
1180 1319 9 2 2 2 2 2 -2 2 2 2
1181 46 4 2 2 2 2
1181 393 3 2 2 2
1181 548 11 2 2 2 2 2 2 4 -2 2 4 -2
1181 782 9 2 2 2 2 2 4 -2 4 -2
1181 815 7 2 2 2 2 2 2 -2
1182 47 4 2 2 2 2
1182 1129 3 2 2 2
1182 1199 6 2 2 -2 2 4 -2
1183 48 4 2 2 2 2
1183 1135 3 2 2 2
1184 15 1 2
1184 49 4 2 2 2 2
1184 1137 3 2 2 2
1185 789 9 2 2 2 2 2 4 -2 4 -2
1185 1197 6 2 2 -2 2 4 -2
1186 16 1 2
1186 50 4 2 2 2 2
1186 392 3 2 2 2
1186 787 9 2 2 2 2 2 4 -2 4 -2
1186 1326 11 2 2 2 2 2 2 -2 4 -2 2 2
1187 675 10 2 2 2 2 -2 4 -2 2 4 -2
1187 813 7 2 2 2 2 2 2 -2
1187 1134 3 2 2 2
1187 1195 6 2 2 -2 2 4 -2
1188 51 4 2 2 2 2
1188 688 24 2 2 2 2 -2 4 -2 2 4 -2 2 2 4 -2 2 4 -2 2 2 4 -2 2 4 -2
1188 1130 3 2 2 2
1188 1193 6 2 2 -2 2 4 -2
1189 52 4 2 2 2 2
1189 1133 3 2 2 2
1190 550 11 2 2 2 2 2 2 4 -2 2 4 -2
1190 790 9 2 2 2 2 2 4 -2 4 -2
1190 807 14 2 2 2 2 -2 4 -2 2 4 -2 2 2 4 -2
1190 1008 12 2 2 2 2 2 2 -2 4 -2 2 4 -2
1190 1191 6 2 2 -2 2 4 -2
1190 1314 9 2 2 2 2 2 -2 2 2 2
1191 53 4 2 2 2 2
1191 573 6 2 2 4 -2 4 -2
1191 1081 3 2 2 2
1191 1256 11 2 2 2 2 -2 4 -2 4 -2 4 -2
1192 54 4 2 2 2 2
1192 572 6 2 2 4 -2 4 -2
1192 1083 3 2 2 2
1192 1258 11 2 2 2 2 -2 4 -2 4 -2 4 -2
1193 55 4 2 2 2 2
1193 1080 3 2 2 2
1193 1344 3 2 2 -2
1194 329 6 2 2 2 2 2 2
1194 561 4 2 2 2 2
1194 571 6 2 2 4 -2 4 -2
1194 1225 8 2 2 2 2 2 -2 4 -2
1194 1257 11 2 2 2 2 -2 4 -2 4 -2 4 -2
1194 1389 7 2 2 2 2 2 -2 2
1195 56 4 2 2 2 2
1195 570 6 2 2 4 -2 4 -2
1195 1084 3 2 2 2
1195 1341 3 2 2 -2
1196 258 5 2 2 2 2 2
1196 569 6 2 2 4 -2 4 -2
1196 1079 3 2 2 2
1196 1186 6 2 2 -2 2 4 -2
1196 1251 11 2 2 2 2 -2 4 -2 4 -2 4 -2
1197 99 13 2 2 2 2 2 2 -2 2 4 -2 2 2 2
1197 417 19 2 2 2 2 2 -2 4 -2 2 2 -2 2 2 2 4 -2 2 2 2
1197 548 10 2 2 -2 4 -2 4 -2 2 4 -2
1197 619 13 2 2 2 2 2 2 2 -2 4 -2 2 4 -2
1197 651 17 2 2 2 2 2 -2 4 -2 2 2 -2 2 2 2 4 -2 2
1197 761 21 2 2 2 2 2 -2 4 -2 2 2 -2 2 2 2 4 -2 4 -2 2 4 -2
1197 767 9 2 2 2 2 2 4 -2 4 -2
1197 840 14 2 2 2 2 -2 4 -2 2 4 -2 2 2 4 -2
1197 902 6 2 2 2 2 2 2
1197 926 27 2 2 2 2 2 2 -2 2 4 -2 2 2 2 -2 2 2 4 -2 4 -2 2 2 -2 4 -2 4 -2
1197 996 12 2 2 2 2 2 2 -2 2 4 -2 2 2
1197 1185 6 2 2 -2 2 4 -2
1197 1195 21 2 2 2 2 2 -2 4 -2 2 2 -2 2 2 2 4 -2 2 2 -2 4 -2
1197 1254 11 2 2 2 2 -2 4 -2 4 -2 4 -2
1197 1293 13 2 2 2 2 2 2 2 2 2 -2 4 -2 2
1197 1390 7 2 2 2 2 2 -2 2
1197 1393 16 2 2 2 2 2 -2 4 -2 2 2 -2 2 2 2 2 2
1198 57 4 2 2 2 2
1198 839 14 2 2 2 2 -2 4 -2 2 4 -2 2 2 4 -2
1198 1082 3 2 2 2
1198 1340 3 2 2 -2
1198 1358 14 2 2 2 2 -2 4 -2 4 -2 4 -2 2 2 -2
1199 256 5 2 2 2 2 2
1199 565 4 2 2 2 2
1199 568 6 2 2 4 -2 4 -2
1199 592 17 2 2 2 2 -2 4 -2 2 4 -2 2 2 4 -2 2 4 -2
1199 832 11 2 2 2 2 2 -2 2 4 -2 4 -2
1199 1227 8 2 2 2 2 2 -2 4 -2
1199 1253 11 2 2 2 2 -2 4 -2 4 -2 4 -2
1199 1345 3 2 2 -2
1200 558 21 2 2 2 2 2 2 2 -2 4 -2 4 -2 2 2 4 -2 4 -2 2 4 -2
1200 566 4 2 2 2 2
1200 567 6 2 2 4 -2 4 -2
1200 1388 7 2 2 2 2 2 -2 2
1201 493 1 2
1201 1480 6 2 2 2 2 2 -2
1202 14 1 2
1202 496 1 2
1203 8 1 2
1203 489 1 2
1204 497 1 2
1204 1170 6 2 2 -2 2 4 -2
1205 12 1 2
1205 495 1 2
1206 10 1 2
1206 1484 6 2 2 2 2 2 -2
1207 13 1 2
1207 628 6 2 2 4 -2 4 -2
1207 1482 6 2 2 2 2 2 -2
1208 492 1 2
1208 813 11 2 2 2 2 2 -2 2 4 -2 4 -2
1209 498 1 2
1209 1167 6 2 2 -2 2 4 -2
1209 1481 6 2 2 2 2 2 -2
1210 398 3 2 2 2
1210 518 1 2
1211 401 3 2 2 2
1211 516 1 2
1212 32 1 2
1212 521 1 2
1213 400 3 2 2 2
1213 623 6 2 2 4 -2 4 -2
1213 1145 3 2 2 2
1214 25 1 2
1214 514 1 2
1215 33 1 2
1215 522 1 2
1216 30 1 2
1216 520 1 2
1217 27 1 2
1217 399 3 2 2 2
1217 1144 3 2 2 2
1218 31 1 2
1218 395 3 2 2 2
1218 620 6 2 2 4 -2 4 -2
1218 1140 3 2 2 2
1219 28 1 2
1219 517 1 2
1220 297 2 2 2
1220 774 1 2
1221 154 1 2
1221 772 1 2
1222 159 1 2
1222 777 1 2
1223 152 1 2
1223 770 1 2
1224 160 1 2
1224 778 1 2
1225 158 1 2
1225 776 1 2
1226 155 1 2
1226 773 1 2
1227 161 1 2
1227 779 1 2
1228 132 1 2
1228 686 10 2 2 2 2 -2 4 -2 2 4 -2
1229 135 1 2
1229 693 10 2 2 2 2 -2 4 -2 2 4 -2
1230 133 1 2
1230 692 10 2 2 2 2 -2 4 -2 2 4 -2
1231 136 1 2
1231 691 10 2 2 2 2 -2 4 -2 2 4 -2
1232 137 1 2
1232 688 10 2 2 2 2 -2 4 -2 2 4 -2
1233 464 3 2 2 2
1233 1532 7 2 2 2 2 2 -2 2
1234 138 4 2 2 2 2
1234 148 1 2
1234 280 2 2 2
1234 465 3 2 2 2
1234 747 4 2 2 2 2
1235 147 1 2
1235 466 3 2 2 2
1235 1247 3 2 2 2
1236 151 1 2
1236 462 3 2 2 2
1236 1145 12 2 2 2 2 2 2 2 2 -2 2 4 -2
1237 150 1 2
1237 279 2 2 2
1237 463 3 2 2 2
1237 1534 7 2 2 2 2 2 -2 2
1238 142 4 2 2 2 2
1238 566 40 2 2 2 2 -2 2 2 2 2 2 2 -2 2 4 -2 2 4 -2 4 -2 2 2 -2 2 4 -2 2 4 -2 4 -2 2 2 2 -2 4 -2 2 4 -2
1238 582 19 2 2 2 2 -2 2 2 2 2 2 4 -2 4 -2 2 4 -2 4 -2
1238 582 17 2 2 2 2 -2 2 2 2 2 2 2 2 2 4 -2 4 -2
1238 715 10 2 2 2 2 -2 4 -2 2 4 -2
1238 860 9 2 2 2 2 -2 2 2 2 -2
1238 921 13 2 2 2 2 -2 2 2 2 2 2 2 2 -2
1238 935 16 2 2 2 2 -2 2 2 2 2 2 2 2 2 -2 4 -2
1238 1244 3 2 2 2
1238 1316 8 2 2 2 2 -2 2 2 -2
1238 1328 6 2 2 2 -2 4 -2
1238 1514 13 2 2 2 2 -2 2 2 2 4 -2 4 -2 2
1238 1540 4 2 2 -2 2
1239 145 4 2 2 2 2
1239 149 1 2
1239 1243 3 2 2 2
1240 139 1 2
1240 748 1 2
1241 144 1 2
1241 1352 6 2 2 2 -2 4 -2
1242 285 2 2 2
1242 1142 9 2 2 2 2 2 -2 2 4 -2
1243 145 1 2
1243 926 8 2 2 2 -2 4 -2 4 -2
1244 142 1 2
1244 751 1 2
1245 140 1 2
1245 749 1 2
1246 143 1 2
1246 1146 9 2 2 2 2 2 -2 2 4 -2
1247 141 1 2
1247 750 1 2
1248 146 1 2
1248 752 1 2
1249 323 2 2 2
1249 785 1 2
1250 164 1 2
1250 782 1 2
1251 171 1 2
1251 788 1 2
1252 165 1 2
1252 319 2 2 2
1252 474 3 2 2 2
1252 1256 3 2 2 2
1253 162 1 2
1253 780 1 2
1254 172 1 2
1254 789 1 2
1255 169 1 2
1255 787 1 2
1256 166 1 2
1256 783 1 2
1257 170 1 2
1257 315 2 2 2
1257 469 3 2 2 2
1257 1251 3 2 2 2
1258 167 1 2
1258 784 1 2
1259 1054 9 2 4 -2 4 -2 4 -2 4 -2
1259 1369 10 4 -2 2 2 2 4 -2 4 -2 2
1259 1404 8 4 -2 2 2 2 -2 4 -2
1260 1072 3 2 4 -2
1260 1405 8 4 -2 2 2 2 -2 4 -2
1261 1367 10 4 -2 2 2 2 4 -2 4 -2 2
1261 1406 8 4 -2 2 2 2 -2 4 -2
1262 1366 10 4 -2 2 2 2 4 -2 4 -2 2
1262 1463 7 2 4 -2 4 -2 4 -2
1263 999 19 4 -2 2 2 2 4 -2 4 -2 2 4 -2 4 -2 4 -2 2 4 -2
1263 1075 3 2 4 -2
1263 1409 8 4 -2 2 2 2 -2 4 -2
1264 1068 3 2 4 -2
1264 1411 8 4 -2 2 2 2 -2 4 -2
1265 1076 3 2 4 -2
1265 1374 10 4 -2 2 2 2 4 -2 4 -2 2
1265 1401 8 4 -2 2 2 2 -2 4 -2
1266 1070 3 2 4 -2
1266 1372 10 4 -2 2 2 2 4 -2 4 -2 2
1266 1402 8 4 -2 2 2 2 -2 4 -2
1267 1073 3 2 4 -2
1267 1371 10 4 -2 2 2 2 4 -2 4 -2 2
1268 1046 3 2 4 -2
1268 1250 4 2 2 4 -2
1269 1052 3 2 4 -2
1269 1251 4 2 2 4 -2
1270 802 12 4 -2 2 2 4 -2 4 -2 2 2 4 -2
1270 1044 3 2 4 -2
1271 657 18 4 -2 2 2 4 -2 4 -2 2 4 -2 4 -2 2 4 -2 4 -2
1271 952 18 4 -2 2 2 4 -2 4 -2 2 2 4 -2 4 -2 2 2 4 -2
1271 1252 4 2 2 4 -2
1272 1049 3 2 4 -2
1272 1253 4 2 2 4 -2
1273 14 7 2 4 -2 2 2 2 2
1273 661 18 4 -2 2 2 4 -2 4 -2 2 4 -2 4 -2 2 4 -2 4 -2
1273 803 12 4 -2 2 2 4 -2 4 -2 2 2 4 -2
1273 909 8 2 4 -2 2 2 2 2 -2
1273 1202 6 2 4 -2 2 2 2
1273 1254 4 2 2 4 -2
1274 491 7 2 4 -2 2 2 2 2
1274 671 8 4 -2 2 2 4 -2 4 -2
1274 910 8 2 4 -2 2 2 2 2 -2
1274 1256 4 2 2 4 -2
1275 805 12 4 -2 2 2 4 -2 4 -2 2 2 4 -2
1275 1048 3 2 4 -2
1276 1404 1 2
1276 1457 8 4 -2 2 2 2 -2 4 -2
1277 1056 14 4 -2 2 2 2 4 -2 2 4 -2 2 2 2 -2
1277 1402 1 2
1277 1458 8 4 -2 2 2 2 -2 4 -2
1278 653 18 4 -2 2 2 4 -2 4 -2 2 4 -2 4 -2 2 4 -2 4 -2
1278 814 12 4 -2 2 2 4 -2 4 -2 2 2 4 -2
1278 1459 8 4 -2 2 2 2 -2 4 -2
1278 1486 9 4 -2 2 2 2 4 -2 4 -2
1279 815 12 4 -2 2 2 4 -2 4 -2 2 2 4 -2
1279 1017 12 4 -2 2 2 4 -2 4 -2 2 2 2 -2
1279 1055 14 4 -2 2 2 2 4 -2 2 4 -2 2 2 2 -2
1279 1145 13 4 -2 2 2 2 4 -2 4 -2 2 2 4 -2
1279 1408 1 2
1280 1141 13 4 -2 2 2 2 4 -2 4 -2 2 2 4 -2
1280 1405 1 2
1280 1460 8 4 -2 2 2 2 -2 4 -2
1280 1466 16 4 -2 2 2 4 -2 4 -2 2 2 2 -2 4 -2 4 -2
1281 22 18 4 -2 2 2 2 4 -2 2 4 -2 2 2 2 -2 2 2 2 2
1281 480 20 4 -2 2 2 2 4 -2 2 4 -2 2 2 2 -2 2 2 4 -2 4 -2
1281 529 24 4 -2 2 2 2 4 -2 2 4 -2 2 2 2 -2 2 2 2 2 -2 4 -2 2 4 -2
1281 1143 17 4 -2 2 2 2 4 -2 4 -2 4 -2 2 2 -2 2 4 -2
1281 1156 17 4 -2 2 2 2 4 -2 2 4 -2 2 2 2 -2 2 2 2
1281 1400 1 2
1281 1462 8 4 -2 2 2 2 -2 4 -2
1282 1008 17 4 -2 2 2 4 -2 4 -2 2 2 4 -2 4 -2 2 4 -2
1282 1406 1 2
1282 1464 8 4 -2 2 2 2 -2 4 -2
1283 650 18 4 -2 2 2 4 -2 4 -2 2 4 -2 4 -2 2 4 -2 4 -2
1283 1019 12 4 -2 2 2 4 -2 4 -2 2 2 2 -2
1283 1138 6 2 2 2 2 4 -2
1283 1146 17 4 -2 2 2 2 4 -2 4 -2 4 -2 2 2 -2 2 4 -2
1283 1331 16 4 -2 2 2 4 -2 4 -2 2 2 4 -2 4 -2 2 2
1284 45 24 4 -2 2 2 4 -2 4 -2 2 4 -2 4 -2 2 4 -2 4 -2 2 2 2 2 2 2
1284 486 21 4 -2 2 2 4 -2 4 -2 2 4 -2 4 -2 2 4 -2 4 -2 2 2 2
1284 640 29 4 -2 2 2 4 -2 4 -2 2 4 -2 4 -2 2 4 -2 4 -2 2 2 -2 2 4 -2 2 4 -2 4 -2
1284 817 12 4 -2 2 2 4 -2 4 -2 2 2 4 -2
1284 855 29 4 -2 2 2 4 -2 4 -2 2 4 -2 4 -2 2 4 -2 4 -2 2 2 2 -2 2 2 2 2 2 2 -2
1284 1020 12 4 -2 2 2 4 -2 4 -2 2 2 2 -2
1284 1053 14 4 -2 2 2 2 4 -2 2 4 -2 2 2 2 -2
1284 1365 17 4 -2 2 2 2 4 -2 4 -2 2 2 4 -2 2 2 -2 2
1284 1410 1 2
1284 1453 8 4 -2 2 2 2 -2 4 -2
1284 1514 34 4 -2 2 2 4 -2 4 -2 2 4 -2 4 -2 2 4 -2 4 -2 2 2 2 2 -2 4 -2 2 2 2 -2 4 -2 2 2 2
1285 656 18 4 -2 2 2 4 -2 4 -2 2 4 -2 4 -2 2 4 -2 4 -2
1285 670 25 4 -2 2 2 4 -2 4 -2 2 2 2 -2 2 2 2 4 -2 2 4 -2 2 4 -2 4 -2
1285 818 12 4 -2 2 2 4 -2 4 -2 2 2 4 -2
1285 1140 13 4 -2 2 2 2 4 -2 4 -2 2 2 4 -2
1285 1403 1 2
1285 1454 8 4 -2 2 2 2 -2 4 -2
1286 655 18 4 -2 2 2 4 -2 4 -2 2 4 -2 4 -2 2 4 -2 4 -2
1286 1073 20 4 -2 2 2 2 4 -2 2 4 -2 2 2 2 -2 4 -2 4 -2 4 -2
1286 1145 17 4 -2 2 2 2 4 -2 4 -2 4 -2 2 2 -2 2 4 -2
1286 1326 16 4 -2 2 2 4 -2 4 -2 2 2 4 -2 4 -2 2 2
1286 1428 7 2 4 -2 4 -2 4 -2
1286 1472 16 4 -2 2 2 4 -2 4 -2 2 2 2 -2 4 -2 4 -2
1287 1416 8 4 -2 2 2 2 -2 4 -2
1287 1417 13 4 -2 2 2 2 4 -2 4 -2 2 2 2 2
1287 1513 2 2 2
1288 740 19 4 -2 2 2 2 4 -2 2 4 -2 2 2 2 -2 4 -2 2 4 -2
1288 1376 3 2 2 2
1288 1394 10 4 -2 2 2 2 4 -2 4 -2 2
1289 584 17 4 -2 2 2 2 4 -2 2 4 -2 2 2 4 -2 2 4 -2
1289 885 6 4 -2 2 2 2 -2
1289 1381 3 2 2 2
1289 1413 13 4 -2 2 2 2 4 -2 4 -2 2 2 2 2
1290 884 6 4 -2 2 2 2 -2
1290 1271 5 2 2 2 2 2
1291 155 8 2 2 4 -2 2 2 2 2
1291 653 15 4 -2 2 2 2 -2 2 4 -2 2 2 -2 2 4 -2
1291 673 24 4 -2 2 2 2 -2 2 4 -2 2 2 2 -2 2 2 -2 4 -2 2 2 4 -2 4 -2
1291 703 14 4 -2 2 2 2 -2 2 4 -2 2 2 2 -2 2
1291 715 20 4 -2 2 2 2 -2 2 4 -2 2 2 2 -2 2 2 2 -2 2 4 -2
1291 801 11 2 2 4 -2 2 2 -2 4 -2 4 -2
1291 847 15 4 -2 2 2 2 -2 2 4 -2 2 2 2 -2 4 -2
1291 1173 23 4 -2 2 2 2 -2 2 4 -2 2 2 2 2 2 2 2 2 -2 4 -2 2 4 -2
1291 1226 7 2 2 4 -2 2 2 2
1291 1302 20 4 -2 2 2 2 -2 2 4 -2 2 2 2 2 2 2 -2 4 -2 4 -2
1291 1310 13 2 2 4 -2 2 2 2 2 -2 4 -2 4 -2
1291 1379 3 2 2 2
1291 1415 13 4 -2 2 2 2 4 -2 4 -2 2 2 2 2
1292 882 6 4 -2 2 2 2 -2
1292 1398 10 4 -2 2 2 2 4 -2 4 -2 2
1292 1507 2 2 2
1293 103 20 4 -2 2 2 2 4 -2 2 4 -2 2 2 4 -2 2 4 -2 2 2 2
1293 746 19 4 -2 2 2 2 4 -2 2 4 -2 2 2 2 -2 4 -2 2 4 -2
1293 755 9 4 -2 2 2 2 -2 2 4 -2
1293 998 19 4 -2 2 2 2 4 -2 2 4 -2 2 2 4 -2 2 4 -2 2 2
1293 1027 15 4 -2 2 2 2 4 -2 4 -2 2 2 2 2 4 -2
1293 1096 21 4 -2 2 2 2 4 -2 2 4 -2 2 2 4 -2 2 4 -2 2 2 2 -2
1293 1438 24 4 -2 2 2 2 4 -2 2 4 -2 2 2 4 -2 2 4 -2 2 2 -2 4 -2 2 2
1294 672 10 4 -2 2 2 2 4 -2 2 4 -2
1294 1492 9 4 -2 2 2 2 4 -2 4 -2
1294 1499 2 2 2
1294 1499 9 4 -2 2 2 2 -2 4 -2 2
1295 304 13 4 -2 2 2 2 -2 4 -2 2 4 -2 2 2
1295 765 12 4 -2 2 2 2 -2 4 -2 2 4 -2 2
1295 784 9 4 -2 2 2 2 -2 2 4 -2
1295 800 14 4 -2 2 2 2 4 -2 2 4 -2 2 2 4 -2
1295 1539 4 2 2 2 2
1295 1541 11 4 -2 2 2 2 -2 4 -2 2 2 2
1296 1487 9 4 -2 2 2 2 4 -2 4 -2
1296 1543 11 4 -2 2 2 2 -2 4 -2 2 2 2
1297 1494 9 4 -2 2 2 2 4 -2 4 -2
1297 1540 4 2 2 2 2
1298 671 10 4 -2 2 2 2 4 -2 2 4 -2
1298 782 9 4 -2 2 2 2 -2 2 4 -2
1298 1488 9 4 -2 2 2 2 4 -2 4 -2
1298 1498 9 4 -2 2 2 2 -2 4 -2 2
1298 1542 4 2 2 2 2
1299 788 9 4 -2 2 2 2 -2 2 4 -2
1299 1500 9 4 -2 2 2 2 -2 4 -2 2
1299 1543 4 2 2 2 2
1300 135 11 2 2 4 -2 2 2 2 2 2 2 2
1300 786 9 4 -2 2 2 2 -2 2 4 -2
1300 1027 21 2 2 4 -2 2 2 2 2 2 2 2 -2 2 2 2 -2 4 -2 2 4 -2
1300 1067 15 2 2 4 -2 2 2 2 2 2 2 2 -2 2 2 2
1300 1121 6 2 2 2 2 4 -2
1300 1200 16 2 2 4 -2 2 2 2 2 2 2 -2 4 -2 2 4 -2
1300 1229 10 2 2 4 -2 2 2 2 2 2 2
1300 1336 21 2 2 4 -2 2 2 2 2 2 2 2 -2 2 2 2 2 2 2 2 2 -2
1300 1344 10 2 2 4 -2 2 2 2 -2 4 -2
1300 1388 10 2 2 4 -2 2 2 2 2 2 -2
1300 1459 16 2 2 4 -2 2 2 2 2 2 2 2 -2 2 2 -2 2
1300 1491 9 4 -2 2 2 2 4 -2 4 -2
1301 300 6 2 2 4 -2 2 2
1301 763 5 2 2 4 -2 2
1301 787 9 4 -2 2 2 2 -2 2 4 -2
1301 1359 10 4 -2 2 2 2 4 -2 4 -2 2
1301 1391 7 2 2 4 -2 2 2 -2
1301 1539 11 4 -2 2 2 2 -2 4 -2 2 2 2
1301 1544 4 2 2 2 2
1302 602 17 4 -2 2 2 2 4 -2 2 4 -2 2 2 4 -2 2 4 -2
1302 783 9 4 -2 2 2 2 -2 2 4 -2
1302 1489 9 4 -2 2 2 2 4 -2 4 -2
1303 1054 16 4 -2 2 2 2 -2 4 -2 4 -2 4 -2 4 -2 4 -2
1303 1511 9 4 -2 2 2 2 4 -2 4 -2
1304 826 12 4 -2 2 2 4 -2 4 -2 2 2 4 -2
1304 1068 10 4 -2 2 2 2 -2 4 -2 4 -2
1304 1507 9 4 -2 2 2 2 4 -2 4 -2
1305 827 12 4 -2 2 2 4 -2 4 -2 2 2 4 -2
1305 1444 16 4 -2 2 2 4 -2 4 -2 2 2 2 -2 4 -2 4 -2
1305 1513 9 4 -2 2 2 2 4 -2 4 -2
1306 880 6 4 -2 2 2 2 -2
1306 1508 9 4 -2 2 2 2 4 -2 4 -2
1307 677 8 4 -2 2 2 4 -2 4 -2
1307 879 6 4 -2 2 2 2 -2
1308 666 15 4 -2 2 2 2 -2 2 4 -2 2 2 -2 2 4 -2
1308 678 8 4 -2 2 2 4 -2 4 -2
1308 1510 9 4 -2 2 2 2 4 -2 4 -2
1309 676 8 4 -2 2 2 4 -2 4 -2
1309 878 6 4 -2 2 2 2 -2
1309 1381 10 4 -2 2 2 2 4 -2 4 -2 2
1310 832 12 4 -2 2 2 4 -2 4 -2 2 2 4 -2
1310 1040 12 4 -2 2 2 4 -2 4 -2 2 2 2 -2
1310 1173 17 4 -2 2 2 2 -2 2 4 -2 2 2 -2 4 -2 2 4 -2
1310 1509 9 4 -2 2 2 2 4 -2 4 -2
1311 764 9 4 -2 2 2 2 -2 2 4 -2
1311 1425 1 2
1312 566 38 4 -2 2 2 4 -2 4 -2 2 4 -2 4 -2 2 4 -2 4 -2 2 2 -2 2 4 -2 2 4 -2 4 -2 2 2 2 -2 4 -2 2 4 -2
1312 909 18 4 -2 2 2 4 -2 4 -2 2 2 4 -2 4 -2 2 2 4 -2
1313 558 23 4 -2 2 2 4 -2 4 -2 2 2 4 -2 4 -2 2 2 4 -2 4 -2 2 4 -2
1313 1044 12 4 -2 2 2 4 -2 4 -2 2 2 2 -2
1313 1431 1 2
1314 1045 12 4 -2 2 2 4 -2 4 -2 2 2 2 -2
1314 1429 1 2
1315 762 9 4 -2 2 2 2 -2 2 4 -2
1315 1423 1 2
1316 619 15 4 -2 2 2 4 -2 4 -2 2 2 4 -2 2 4 -2
1316 768 9 4 -2 2 2 2 -2 2 4 -2
1316 1046 12 4 -2 2 2 4 -2 4 -2 2 2 2 -2
1316 1430 1 2
1317 669 30 4 -2 2 2 4 -2 4 -2 2 4 -2 4 -2 2 4 -2 4 -2 2 2 4 -2 2 4 -2 2 4 -2 4 -2
1317 766 9 4 -2 2 2 2 -2 2 4 -2
1317 911 18 4 -2 2 2 4 -2 4 -2 2 2 4 -2 4 -2 2 2 4 -2
1317 1047 12 4 -2 2 2 4 -2 4 -2 2 2 2 -2
1317 1368 3 2 2 2
1318 686 47 4 -2 2 2 4 -2 4 -2 2 4 -2 4 -2 2 4 -2 4 -2 2 2 -2 2 4 -2 2 4 -2 4 -2 2 4 -2 4 -2 2 2 2 2 2 2 2 2 4 -2 2 4 -2
1318 761 9 4 -2 2 2 2 -2 2 4 -2
1318 833 12 4 -2 2 2 4 -2 4 -2 2 2 4 -2
1318 1049 12 4 -2 2 2 4 -2 4 -2 2 2 2 -2
1318 1065 3 2 4 -2
1319 767 9 4 -2 2 2 2 -2 2 4 -2
1319 834 12 4 -2 2 2 4 -2 4 -2 2 2 4 -2
1319 1051 12 4 -2 2 2 4 -2 4 -2 2 2 2 -2
1319 1427 1 2
1320 1033 14 4 -2 2 2 2 4 -2 2 4 -2 2 2 2 -2
1320 1467 1 2
1321 838 12 4 -2 2 2 4 -2 4 -2 2 2 4 -2
1321 1032 14 4 -2 2 2 2 4 -2 2 4 -2 2 2 2 -2
1321 1473 1 2
1322 491 20 4 -2 2 2 2 4 -2 2 4 -2 2 2 2 -2 2 2 4 -2 4 -2
1322 1465 1 2
1323 839 12 4 -2 2 2 4 -2 4 -2 2 2 4 -2
1323 1471 1 2
1324 619 10 2 2 2 4 -2 4 -2 2 4 -2
1324 820 11 2 2 4 -2 2 2 -2 4 -2 4 -2
1324 840 12 4 -2 2 2 4 -2 4 -2 2 2 4 -2
1324 1204 13 2 2 2 2 2 2 4 -2 2 2 -2 4 -2
1324 1520 7 2 2 2 2 2 2 2
1325 842 12 4 -2 2 2 4 -2 4 -2 2 2 4 -2
1325 1468 1 2
1326 540 7 4 -2 4 -2 2 4 -2
1326 1161 3 2 4 -2
1327 541 7 4 -2 4 -2 2 4 -2
1327 1333 6 2 4 -2 2 2 -2
1328 543 7 4 -2 4 -2 2 4 -2
1328 1165 3 2 4 -2
1329 537 7 4 -2 4 -2 2 4 -2
1329 598 9 2 4 -2 2 2 4 -2 4 -2
1330 542 7 4 -2 4 -2 2 4 -2
1330 1164 3 2 4 -2
1331 538 7 4 -2 4 -2 2 4 -2
1331 1337 6 2 4 -2 2 2 -2
1332 551 14 4 -2 4 -2 2 4 -2 2 2 4 -2 2 4 -2
1332 915 8 2 4 -2 2 2 -2 4 -2
1332 1331 14 4 -2 4 -2 2 4 -2 2 2 -2 4 -2 2 2
1333 921 2 4 -2
1333 1214 3 2 4 -2
1334 918 2 4 -2
1334 1211 3 2 4 -2
1335 917 2 4 -2
1335 1217 3 2 4 -2
1336 916 2 4 -2
1336 1210 3 2 4 -2
1337 925 2 4 -2
1337 1218 3 2 4 -2
1338 924 2 4 -2
1338 1212 3 2 4 -2
1339 97 6 4 -2 2 2 2 2
1339 1007 5 4 -2 2 2 2
1339 1099 7 4 -2 2 2 2 2 -2
1339 1215 3 2 4 -2
1340 547 7 4 -2 4 -2 2 4 -2
1340 1184 3 2 4 -2
1341 549 7 4 -2 4 -2 2 4 -2
1341 1187 3 2 4 -2
1342 551 7 4 -2 4 -2 2 4 -2
1342 1189 3 2 4 -2
1343 544 7 4 -2 4 -2 2 4 -2
1343 1180 3 2 4 -2
1344 550 7 4 -2 4 -2 2 4 -2
1344 1188 3 2 4 -2
1345 545 7 4 -2 4 -2 2 4 -2
1345 1182 3 2 4 -2
1346 665 13 2 4 -2 4 -2 2 4 -2 2 4 -2 4 -2
1346 940 2 4 -2
1347 666 13 2 4 -2 4 -2 2 4 -2 2 4 -2 4 -2
1347 974 5 4 -2 2 2 2
1347 1128 10 4 -2 2 2 2 -2 4 -2 4 -2
1347 1260 8 4 -2 2 2 2 2 2 -2
1347 1286 9 4 -2 2 2 2 -2 4 -2 2
1348 670 13 2 4 -2 4 -2 2 4 -2 2 4 -2 4 -2
1348 943 2 4 -2
1349 930 2 4 -2
1349 1203 3 2 4 -2
1350 928 2 4 -2
1350 1206 3 2 4 -2
1351 933 2 4 -2
1351 1207 3 2 4 -2
1352 932 2 4 -2
1352 1202 3 2 4 -2
1353 1181 11 4 -2 4 -2 4 -2 2 2 2 4 -2
1353 1266 2 2 2
1354 593 7 4 -2 4 -2 2 4 -2
1354 1093 3 2 4 -2
1354 1183 11 4 -2 4 -2 4 -2 2 2 2 4 -2
1354 1276 13 4 -2 4 -2 4 -2 2 4 -2 4 -2 4 -2
1355 838 4 4 -2 4 -2
1355 1074 5 2 2 2 4 -2
1356 596 7 4 -2 4 -2 2 4 -2
1356 1186 11 4 -2 4 -2 4 -2 2 2 2 4 -2
1356 1286 13 4 -2 4 -2 4 -2 2 4 -2 4 -2 4 -2
1356 1524 1 2
1357 839 4 4 -2 4 -2
1357 1529 1 2
1358 840 4 4 -2 4 -2
1358 1069 5 2 2 2 4 -2
1358 1365 12 2 2 4 -2 2 2 2 4 -2 4 -2 2
1358 1407 10 2 2 4 -2 2 2 2 -2 4 -2
1359 842 4 4 -2 4 -2
1359 1527 1 2
1360 843 4 4 -2 4 -2
1360 1094 3 2 4 -2
1361 859 11 4 -2 4 -2 2 4 -2 2 2 4 -2
1361 876 11 4 -2 4 -2 4 -2 2 4 -2 4 -2
1361 1531 1 2
1361 1538 12 4 -2 4 -2 2 4 -2 2 2 -2 4 -2
1362 947 10 4 -2 4 -2 4 -2 2 2 4 -2
1362 1309 2 2 2
1363 800 4 4 -2 4 -2
1363 1118 3 2 4 -2
1364 1115 3 2 4 -2
1364 1308 2 2 2
1365 1117 3 2 4 -2
1365 1307 2 2 2
1366 226 8 2 4 -2 2 2 2 2 2
1366 605 7 4 -2 4 -2 2 4 -2
1366 616 13 2 4 -2 2 2 2 2 -2 4 -2 2 4 -2
1366 820 7 2 4 -2 2 2 2 -2
1366 939 6 2 4 -2 2 2 2
1366 1413 10 2 4 -2 2 2 -2 2 2 2 2
1367 607 7 4 -2 4 -2 2 4 -2
1367 1120 3 2 4 -2
1367 1306 2 2 2
1368 802 4 4 -2 4 -2
1368 1114 3 2 4 -2
1369 952 10 4 -2 4 -2 4 -2 2 2 4 -2
1369 1034 14 2 2 4 -2 2 2 4 -2 4 -2 2 2 2 -2
1369 1078 12 2 2 4 -2 2 2 2 -2 4 -2 4 -2
1369 1512 11 2 2 4 -2 2 2 2 4 -2 4 -2
1370 1119 3 2 4 -2
1370 1305 2 2 2
1371 877 8 2 2 4 -2 2 2 2 -2
1371 997 9 4 -2 4 -2 4 -2 2 4 -2
1372 804 4 4 -2 4 -2
1372 1116 3 2 4 -2
1372 1303 2 2 2
1373 805 4 4 -2 4 -2
1373 934 6 2 4 -2 2 2 2
1373 1263 12 2 4 -2 2 2 2 2 2 2 2 2 -2
1373 1334 11 2 4 -2 2 2 2 -2 4 -2 2 2
1373 1391 7 2 4 -2 2 2 -2 2
1374 806 4 4 -2 4 -2
1374 1393 7 2 4 -2 2 2 -2 2
1375 1274 2 2 2
1375 1334 8 4 -2 4 -2 4 -2 2 2
1376 819 4 4 -2 4 -2
1376 1255 6 2 2 2 2 4 -2
1377 821 4 4 -2 4 -2
1377 1272 2 2 2
1378 822 4 4 -2 4 -2
1378 1269 2 2 2
1379 972 9 4 -2 4 -2 4 -2 2 4 -2
1379 1268 2 2 2
1380 859 11 4 -2 4 -2 4 -2 2 4 -2 4 -2
1380 1045 5 2 2 2 4 -2
1380 1249 6 2 2 2 2 4 -2
1380 1338 8 4 -2 4 -2 4 -2 2 2
1381 823 4 4 -2 4 -2
1381 1258 6 2 2 2 2 4 -2
1382 824 4 4 -2 4 -2
1382 1358 9 2 2 2 2 4 -2 2 2 -2
1383 612 7 4 -2 4 -2 2 4 -2
1383 999 14 2 2 2 2 2 4 -2 4 -2 4 -2 2 4 -2
1384 615 7 4 -2 4 -2 2 4 -2
1384 1432 3 2 2 2
1385 617 7 4 -2 4 -2 2 4 -2
1385 1315 2 2 2
1386 1433 3 2 2 2
1386 1524 12 4 -2 4 -2 2 4 -2 2 2 -2 4 -2
1387 1174 11 4 -2 4 -2 4 -2 2 2 2 4 -2
1387 1292 2 2 2
1388 825 4 4 -2 4 -2
1388 1508 4 2 2 2 2
1389 827 4 4 -2 4 -2
1389 1509 4 2 2 2 2
1390 990 9 4 -2 4 -2 4 -2 2 4 -2
1390 1514 4 2 2 2 2
1391 577 7 4 -2 4 -2 2 4 -2
1391 1132 3 2 4 -2
1391 1477 4 2 2 2 2
1392 1129 3 2 4 -2
1392 1479 4 2 2 2 2
1393 1023 5 2 2 2 4 -2
1393 1131 3 2 4 -2
1394 578 7 4 -2 4 -2 2 4 -2
1394 1135 3 2 4 -2
1394 1420 3 2 2 2
1395 581 7 4 -2 4 -2 2 4 -2
1395 1137 3 2 4 -2
1395 1412 3 2 2 2
1396 789 9 2 4 -2 2 2 4 -2 4 -2
1396 875 11 4 -2 4 -2 2 4 -2 2 2 4 -2
1396 1414 3 2 2 2
1397 1134 3 2 4 -2
1397 1419 3 2 2 2
1398 1130 3 2 4 -2
1398 1416 3 2 2 2
1398 1514 15 4 -2 4 -2 2 4 -2 2 2 -2 4 -2 2 2 2
1399 1133 3 2 4 -2
1399 1281 13 4 -2 4 -2 2 4 -2 2 2 4 -2 4 -2
1400 1140 5 2 2 2 4 -2
1400 1430 6 4 -2 4 -2 4 -2
1401 886 4 4 -2 4 -2
1401 1145 9 2 4 -2 2 2 -2 2 4 -2
1402 1144 5 2 2 2 4 -2
1402 1427 6 4 -2 4 -2 4 -2
1403 887 4 4 -2 4 -2
1403 1486 1 2
1404 888 4 4 -2 4 -2
1404 1145 5 2 2 2 4 -2
1405 1141 5 2 2 2 4 -2
1405 1424 6 4 -2 4 -2 4 -2
1406 1139 5 2 2 2 4 -2
1406 1423 6 4 -2 4 -2 4 -2
1407 889 4 4 -2 4 -2
1407 1140 9 2 4 -2 2 2 -2 2 4 -2
1408 1065 8 4 -2 4 -2 4 -2 4 -2
1408 1142 5 2 2 2 4 -2
1409 890 4 4 -2 4 -2
1409 1146 9 2 4 -2 2 2 -2 2 4 -2
1410 891 4 4 -2 4 -2
1410 1144 9 2 4 -2 2 2 -2 2 4 -2
1411 801 12 4 -2 4 -2 4 -2 2 2 4 -2 4 -2
1411 931 14 4 -2 4 -2 2 4 -2 2 2 -2 4 -2 4 -2
1411 1067 8 4 -2 4 -2 4 -2 4 -2
1411 1365 9 2 2 2 4 -2 2 2 -2 2
1412 818 6 2 2 4 -2 4 -2
1412 1030 2 4 -2
1413 1029 2 4 -2
1413 1478 1 2
1414 1026 2 4 -2
1414 1481 1 2
1415 1025 2 4 -2
1415 1238 3 2 4 -2
1416 883 4 4 -2 4 -2
1416 1483 1 2
1417 1024 2 4 -2
1417 1233 3 2 4 -2
1418 1033 2 4 -2
1418 1484 1 2
1419 813 6 2 2 4 -2 4 -2
1419 1421 6 4 -2 4 -2 4 -2
1420 1032 2 4 -2
1420 1480 1 2
1421 1031 2 4 -2
1421 1236 3 2 4 -2
1422 1180 7 4 -2 2 2 -2 4 -2
1422 1418 6 4 -2 4 -2 4 -2
1422 1485 1 2
1423 1064 2 4 -2
1423 1372 2 2 2
1424 1063 2 4 -2
1424 1371 2 2 2
1425 1061 2 4 -2
1425 1370 2 2 2
1426 1060 2 4 -2
1426 1369 2 2 2
1427 1059 2 4 -2
1427 1367 2 2 2
1428 1366 2 2 2
1428 1428 12 4 -2 4 -2 4 -2 4 -2 4 -2 4 -2
1429 1058 2 4 -2
1429 1365 2 2 2
1430 1057 2 4 -2
1430 1364 2 2 2
1431 1363 2 2 2
1431 1410 6 4 -2 4 -2 4 -2
1432 1066 2 4 -2
1432 1362 2 2 2
1433 1374 2 2 2
1433 1407 6 4 -2 4 -2 4 -2
1434 416 5 4 -2 2 2 2
1434 652 3 4 -2 2
1434 1197 7 4 -2 2 2 -2 4 -2
1434 1398 2 2 2
1435 212 4 4 -2 2 2
1435 654 3 4 -2 2
1435 764 7 4 -2 4 -2 2 4 -2
1435 1027 7 2 2 2 2 2 4 -2
1435 1199 7 4 -2 2 2 -2 4 -2
1436 418 5 4 -2 2 2 2
1436 650 3 4 -2 2
1436 1193 7 4 -2 2 2 -2 4 -2
1436 1397 2 2 2
1437 43 9 4 -2 2 2 2 2 2 2 2
1437 904 10 4 -2 2 2 2 2 2 -2 4 -2
1437 1110 8 4 -2 2 2 2 2 2 2
1437 1196 7 4 -2 2 2 -2 4 -2
1437 1417 5 2 2 2 2 2
1438 58 11 4 -2 2 2 -2 4 -2 2 2 2 2
1438 213 4 4 -2 2 2
1438 574 13 4 -2 2 2 -2 4 -2 2 2 4 -2 4 -2
1438 655 3 4 -2 2
1438 767 7 4 -2 4 -2 2 4 -2
1438 837 21 4 -2 2 2 -2 4 -2 2 2 2 2 -2 4 -2 2 4 -2 2 2 4 -2
1438 1085 10 4 -2 2 2 -2 4 -2 2 2 2
1438 1250 18 4 -2 2 2 -2 4 -2 2 2 2 2 -2 4 -2 4 -2 4 -2
1438 1343 10 4 -2 2 2 -2 4 -2 2 2 -2
1438 1395 2 2 2
1439 769 7 4 -2 4 -2 2 4 -2
1439 1394 2 2 2
1440 214 4 4 -2 2 2
1440 653 3 4 -2 2
1440 1392 2 2 2
1441 762 7 4 -2 4 -2 2 4 -2
1441 1198 7 4 -2 2 2 -2 4 -2
1441 1415 5 2 2 2 2 2
1442 40 9 4 -2 2 2 2 2 2 2 2
1442 485 6 4 -2 2 2 2 2
1442 765 7 4 -2 4 -2 2 4 -2
1442 893 7 4 -2 2 2 2 2 -2
1442 908 10 4 -2 2 2 2 2 2 -2 4 -2
1442 1200 7 4 -2 2 2 -2 4 -2
1443 579 9 2 2 4 -2 4 -2 2 4 -2
1443 1191 7 4 -2 2 2 -2 4 -2
1443 1316 11 2 2 2 4 -2 2 2 -2 2 2 2
1443 1422 5 2 2 2 2 2
1444 610 9 2 2 4 -2 4 -2 2 4 -2
1444 1021 2 4 -2
1444 1428 5 2 2 2 2 2
1445 1020 2 4 -2
1445 1311 4 2 2 2 2
1446 1019 2 4 -2
1446 1313 4 2 2 2 2
1447 1018 2 4 -2
1447 1385 2 2 2
1448 1384 2 2 2
1448 1448 12 4 -2 4 -2 4 -2 4 -2 4 -2 4 -2
1449 1017 2 4 -2
1449 1317 4 2 2 2 2
1450 1383 2 2 2
1450 1475 6 4 -2 4 -2 4 -2
1451 1386 2 2 2
1451 1472 6 4 -2 4 -2 4 -2
1452 21 6 4 -2 2 2 2 2
1452 933 7 4 -2 2 2 2 2 -2
1452 1068 8 4 -2 4 -2 4 -2 4 -2
1452 1154 5 4 -2 2 2 2
1452 1163 7 4 -2 2 2 -2 4 -2
1452 1359 2 2 2
1453 405 5 4 -2 2 2 2
1453 648 3 4 -2 2
1453 877 4 4 -2 4 -2
1453 1164 7 4 -2 2 2 -2 4 -2
1453 1489 1 2
1454 408 5 4 -2 2 2 2
1454 644 3 4 -2 2
1454 1070 8 4 -2 4 -2 4 -2 4 -2
1454 1337 10 4 -2 2 2 -2 4 -2 2 2 -2
1454 1525 3 2 2 2
1455 1053 2 4 -2
1455 1492 1 2
1456 404 5 4 -2 2 2 2
1456 649 3 4 -2 2
1456 878 4 4 -2 4 -2
1456 1166 7 4 -2 2 2 -2 4 -2
1456 1487 1 2
1457 1073 8 4 -2 4 -2 4 -2 4 -2
1457 1494 1 2
1458 407 5 4 -2 2 2 2
1458 645 3 4 -2 2
1458 1074 8 4 -2 4 -2 4 -2 4 -2
1458 1161 7 4 -2 2 2 -2 4 -2
1458 1493 1 2
1459 406 5 4 -2 2 2 2
1459 647 3 4 -2 2
1459 1075 8 4 -2 4 -2 4 -2 4 -2
1459 1528 3 2 2 2
1460 1056 2 4 -2
1460 1495 1 2
1461 1076 8 4 -2 4 -2 4 -2 4 -2
1461 1354 2 2 2
1462 1055 2 4 -2
1462 1491 1 2
1463 23 6 4 -2 2 2 2 2
1463 479 8 4 -2 2 2 4 -2 4 -2
1463 667 13 4 -2 4 -2 2 4 -2 2 2 -2 2 4 -2
1463 928 7 4 -2 2 2 2 2 -2
1463 1151 5 4 -2 2 2 2
1463 1165 7 4 -2 2 2 -2 4 -2
1463 1243 3 2 4 -2
1463 1463 12 4 -2 4 -2 4 -2 4 -2 4 -2 4 -2
1464 598 13 4 -2 2 2 -2 4 -2 2 2 4 -2 4 -2
1464 1078 8 4 -2 4 -2 4 -2 4 -2
1464 1496 1 2
1465 1039 2 4 -2
1465 1519 1 2
1466 1038 2 4 -2
1466 1517 1 2
1467 1037 2 4 -2
1467 1110 5 2 2 2 4 -2
1467 1321 4 2 2 2 2
1468 1036 2 4 -2
1468 1515 1 2
1469 1035 2 4 -2
1469 1521 1 2
1470 1034 2 4 -2
1470 1107 5 2 2 2 4 -2
1470 1323 4 2 2 2 2
1471 1105 5 2 2 2 4 -2
1471 1324 4 2 2 2 2
1471 1444 6 4 -2 4 -2 4 -2
1472 1043 2 4 -2
1472 1522 1 2
1473 622 9 2 2 4 -2 4 -2 2 4 -2
1473 1108 5 2 2 2 4 -2
1473 1473 12 4 -2 4 -2 4 -2 4 -2 4 -2 4 -2
1473 1516 6 2 2 2 2 2 2
1474 1042 2 4 -2
1474 1518 1 2
1475 673 16 2 4 -2 2 2 -2 2 2 4 -2 2 2 4 -2 4 -2
1475 1041 2 4 -2
1476 1040 2 4 -2
1476 1523 1 2
1477 815 5 2 4 -2 4 -2
1477 1237 2 4 -2
1478 1009 10 2 4 -2 4 -2 4 -2 2 4 -2
1478 1235 2 4 -2
1479 140 6 4 -2 2 2 2 2
1479 1008 10 2 4 -2 4 -2 4 -2 2 4 -2
1479 1245 5 4 -2 2 2 2
1479 1330 8 4 -2 2 2 2 -2 4 -2
1480 6 14 4 -2 2 2 2 2 -2 2 2 2 2 2 2 2
1480 139 6 4 -2 2 2 2 2
1480 348 14 4 -2 2 2 -2 2 4 -2 2 2 2 2 2 2
1480 578 18 4 -2 2 2 -2 2 4 -2 2 2 2 2 -2 4 -2 2 4 -2
1480 611 15 4 -2 2 2 -2 2 4 -2 2 2 2 -2 2 4 -2
1480 733 14 4 -2 2 2 -2 2 4 -2 2 2 4 -2 4 -2
1480 893 11 4 -2 2 2 -2 2 4 -2 2 2 2
1480 925 15 4 -2 2 2 2 2 -2 2 2 2 2 2 2 2 -2
1480 1145 15 4 -2 2 2 -2 2 4 -2 2 2 -2 2 2 4 -2
1480 1159 12 2 4 -2 4 -2 4 -2 2 2 2 4 -2
1480 1177 13 4 -2 2 2 2 2 -2 2 2 2 2 2 2
1480 1240 5 4 -2 2 2 2
1480 1271 18 4 -2 2 2 2 2 -2 2 2 2 4 -2 4 -2 2 2 2 2
1480 1273 13 4 -2 2 2 2 2 -2 2 2 2 -2 4 -2
1480 1278 7 4 -2 2 2 -2 2 2
1480 1312 10 4 -2 2 2 2 2 -2 2 2 -2
1480 1331 8 4 -2 2 2 2 -2 4 -2
1481 1234 2 4 -2
1481 1331 9 2 4 -2 4 -2 4 -2 2 2
1482 146 6 4 -2 2 2 2 2
1482 187 9 4 -2 2 2 2 2 -2 2 2
1482 666 40 4 -2 2 2 2 2 -2 2 2 -2 4 -2 2 2 4 -2 4 -2 2 4 -2 4 -2 2 4 -2 4 -2 2 2 4 -2 2 4 -2 2 4 -2 4 -2
1482 712 12 4 -2 2 2 2 2 -2 4 -2 2 4 -2
1482 714 8 4 -2 2 2 2 2 -2 2
1482 763 19 4 -2 2 2 2 2 -2 2 2 -2 4 -2 2 2 2 -2 2 4 -2
1482 835 22 4 -2 2 2 2 2 -2 2 2 -2 4 -2 2 2 4 -2 4 -2 2 2 4 -2
1482 1062 13 4 -2 2 2 2 2 -2 2 2 -2 2 4 -2
1482 1121 8 4 -2 2 2 -2 2 4 -2
1482 1248 5 4 -2 2 2 2
1482 1326 8 4 -2 2 2 2 -2 4 -2
1482 1326 9 2 4 -2 4 -2 4 -2 2 2
1483 816 5 2 4 -2 4 -2
1483 1239 2 4 -2
1484 144 6 4 -2 2 2 2 2
1484 814 5 2 4 -2 4 -2
1484 980 7 4 -2 2 2 2 2 -2
1484 1241 5 4 -2 2 2 2
1484 1542 6 4 -2 2 2 -2 2
1485 1011 10 2 4 -2 4 -2 4 -2 2 4 -2
1485 1280 7 4 -2 2 2 -2 2 2
1486 1142 8 4 -2 2 2 -2 2 4 -2
1486 1147 4 2 2 4 -2
1487 598 8 2 4 -2 4 -2 2 4 -2
1487 1245 2 4 -2
1487 1530 2 2 2
1488 1244 2 4 -2
1488 1355 1 2
1489 1260 3 2 2 2
1489 1409 15 2 4 -2 4 -2 4 -2 2 4 -2 4 -2 4 -2 2
1489 1532 6 4 -2 2 2 -2 2
1490 1242 2 4 -2
1490 1357 1 2
1491 1241 2 4 -2
1491 1353 1 2
1492 1240 2 4 -2
1492 1358 1 2
1493 1145 11 4 -2 2 2 2 2 2 -2 2 4 -2
1493 1526 2 2 2
1494 1247 2 4 -2
1494 1356 1 2
1495 837 5 2 4 -2 4 -2
1495 1246 2 4 -2
1496 1361 1 2
1496 1458 8 4 -2 2 2 -2 2 2 2
1497 461 5 4 -2 2 2 2
1497 761 3 4 -2 2
1497 1277 3 2 2 2
1497 1394 5 4 -2 2 2 -2
1498 302 4 4 -2 2 2
1498 580 12 4 -2 2 2 -2 4 -2 4 -2 2 4 -2
1498 768 3 4 -2 2
1498 1136 8 4 -2 2 2 -2 2 4 -2
1498 1285 3 2 2 2
1499 299 4 4 -2 2 2
1499 764 3 4 -2 2
1499 1415 8 4 -2 2 2 -2 2 2 2
1499 1538 2 2 2
1500 1417 8 4 -2 2 2 -2 2 2 2
1500 1545 2 2 2
1501 1104 4 2 2 4 -2
1501 1173 11 4 -2 2 2 2 -2 4 -2 2 4 -2
1501 1452 4 2 2 2 2
1502 288 4 4 -2 2 2
1502 1453 4 2 2 2 2
1503 289 4 4 -2 2 2
1503 1456 4 2 2 2 2
1504 290 4 4 -2 2 2
1504 1458 4 2 2 2 2
1505 291 4 4 -2 2 2
1505 1102 4 2 2 4 -2
1506 668 9 4 -2 2 2 2 -2 2 4 -2
1506 1532 2 2 2
1507 438 5 4 -2 2 2 2
1507 755 3 4 -2 2
1507 1050 6 2 2 2 2 4 -2
1507 1363 5 4 -2 2 2 -2
1508 436 5 4 -2 2 2 2
1508 758 3 4 -2 2
1508 1373 5 4 -2 2 2 -2
1508 1377 1 2
1509 440 5 4 -2 2 2 2
1509 753 3 4 -2 2
1509 973 10 2 4 -2 4 -2 4 -2 2 4 -2
1509 1047 6 2 2 2 2 4 -2
1509 1366 5 4 -2 2 2 -2
1510 228 13 4 -2 2 2 -2 2 4 -2 2 2 2 2 2
1510 306 4 4 -2 2 2
1510 615 18 4 -2 2 2 -2 2 4 -2 2 2 2 2 -2 4 -2 2 4 -2
1510 759 3 4 -2 2
1510 803 9 4 -2 2 2 -2 4 -2 4 -2
1510 936 11 4 -2 2 2 -2 2 4 -2 2 2 2
1510 1304 7 4 -2 2 2 -2 2 2
1510 1375 1 2
1510 1394 12 4 -2 2 2 -2 2 4 -2 2 2 -2 2
1511 307 4 4 -2 2 2
1511 754 3 4 -2 2
1511 999 14 4 -2 2 2 -2 4 -2 4 -2 4 -2 2 4 -2
1511 1380 1 2
1512 308 4 4 -2 2 2
1512 757 3 4 -2 2
1512 1270 3 2 2 2
1513 305 4 4 -2 2 2
1513 756 3 4 -2 2
1513 1362 5 4 -2 2 2 -2
1513 1378 1 2
1514 1369 5 4 -2 2 2 -2
1514 1382 1 2
1515 625 8 2 4 -2 4 -2 2 4 -2
1515 1230 2 4 -2
1515 1322 3 2 2 2
1515 1487 7 2 2 4 -2 2 2 -2
1516 558 16 2 4 -2 4 -2 4 -2 2 2 4 -2 4 -2 2 4 -2
1516 1229 2 4 -2
1516 1466 4 2 2 2 2
1517 1320 3 2 2 2
1517 1378 5 4 -2 2 2 -2
1518 672 15 4 -2 2 2 -2 2 2 4 -2 2 2 4 -2 4 -2
1518 910 11 2 4 -2 4 -2 4 -2 2 2 4 -2
1518 975 14 4 -2 2 2 -2 4 -2 4 -2 4 -2 2 4 -2
1518 1325 3 2 2 2
1519 834 5 2 4 -2 4 -2
1519 1106 4 2 2 4 -2
1519 1469 4 2 2 2 2
1520 911 11 2 4 -2 4 -2 4 -2 2 2 4 -2
1520 1228 2 4 -2
1520 1470 4 2 2 2 2
1521 855 14 2 4 -2 4 -2 2 4 -2 2 2 2 2 2 -2
1521 1111 4 2 2 4 -2
1521 1375 5 4 -2 2 2 -2
1521 1474 4 2 2 2 2
1522 909 11 2 4 -2 4 -2 4 -2 2 2 4 -2
1522 1231 2 4 -2
1523 836 5 2 4 -2 4 -2
1523 1380 5 4 -2 2 2 -2
1523 1476 4 2 2 2 2
1523 1493 7 2 2 4 -2 2 2 -2
1524 1077 4 2 2 4 -2
1524 1477 5 4 -2 2 2 -2
1525 1262 1 2
1525 1484 5 4 -2 2 2 -2
1526 1236 7 4 -2 2 2 -2 4 -2
1526 1264 1 2
1527 1259 1 2
1527 1482 5 4 -2 2 2 -2
1528 1092 2 4 -2
1528 1362 11 2 4 -2 2 2 2 4 -2 4 -2 2
1529 926 15 4 -2 2 2 4 -2 4 -2 2 2 -2 4 -2 4 -2
1529 1071 4 2 2 4 -2
1530 1238 7 4 -2 2 2 -2 4 -2
1530 1263 1 2
1531 1233 7 4 -2 2 2 -2 4 -2
1531 1460 8 2 2 4 -2 4 -2 4 -2
1532 718 13 4 -2 2 2 2 2 2 2 4 -2 2 4 -2
1532 801 6 4 -2 2 2 2 -2
1532 1317 12 4 -2 2 2 2 2 2 2 -2 4 -2 2
1532 1411 12 4 -2 2 2 2 2 2 2 2 2 -2 2
1532 1462 2 2 2
1532 1508 5 4 -2 2 2 -2
1533 1101 2 4 -2
1533 1488 3 2 2 2
1534 1464 2 2 2
1534 1512 5 4 -2 2 2 -2
1535 1088 2 4 -2
1535 1441 2 2 2
1536 538 10 4 -2 2 2 2 4 -2 2 4 -2
1536 1413 7 2 2 2 2 2 2 2
1537 633 9 4 -2 2 2 2 -2 2 4 -2
1537 1437 2 2 2
1538 326 5 4 -2 2 2 2
1538 546 3 4 -2 2
1538 1143 13 4 -2 2 2 -2 4 -2 2 2 -2 2 4 -2
1538 1409 2 2 2
1539 1126 2 4 -2
1539 1279 1 2
1540 1125 2 4 -2
1540 1143 11 2 2 2 4 -2 2 2 -2 2 4 -2
1541 1124 2 4 -2
1541 1282 1 2
1542 1123 2 4 -2
1542 1276 1 2
1543 1122 2 4 -2
1543 1283 1 2
1544 1127 2 4 -2
1544 1281 1 2
1545 1141 9 4 -2 2 2 -2 2 2 4 -2
1545 1411 2 2 2
