3482 7203 3
1 2
1 2
1 2
1 2
1 2
1 2
1 2
1 2
1 2
1 2
1 2
1 2
1 2
1 2
1 2
1 2
1 2
1 2
1 2
1 2
1 2
1 2
1 2
1 2
1 2
1 2
1 2
1 2
1 2
1 2
1 2
1 2
1 2
1 2
1 2
1 2
1 2
1 2
1 2
1 2
1 2
1 2
1 2
1 2
1 2
1 2
1 2
1 2
1 2
1 2
1 2
1 2
1 2
1 2
1 2
1 2
1 2
1 2
1 2
1 2
1 2
1 2
1 2
1 2
1 2
1 2
1 2
1 2
1 2
1 2
1 2
1 2
1 2
1 2
1 2
1 2
1 2
1 2
1 2
1 2
1 2
1 2
1 2
1 2
1 2
1 2
1 2
1 2
1 2
1 2
1 2
1 2
1 2
1 2
1 2
1 2
1 2
1 2
1 2
1 2
1 2
1 2
1 2
1 2
1 2
1 2
1 2
1 2
1 2
1 2
1 2
1 2
1 2
1 2
1 2
1 2
1 2
1 2
1 2
1 2
1 2
1 2
1 2
1 2
1 2
1 2
1 2
1 2
1 2
1 2
1 2
1 2
1 2
1 2
1 2
1 2
1 2
1 2
1 2
1 2
1 2
1 2
1 2
1 2
1 2
1 2
1 2
1 2
1 2
1 2
1 2
1 2
1 2
1 2
1 2
1 2
1 2
1 2
1 2
1 2
1 2
1 2
1 2
1 2
1 2
1 2
1 2
1 2
1 2
1 2
1 2
1 2
1 2
1 2
1 2
1 2
1 2
1 2
1 2
1 2
1 2
1 2
1 2
1 2
1 2
1 2
1 2
1 2
1 2
1 2
1 2
1 2
1 2
1 2
1 2
1 2
1 2
1 2
1 2
1 2
1 2
1 2
1 2
1 2
1 2
1 2
1 2
1 2
1 2
1 2
1 2
1 2
1 2
1 2
1 2
1 2
1 2
1 2
1 2
1 2
1 2
1 2
1 2
1 2
1 2
1 2
1 2
1 2
1 2
1 2
1 2
1 2
1 2
1 2
1 2
1 2
1 2
1 2
1 2
1 2
1 2
1 2
1 2
1 2
1 2
1 2
1 2
1 2
1 2
1 2
1 2
1 2
1 2
1 2
1 2
1 2
1 2
1 2
1 2
1 2
1 2
1 2
1 2
1 2
1 2
1 2
1 2
1 2
1 2
1 2
1 2
1 2
1 2
1 2
1 2
1 2
1 2
1 2
1 2
1 2
1 2
1 2
1 2
1 2
1 2
1 2
1 2
1 2
1 2
1 2
1 2
1 2
1 2
1 2
1 2
1 2
1 2
1 2
1 2
1 2
1 2
1 2
1 2
1 2
1 2
1 2
1 2
1 2
1 2
1 2
1 2
1 2
1 2
1 2
1 2
1 2
1 2
1 2
1 2
1 2
1 2
1 2
1 2
1 2
1 2
1 2
1 2
1 2
1 2
1 2
1 2
1 2
1 2
1 2
1 2
1 2
1 2
1 2
1 2
1 2
1 2
1 2
1 2
1 2
1 2
1 2
1 2
1 2
1 2
1 2
1 2
1 2
1 2
1 2
1 2
1 2
1 2
1 2
1 2
1 2
1 2
1 2
1 2
1 2
1 2
1 2
1 2
1 2
1 2
1 2
1 2
1 2
1 2
1 2
1 2
1 2
1 2
1 2
1 2
1 2
1 2
1 2
1 2
1 2
1 2
1 2
1 2
1 2
1 2
1 2
1 2
1 2
1 2
1 2
1 2
1 2
1 2
1 2
1 2
1 2
1 2
1 2
1 2
1 2
1 2
1 2
1 2
1 2
1 2
1 2
1 2
1 2
1 2
1 2
1 2
1 2
1 2
1 2
1 2
1 2
1 2
1 2
1 2
1 2
1 2
1 2
1 2
1 2
1 2
1 2
1 2
1 2
1 2
1 2
1 2
1 2
1 2
1 2
1 2
1 2
1 2
1 2
1 2
1 2
1 2
1 2
1 2
1 2
1 2
1 2
1 2
1 2
1 2
1 2
1 2
1 2
1 2
1 2
1 2
1 2
1 2
1 2
1 2
1 2
1 2
1 2
1 2
1 2
1 2
1 2
1 2
1 2
1 2
1 2
1 2
1 2
1 2
1 2
1 2
1 2
1 2
1 2
1 2
1 2
1 2
1 2
1 2
1 2
1 2
1 2
1 2
1 2
1 2
1 2
1 2
1 2
1 2
1 2
1 2
1 2
1 2
1 2
1 2
1 2
1 2
1 2
1 2
1 2
1 2
1 2
1 2
1 2
1 2
1 2
1 2
1 2
1 2
1 2
1 2
1 2
1 2
1 2
1 2
1 2
1 2
1 2
1 2
1 2
1 2
1 2
1 2
1 2
1 2
1 2
1 2
1 2
1 2
1 2
1 2
1 2
1 2
1 2
1 2
1 2
1 2
1 2
1 2
1 2
1 2
1 2
1 2
1 2
1 2
1 2
1 2
1 2
1 2
1 2
1 2
1 2
1 2
1 2
1 2
1 2
1 2
1 2
1 2
1 2
1 2
1 2
1 2
1 2
1 2
1 2
1 2
1 2
1 2
1 2
1 2
1 2
1 2
1 2
1 2
1 2
1 2
1 2
1 2
1 2
1 2
1 2
1 2
1 2
1 2
1 2
1 2
1 2
1 2
1 2
1 2
1 2
1 2
1 2
1 2
1 2
1 2
1 2
1 2
1 2
1 2
1 2
1 2
1 2
1 2
1 2
1 2
1 2
1 2
1 2
1 2
1 2
1 2
1 2
1 2
1 2
1 2
1 2
1 2
1 2
1 2
1 2
1 2
1 2
1 2
1 2
1 2
1 2
1 2
1 2
1 2
1 2
1 2
1 2
1 2
1 2
1 2
1 2
1 2
1 2
1 2
1 2
1 2
1 2
1 2
1 2
1 2
1 2
1 2
1 2
1 2
1 2
1 2
1 2
1 2
1 2
1 2
1 2
1 2
1 2
1 2
1 2
1 2
1 2
1 2
1 2
1 2
1 2
1 2
1 2
1 2
1 2
1 2
1 2
1 2
1 2
1 2
1 2
1 2
1 2
1 2
1 2
1 2
1 2
1 2
1 2
1 2
1 2
1 2
1 2
1 2
1 2
1 2
1 2
1 2
1 2
1 2
1 2
1 2
1 2
1 2
1 2
1 2
1 2
1 2
1 2
1 2
1 2
1 2
1 2
1 2
1 2
1 2
1 2
1 2
1 2
1 2
1 2
1 2
1 2
1 2
1 2
1 2
1 2
1 2
1 2
1 2
1 2
1 2
1 2
1 2
1 2
1 2
1 2
1 2
1 2
1 2
1 2
1 2
1 2
1 2
1 2
1 2
1 2
1 2
1 2
1 2
1 2
1 2
1 2
1 2
1 2
1 2
1 2
1 2
1 2
1 2
1 2
1 2
1 2
1 2
1 2
1 2
1 2
1 2
1 2
1 2
1 2
1 2
1 2
1 2
1 2
1 2
1 2
1 2
1 2
1 2
1 2
1 2
1 2
1 2
1 2
1 2
1 2
1 2
1 2
1 2
1 2
1 2
1 2
1 2
1 2
1 2
1 2
1 2
1 2
1 2
1 2
1 2
1 2
1 2
1 2
1 2
1 2
1 2
1 2
1 2
1 2
1 2
1 2
1 2
1 2
1 2
1 2
1 2
1 2
1 2
1 2
1 2
1 2
1 2
1 2
1 2
1 2
1 2
1 2
1 2
1 2
1 2
1 2
1 2
1 2
1 2
1 2
1 2
1 2
1 2
1 2
1 2
1 2
1 2
1 2
1 2
1 2
1 2
1 2
1 2
1 2
1 2
1 2
1 2
1 2
1 2
1 2
1 2
1 2
1 2
1 2
1 2
1 2
1 2
1 2
1 2
1 2
1 2
1 2
1 2
1 2
1 2
1 2
1 2
1 2
1 2
1 2
1 2
1 2
1 2
1 2
1 2
1 2
1 2
1 2
1 2
1 2
1 2
1 2
1 2
1 2
1 2
1 2
1 2
1 2
1 2
1 2
1 2
1 2
1 2
1 2
1 2
1 2
1 2
1 2
1 2
1 2
1 2
1 2
1 2
1 2
1 2
1 2
1 2
1 2
1 2
1 2
1 2
1 2
1 2
1 2
1 2
1 2
1 2
1 2
1 2
1 2
1 2
1 2
1 2
1 2
1 2
1 2
1 2
1 2
1 2
1 2
1 2
1 2
1 2
1 2
1 2
1 2
1 2
1 2
1 2
1 2
1 2
1 2
1 2
1 2
1 2
1 2
1 2
1 2
1 2
1 2
1 2
1 2
1 2
1 2
1 2
1 2
1 2
1 2
1 2
1 2
1 2
1 2
1 2
1 2
1 2
1 2
1 2
1 2
1 2
1 2
1 2
1 2
1 2
1 2
1 2
1 2
1 2
1 2
1 2
1 2
1 2
1 2
1 2
1 2
1 2
1 2
1 2
1 2
1 2
1 2
1 2
1 2
1 2
1 2
1 2
1 2
1 2
1 2
1 2
1 2
1 2
1 2
1 2
1 2
1 2
1 2
1 2
1 2
1 2
1 2
1 2
1 2
1 2
1 2
1 2
1 2
1 2
1 2
1 2
1 2
1 2
1 2
1 2
1 2
1 2
1 2
1 2
1 2
1 2
1 2
1 2
1 2
1 2
1 2
1 2
1 2
1 2
1 2
1 2
1 2
1 2
1 2
1 2
1 2
1 2
1 2
1 2
1 2
1 2
1 2
1 2
1 2
1 2
1 2
1 2
1 2
1 2
1 2
1 2
1 2
1 2
1 2
1 2
1 2
1 2
1 2
1 2
1 2
1 2
1 2
1 2
1 2
1 2
1 2
1 2
1 2
1 2
1 2
1 2
1 2
1 2
1 2
1 2
1 2
1 2
1 2
1 2
1 2
1 2
1 2
1 2
1 2
1 2
1 2
1 2
1 2
1 2
1 2
1 2
1 2
1 2
1 2
1 2
1 2
1 2
1 2
1 2
1 2
1 2
1 2
1 2
1 2
1 2
1 2
1 2
1 2
1 2
1 2
1 2
1 2
1 2
1 2
1 2
1 2
1 2
1 2
1 2
1 2
1 2
1 2
1 2
1 2
1 2
1 2
1 2
1 2
1 2
1 2
1 2
1 2
1 2
1 2
1 2
1 2
1 2
1 2
1 2
1 2
1 2
1 2
1 2
1 2
1 2
1 2
1 2
1 2
1 2
1 2
1 2
1 2
1 2
1 2
1 2
1 2
1 2
1 2
1 2
1 2
2 3
2 3
2 3
2 3
2 3
2 3
2 3
2 3
2 3
2 3
2 3
2 3
2 3
2 3
2 3
2 3
2 3
2 3
2 3
2 3
2 3
2 3
2 3
2 3
2 3
2 3
2 3
2 3
2 3
2 3
2 3
2 3
2 3
2 3
2 3
2 3
2 3
2 3
2 3
2 3
2 3
2 3
2 3
2 3
2 3
2 3
2 3
2 3
2 3
2 3
2 3
2 3
2 3
2 3
2 3
2 3
2 3
2 3
2 3
2 3
2 3
2 3
2 3
2 3
2 3
2 3
2 3
2 3
2 3
2 3
2 3
2 3
2 3
2 3
2 3
2 3
2 3
2 3
2 3
2 3
2 3
2 3
2 3
2 3
2 3
2 3
2 3
2 3
2 3
2 3
2 3
2 3
2 3
2 3
2 3
2 3
2 3
2 3
2 3
2 3
2 3
2 3
2 3
2 3
2 3
2 3
2 3
2 3
2 3
2 3
2 3
2 3
2 3
2 3
2 3
2 3
2 3
2 3
2 3
2 3
2 3
2 3
2 3
2 3
2 3
2 3
2 3
2 3
2 3
2 3
2 3
2 3
2 3
2 3
2 3
2 3
2 3
2 3
2 3
2 3
2 3
2 3
2 3
2 3
2 3
2 3
2 3
2 3
2 3
2 3
2 3
2 3
2 3
2 3
2 3
2 3
2 3
2 3
2 3
2 3
2 3
2 3
2 3
2 3
2 3
2 3
2 3
2 3
2 3
2 3
2 3
2 3
2 3
2 3
2 3
2 3
2 3
2 3
2 3
2 3
2 3
2 3
2 3
2 3
2 3
2 3
2 3
2 3
2 3
2 3
2 3
2 3
2 3
2 3
2 3
2 3
2 3
2 3
2 3
2 3
2 3
2 3
2 3
2 3
2 3
2 3
2 3
2 3
2 3
2 3
2 3
2 3
2 3
2 3
2 3
2 3
2 3
2 3
2 3
2 3
2 3
2 3
2 3
2 3
2 3
2 3
2 3
2 3
2 3
2 3
2 3
2 3
2 3
2 3
2 3
2 3
2 3
2 3
2 3
2 3
2 3
2 3
2 3
2 3
2 3
2 3
2 3
2 3
2 3
2 3
2 3
2 3
2 3
2 3
2 3
2 3
2 3
2 3
2 3
2 3
2 3
2 3
2 3
2 3
2 3
2 3
2 3
2 3
2 3
2 3
2 3
2 3
2 3
2 3
2 3
2 3
2 3
2 3
2 3
2 3
2 3
2 3
2 3
2 3
2 3
2 3
2 3
2 3
2 3
2 3
2 3
2 3
2 3
2 3
2 3
2 3
2 3
2 3
2 3
2 3
2 3
2 3
2 3
2 3
2 3
2 3
2 3
2 3
2 3
2 3
2 3
2 3
2 3
2 3
2 3
2 3
2 3
2 3
2 3
2 3
2 3
2 3
2 3
2 3
2 3
2 3
2 3
2 3
2 3
2 3
2 3
2 3
2 3
2 3
2 3
2 3
2 3
2 3
2 3
2 3
2 3
2 3
2 3
2 3
2 3
2 3
2 3
2 3
2 3
2 3
2 3
2 3
2 3
2 3
2 3
2 3
2 3
2 3
2 3
2 3
2 3
2 3
2 3
2 3
2 3
2 3
2 3
2 3
2 3
2 3
2 3
2 3
2 3
2 3
2 3
2 3
2 3
2 3
2 3
2 3
2 3
2 3
2 3
2 3
2 3
2 3
2 3
2 3
2 3
2 3
2 3
2 3
2 3
2 3
2 3
2 3
2 3
2 3
2 3
2 3
2 3
2 3
2 3
2 3
2 3
2 3
2 3
2 3
2 3
2 3
2 3
2 3
2 3
2 3
2 3
2 3
2 3
2 3
2 3
2 3
2 3
2 3
2 3
2 3
2 3
2 3
2 3
2 3
2 3
2 3
2 3
2 3
2 3
2 3
2 3
2 3
2 3
2 3
2 3
2 3
2 3
2 3
2 3
2 3
2 3
2 3
2 3
2 3
2 3
2 3
2 3
2 3
2 3
2 3
2 3
2 3
2 3
2 3
2 3
2 3
2 3
2 3
2 3
2 3
2 3
2 3
2 3
2 3
2 3
2 3
2 3
2 3
2 3
2 3
2 3
2 3
2 3
2 3
2 3
2 3
2 3
2 3
2 3
2 3
2 3
2 3
2 3
2 3
2 3
2 3
2 3
2 3
2 3
2 3
2 3
2 3
2 3
2 3
2 3
2 3
2 3
2 3
2 3
2 3
2 3
2 3
2 3
2 3
2 3
2 3
2 3
2 3
2 3
2 3
2 3
2 3
2 3
2 3
2 3
2 3
2 3
2 3
2 3
2 3
2 3
2 3
2 3
2 3
2 3
2 3
2 3
2 3
2 3
2 3
2 3
2 3
2 3
2 3
2 3
2 3
2 3
2 3
2 3
2 3
2 3
2 3
2 3
2 3
2 3
2 3
2 3
2 3
2 3
2 3
2 3
2 3
2 3
2 3
2 3
2 3
2 3
2 3
2 3
2 3
2 3
2 3
2 3
2 3
2 3
2 3
2 3
2 3
2 3
2 3
2 3
2 3
2 3
2 3
2 3
2 3
2 3
2 3
2 3
2 3
2 3
2 3
2 3
2 3
2 3
2 3
2 3
2 3
2 3
2 3
2 3
2 3
2 3
2 3
2 3
2 3
2 3
2 3
2 3
2 3
2 3
2 3
2 3
2 3
2 3
2 3
2 3
2 3
2 3
2 3
2 3
2 3
2 3
2 3
2 3
2 3
2 3
2 3
2 3
2 3
2 3
2 3
2 3
2 3
2 3
2 3
2 3
2 3
2 3
2 3
2 3
2 3
2 3
2 3
2 3
2 3
2 3
2 3
2 3
2 3
2 3
2 3
2 3
2 3
2 3
2 3
2 3
2 3
2 3
2 3
2 3
2 3
2 3
2 3
2 3
2 3
2 3
2 3
2 3
2 3
2 3
2 3
2 3
2 3
2 3
2 3
2 3
2 3
2 3
2 3
2 3
2 3
2 3
2 3
2 3
2 3
2 3
2 3
2 3
2 3
2 3
2 3
2 3
2 3
2 3
2 3
2 3
2 3
2 3
2 3
2 3
2 3
2 3
2 3
2 3
2 3
2 3
2 3
2 3
2 3
2 3
2 3
2 3
2 3
2 3
2 3
2 3
2 3
2 3
2 3
2 3
2 3
2 3
2 3
2 3
2 3
2 3
2 3
2 3
2 3
2 3
2 3
2 3
2 3
2 3
2 3
2 3
2 3
2 3
2 3
2 3
2 3
2 3
2 3
2 3
2 3
2 3
2 3
2 3
2 3
2 3
2 3
2 3
2 3
2 3
2 3
2 3
2 3
2 3
2 3
2 3
2 3
2 3
2 3
2 3
2 3
2 3
2 3
2 3
2 3
2 3
2 3
2 3
2 3
2 3
2 3
2 3
2 3
2 3
2 3
2 3
2 3
2 3
2 3
2 3
2 3
2 3
2 3
2 3
2 3
2 3
2 3
2 3
2 3
2 3
2 3
2 3
2 3
2 3
2 3
2 3
2 3
2 3
2 3
2 3
2 3
2 3
2 3
2 3
2 3
2 3
2 3
2 3
2 3
2 3
2 3
2 3
2 3
2 3
2 3
2 3
2 3
2 3
2 3
2 3
2 3
2 3
2 3
2 3
2 3
2 3
2 3
2 3
2 3
2 3
2 3
2 3
2 3
2 3
2 3
2 3
2 3
2 3
2 3
2 3
2 3
2 3
2 3
2 3
2 3
2 3
2 3
2 3
2 3
2 3
2 3
2 3
2 3
2 3
2 3
2 3
2 3
2 3
2 3
2 3
2 3
2 3
2 3
2 3
2 3
2 3
2 3
2 3
2 3
2 3
2 3
2 3
2 3
2 3
2 3
2 3
2 3
2 3
2 3
2 3
2 3
2 3
2 3
2 3
2 3
2 3
2 3
2 3
2 3
2 3
2 3
2 3
2 3
2 3
2 3
2 3
2 3
2 3
2 3
2 3
2 3
2 3
2 3
2 3
2 3
2 3
2 3
2 3
2 3
2 3
2 3
2 3
2 3
2 3
2 3
2 3
2 3
2 3
2 3
2 3
2 3
2 3
2 3
2 3
2 3
2 3
2 3
2 3
2 3
2 3
2 3
2 3
2 3
2 3
2 3
2 3
2 3
2 3
2 3
2 3
2 3
2 3
2 3
2 3
2 3
2 3
2 3
2 3
2 3
2 3
2 3
2 3
2 3
2 3
2 3
2 3
2 3
2 3
2 3
2 3
2 3
2 3
2 3
2 3
2 3
2 3
2 3
2 3
2 3
2 3
2 3
2 3
2 3
2 3
2 3
2 3
2 3
2 3
2 3
2 3
2 3
2 3
2 3
2 3
2 3
2 3
2 3
2 3
2 3
2 3
2 3
2 3
2 3
2 3
2 3
2 3
2 3
2 3
2 3
2 3
2 3
2 3
2 3
2 3
2 3
2 3
2 3
2 3
2 3
2 3
2 3
2 3
2 3
2 3
2 3
2 3
2 3
2 3
2 3
2 3
2 3
2 3
2 3
2 3
2 3
2 3
2 3
2 3
2 3
2 3
2 3
2 3
2 3
2 3
2 3
2 3
2 3
2 3
2 3
2 3
2 3
2 3
2 3
2 3
2 3
2 3
2 3
2 3
2 3
2 3
2 3
2 3
2 3
2 3
2 3
2 3
2 3
2 3
2 3
2 3
2 3
2 3
2 3
2 3
2 3
2 3
2 3
2 3
2 3
2 3
2 3
2 3
2 3
2 3
2 3
2 3
2 3
2 3
2 3
2 3
2 3
2 3
2 3
2 3
2 3
2 3
2 3
2 3
2 3
2 3
2 3
2 3
2 3
2 3
2 3
2 3
2 3
2 3
2 3
2 3
2 3
2 3
2 3
2 3
2 3
2 3
2 3
2 3
2 3
2 3
2 3
2 3
2 3
2 3
2 3
2 3
2 3
2 3
2 3
2 3
2 3
2 3
2 3
2 3
2 3
2 3
2 3
2 3
2 3
2 3
2 3
2 3
2 3
2 3
2 3
2 3
2 3
2 3
2 3
2 3
2 3
2 3
2 3
2 3
2 3
2 3
2 3
2 3
2 3
2 3
2 3
2 3
2 3
2 3
2 3
2 3
2 3
2 3
2 3
2 3
2 3
2 3
2 3
2 3
2 3
2 3
2 3
2 3
2 3
2 3
2 3
2 3
2 3
2 3
2 3
2 3
2 3
2 3
2 3
2 3
2 3
2 3
2 3
2 3
2 3
2 3
2 3
2 3
2 3
2 3
2 3
2 3
2 3
2 3
2 3
2 3
2 3
2 3
2 3
2 3
2 3
2 3
2 3
2 3
2 3
2 3
2 3
2 3
2 3
2 3
2 3
2 3
2 3
2 3
2 3
2 3
2 3
2 3
2 3
2 3
2 3
2 3
2 3
2 3
2 3
2 3
2 3
2 3
2 3
2 3
2 3
2 3
2 3
2 3
2 3
2 3
2 3
2 3
2 3
2 3
2 3
2 3
2 3
2 3
2 3
2 3
2 3
2 3
2 3
2 3
2 3
2 3
2 3
2 3
2 3
2 3
2 3
2 3
2 3
2 3
2 3
2 3
2 3
2 3
2 3
2 3
2 3
2 3
2 3
2 3
2 3
2 3
2 3
2 3
2 3
2 3
2 3
2 3
2 3
2 3
2 3
2 3
2 3
2 3
2 3
2 3
2 3
2 3
2 3
2 3
2 3
2 3
2 3
2 3
2 3
2 3
2 3
2 3
2 3
2 3
2 3
2 3
2 3
2 3
2 3
2 3
2 3
2 3
2 3
2 3
2 3
2 3
2 3
2 3
2 3
2 3
2 3
2 3
2 3
2 3
2 3
2 3
2 3
2 3
2 3
2 3
2 3
2 3
2 3
2 3
2 3
2 3
2 3
2 3
2 3
2 3
2 3
2 3
2 3
2 3
2 3
2 3
2 3
2 3
2 3
2 3
2 3
2 3
2 3
2 3
2 3
2 3
2 3
2 3
2 3
2 3
2 3
2 3
2 3
2 3
2 3
2 3
2 3
2 3
2 3
2 3
2 3
2 3
2 3
2 3
2 3
2 3
2 3
2 3
2 3
2 3
2 3
2 3
2 3
2 3
2 3
2 3
2 3
2 3
2 3
2 3
2 3
2 3
2 3
2 3
2 3
2 3
2 3
2 3
2 3
2 3
2 3
2 3
2 3
2 3
2 3
2 3
2 3
2 3
2 3
2 3
2 3
2 3
2 3
2 3
2 3
2 3
2 3
2 3
2 3
2 3
2 3
2 3
2 3
2 3
2 3
2 3
2 3
2 3
2 3
2 3
2 3
2 3
2 3
2 3
2 3
2 3
2 3
2 3
2 3
2 3
2 3
2 3
2 3
2 3
2 3
2 3
2 3
2 3
2 3
2 3
2 3
2 3
2 3
2 3
2 3
2 3
2 3
2 3
2 3
2 3
2 3
2 3
2 3
2 3
2 3
2 3
2 3
2 3
2 3
2 3
2 3
2 3
2 3
2 3
2 3
2 3
2 3
2 3
2 3
2 3
2 3
2 3
2 3
2 3
2 3
2 3
2 3
2 3
2 3
2 3
2 3
2 3
2 3
2 3
2 3
2 3
2 3
2 3
2 3
2 3
2 3
2 3
2 3
2 3
2 3
2 3
2 3
2 3
2 3
2 3
2 3
2 3
2 3
2 3
2 3
2 3
2 3
2 3
2 3
2 3
2 3
2 3
2 3
2 3
2 3
2 3
2 3
2 3
2 3
2 3
2 3
2 3
2 3
2 3
2 3
2 3
2 3
2 3
2 3
2 3
2 3
2 3
2 3
2 3
2 3
2 3
2 3
2 3
2 3
2 3
2 3
2 3
2 3
2 3
2 3
2 3
2 3
2 3
2 3
2 3
2 3
2 3
2 3
2 3
2 3
2 3
2 3
2 3
2 3
2 3
2 3
2 3
2 3
2 3
2 3
2 3
2 3
2 3
2 3
2 3
2 3
2 3
2 3
2 3
2 3
2 3
2 3
2 3
2 3
2 3
2 3
2 3
2 3
2 3
2 3
2 3
2 3
2 3
2 3
2 3
2 3
2 3
2 3
2 3
2 3
2 3
2 3
2 3
2 3
2 3
2 3
2 3
2 3
2 3
2 3
2 3
2 3
2 3
2 3
2 3
2 3
2 3
2 3
2 3
2 3
2 3
2 3
2 3
2 3
2 3
2 3
2 3
2 3
2 3
2 3
2 3
2 3
2 3
2 3
2 3
2 3
2 3
2 3
2 3
2 3
2 3
2 3
2 3
2 3
2 3
2 3
2 3
2 3
2 3
2 3
2 3
2 3
2 3
2 3
2 3
2 3
2 3
2 3
2 3
2 3
2 3
2 3
2 3
2 3
2 3
2 3
2 3
2 3
2 3
2 3
2 3
2 3
2 3
2 3
2 3
2 3
2 3
2 3
2 3
2 3
2 3
2 3
2 3
2 3
2 3
2 3
2 3
2 3
2 3
2 3
2 3
2 3
2 3
2 3
2 3
2 3
2 3
2 3
2 3
2 3
2 3
2 3
2 3
2 3
2 3
2 3
2 3
2 3
2 3
2 3
2 3
2 3
2 3
2 3
2 3
2 3
2 3
2 3
2 3
2 3
2 3
2 3
2 3
2 3
2 3
2 3
2 3
2 3
2 3
2 3
2 3
2 3
2 3
2 3
2 3
2 3
2 3
2 3
2 3
2 3
2 3
2 3
2 3
2 3
2 3
2 3
2 3
2 3
2 3
2 3
2 3
2 3
2 3
2 3
2 3
2 3
2 3
2 3
2 3
2 3
2 3
2 3
2 3
2 3
2 3
2 3
2 3
2 3
2 3
2 3
2 3
2 3
2 3
2 3
2 3
2 3
2 3
2 3
2 3
2 3
2 3
2 3
2 3
2 3
2 3
2 3
2 3
2 3
2 3
2 3
2 3
2 3
2 3
2 3
2 3
2 3
2 3
2 3
2 3
2 3
2 3
2 3
2 3
2 3
2 3
2 3
2 3
2 3
2 3
2 3
2 3
2 3
2 3
2 3
2 3
2 3
2 3
2 3
2 3
2 3
2 3
2 3
2 3
2 3
2 3
2 3
2 3
2 3
2 3
2 3
2 3
2 3
2 3
2 3
2 3
2 3
2 3
2 3
2 3
2 3
2 3
2 3
2 3
2 3
2 3
2 3
2 3
2 3
2 3
2 3
2 3
2 3
2 3
2 3
2 3
2 3
2 3
2 3
2 3
2 3
2 3
2 3
2 3
2 3
2 3
2 3
2 3
2 3
2 3
2 3
2 3
2 3
2 3
2 3
2 3
2 3
2 3
2 3
2 3
2 3
2 3
2 3
2 3
2 3
2 3
2 3
2 3
2 3
2 3
2 3
2 3
2 3
2 3
2 3
2 3
2 3
2 3
2 3
2 3
2 3
2 3
2 3
2 3
2 3
2 3
2 3
2 3
2 3
2 3
2 3
2 3
2 3
2 3
2 3
2 3
2 3
2 3
2 3
2 3
2 3
2 3
2 3
2 3
2 3
2 3
2 3
2 3
2 3
2 3
2 3
2 3
2 3
2 3
2 3
2 3
2 3
2 3
2 3
2 3
2 3
2 3
2 3
2 3
2 3
2 3
2 3
2 3
2 3
2 3
2 3
2 3
2 3
2 3
2 3
2 3
2 3
2 3
2 3
2 3
2 3
2 3
2 3
2 3
2 3
2 3
2 3
2 3
2 3
2 3
2 3
2 3
2 3
2 3
2 3
2 3
2 3
2 3
2 3
2 3
2 3
2 3
2 3
2 3
2 3
2 3
2 3
2 3
2 3
2 3
2 3
2 3
2 3
2 3
2 3
2 3
2 3
2 3
2 3
2 3
2 3
2 3
2 3
2 3
2 3
2 3
2 3
2 3
2 3
2 3
2 3
2 3
2 3
2 3
2 3
2 3
2 3
2 3
2 3
2 3
2 3
2 3
2 3
2 3
2 3
2 3
2 3
2 3
2 3
2 3
2 3
2 3
2 3
2 3
2 3
2 3
2 3
2 3
2 3
2 3
2 3
2 3
2 3
2 3
2 3
2 3
2 3
2 3
2 3
2 3
2 3
2 3
2 3
2 3
2 3
2 3
2 3
2 3
2 3
2 3
2 3
2 3
2 3
2 3
2 3
2 3
2 3
2 3
2 3
2 3
2 3
2 3
2 3
2 3
2 3
2 3
2 3
2 3
2 3
2 3
2 3
2 3
2 3
2 3
2 3
2 3
2 3
2 3
2 3
2 3
2 3
2 3
2 3
2 3
2 3
2 3
2 3
2 3
2 3
2 3
2 3
2 3
2 3
2 3
2 3
2 3
2 3
2 3
2 3
2 3
2 3
2 3
2 3
2 3
2 3
2 3
2 3
2 3
2 3
2 3
2 3
2 3
2 3
2 3
2 3
2 3
2 3
2 3
2 3
2 3
2 3
2 3
2 3
2 3
2 3
2 3
2 3
2 3
2 3
2 3
2 3
2 3
2 3
2 3
2 3
2 3
2 3
2 3
2 3
2 3
2 3
2 3
2 3
2 3
2 3
2 3
2 3
2 3
2 3
2 3
2 3
2 3
2 3
2 3
2 3
2 3
2 3
2 3
2 3
2 3
2 3
2 3
2 3
2 3
2 3
2 3
2 3
2 3
2 3
2 3
2 3
2 3
2 3
2 3
2 3
2 3
2 3
2 3
2 3
2 3
2 3
2 3
2 3
2 3
2 3
2 3
2 3
2 3
2 3
2 3
2 3
2 3
2 3
2 3
2 3
2 3
2 3
2 3
2 3
2 3
2 3
2 3
2 3
2 3
2 3
2 3
2 3
2 3
2 3
2 3
2 3
2 3
2 3
2 3
2 3
2 3
2 3
2 3
2 3
2 3
2 3
2 3
2 3
2 3
2 3
2 3
2 3
2 3
2 3
2 3
2 3
2 3
2 3
2 3
2 3
2 3
2 3
2 3
2 3
2 3
2 3
2 3
2 3
2 3
2 3
2 3
2 3
2 3
2 3
2 3
2 3
2 3
2 3
2 3
2 3
2 3
2 3
2 3
2 3
2 3
2 3
2 3
2 3
2 3
2 3
2 3
2 3
2 3
2 3
2 3
2 3
2 3
2 3
2 3
2 3
2 3
2 3
2 3
2 3
2 3
2 3
2 3
2 3
2 3
2 3
2 3
2 3
2 3
2 3
2 3
2 3
2 3
2 3
0 116 3 2 2 2
0 2173 4 2 -2 4 -2
1 120 3 2 2 2
3 111 3 2 2 2
3 2176 4 2 -2 4 -2
4 115 3 2 2 2
4 2177 4 2 -2 4 -2
5 119 3 2 2 2
5 2178 4 2 -2 4 -2
6 123 3 2 2 2
6 2179 4 2 -2 4 -2
7 110 3 2 2 2
8 114 3 2 2 2
8 2181 4 2 -2 4 -2
9 118 3 2 2 2
9 2182 4 2 -2 4 -2
10 122 3 2 2 2
10 2183 4 2 -2 4 -2
11 2184 4 2 -2 4 -2
12 113 3 2 2 2
12 2185 4 2 -2 4 -2
13 117 3 2 2 2
14 2170 4 2 -2 4 -2
15 125 3 2 2 2
15 2171 4 2 -2 4 -2
16 3072 2 2 -2
17 3071 2 2 -2
19 2455 13 2 2 2 -2 4 -2 2 4 -2 2 2 2 -2
19 3069 2 2 -2
20 3068 2 2 -2
21 2447 13 2 2 2 -2 4 -2 2 4 -2 2 2 2 -2
21 3067 2 2 -2
22 3066 2 2 -2
24 2452 13 2 2 2 -2 4 -2 2 4 -2 2 2 2 -2
24 3081 2 2 -2
25 2448 13 2 2 2 -2 4 -2 2 4 -2 2 2 2 -2
25 3080 2 2 -2
26 2444 13 2 2 2 -2 4 -2 2 4 -2 2 2 2 -2
26 3079 2 2 -2
27 3078 2 2 -2
28 3077 2 2 -2
29 3076 2 2 -2
30 3075 2 2 -2
31 3074 2 2 -2
32 2723 5 2 -2 2 4 -2
32 3306 5 2 2 2 2 -2
33 2719 5 2 -2 2 4 -2
33 3319 5 2 2 2 2 -2
35 2728 5 2 -2 2 4 -2
35 3311 5 2 2 2 2 -2
36 3307 5 2 2 2 2 -2
37 2720 5 2 -2 2 4 -2
37 3320 5 2 2 2 2 -2
38 2716 5 2 -2 2 4 -2
38 3316 5 2 2 2 2 -2
39 3312 5 2 2 2 2 -2
40 2725 5 2 -2 2 4 -2
40 3308 5 2 2 2 2 -2
41 2721 5 2 -2 2 4 -2
41 3321 5 2 2 2 2 -2
42 2717 5 2 -2 2 4 -2
42 3317 5 2 2 2 2 -2
43 2726 5 2 -2 2 4 -2
43 3309 5 2 2 2 2 -2
44 2722 5 2 -2 2 4 -2
46 2714 5 2 -2 2 4 -2
46 3314 5 2 2 2 2 -2
47 986 2 2 2
47 2771 5 2 -2 2 4 -2
48 985 2 2 2
48 2767 5 2 -2 2 4 -2
50 983 2 2 2
50 2776 5 2 -2 2 4 -2
51 982 2 2 2
52 981 2 2 2
52 2768 5 2 -2 2 4 -2
53 980 2 2 2
53 2764 5 2 -2 2 4 -2
54 979 2 2 2
55 978 2 2 2
55 2773 5 2 -2 2 4 -2
56 977 2 2 2
56 2769 5 2 -2 2 4 -2
57 976 2 2 2
57 2765 5 2 -2 2 4 -2
58 975 2 2 2
59 974 2 2 2
59 2774 5 2 -2 2 4 -2
60 973 2 2 2
60 2770 5 2 -2 2 4 -2
62 988 2 2 2
62 2762 5 2 -2 2 4 -2
63 970 2 2 2
63 2157 4 2 -2 4 -2
64 969 2 2 2
66 967 2 2 2
66 2160 4 2 -2 4 -2
67 966 2 2 2
67 2161 4 2 -2 4 -2
68 965 2 2 2
68 2162 4 2 -2 4 -2
69 964 2 2 2
69 2163 4 2 -2 4 -2
70 963 2 2 2
71 962 2 2 2
71 2165 4 2 -2 4 -2
72 961 2 2 2
72 2166 4 2 -2 4 -2
73 960 2 2 2
73 2167 4 2 -2 4 -2
74 959 2 2 2
74 2168 4 2 -2 4 -2
75 958 2 2 2
75 2169 4 2 -2 4 -2
76 957 2 2 2
77 2154 4 2 -2 4 -2
78 972 2 2 2
78 2155 4 2 -2 4 -2
79 1002 2 2 2
79 3024 2 2 -2
80 1001 2 2 2
80 3023 2 2 -2
82 999 2 2 2
82 3021 2 2 -2
83 998 2 2 2
83 3020 2 2 -2
84 997 2 2 2
84 3019 2 2 -2
85 996 2 2 2
85 3018 2 2 -2
86 995 2 2 2
87 994 2 2 2
87 3033 2 2 -2
88 993 2 2 2
88 3032 2 2 -2
89 992 2 2 2
89 3031 2 2 -2
90 991 2 2 2
90 3030 2 2 -2
91 990 2 2 2
91 3029 2 2 -2
92 989 2 2 2
92 3028 2 2 -2
93 3027 2 2 -2
94 1004 2 2 2
94 3026 2 2 -2
95 3376 2 2 -2
96 1918 3 2 2 -2
96 3375 2 2 -2
97 1926 3 2 2 -2
97 3373 2 2 -2
98 1930 3 2 2 -2
98 3372 2 2 -2
99 1917 3 2 2 -2
99 3371 2 2 -2
100 1921 3 2 2 -2
100 3370 2 2 -2
101 1925 3 2 2 -2
102 1929 3 2 2 -2
102 3385 2 2 -2
103 1916 3 2 2 -2
103 3384 2 2 -2
104 1920 3 2 2 -2
104 3383 2 2 -2
105 1924 3 2 2 -2
105 3382 2 2 -2
106 1928 3 2 2 -2
106 3381 2 2 -2
107 1915 3 2 2 -2
107 3380 2 2 -2
108 3379 2 2 -2
109 1923 3 2 2 -2
109 3378 2 2 -2
110 3344 2 2 -2
111 1430 9 2 2 2 -2 4 -2 2 4 -2
111 3343 2 2 -2
113 1422 9 2 2 2 -2 4 -2 2 4 -2
113 3341 2 2 -2
114 3340 2 2 -2
115 1431 9 2 2 2 -2 4 -2 2 4 -2
115 3339 2 2 -2
116 3338 2 2 -2
118 1419 9 2 2 2 -2 4 -2 2 4 -2
118 3353 2 2 -2
119 1432 9 2 2 2 -2 4 -2 2 4 -2
119 3352 2 2 -2
120 1428 9 2 2 2 -2 4 -2 2 4 -2
120 3351 2 2 -2
121 3350 2 2 -2
122 3349 2 2 -2
123 1433 9 2 2 2 -2 4 -2 2 4 -2
123 3348 2 2 -2
124 3347 2 2 -2
125 1425 9 2 2 2 -2 4 -2 2 4 -2
125 3346 2 2 -2
126 3146 3 2 -2 2
127 1934 3 2 2 -2
127 3150 3 2 -2 2
129 1942 3 2 2 -2
129 3158 3 2 -2 2
130 1946 3 2 2 -2
131 1933 3 2 2 -2
131 3149 3 2 -2 2
132 1937 3 2 2 -2
132 3153 3 2 -2 2
133 1941 3 2 2 -2
134 1945 3 2 2 -2
134 3161 3 2 -2 2
135 1932 3 2 2 -2
135 3148 3 2 -2 2
136 1936 3 2 2 -2
136 3152 3 2 -2 2
137 1940 3 2 2 -2
137 3156 3 2 -2 2
138 1944 3 2 2 -2
138 3160 3 2 -2 2
139 1931 3 2 2 -2
139 3147 3 2 -2 2
140 3151 3 2 -2 2
141 1939 3 2 2 -2
141 3155 3 2 -2 2
142 628 1 2
142 2813 4 2 -2 4 -2
142 3162 3 2 -2 2
143 624 1 2
143 3166 3 2 -2 2
145 633 1 2
145 2816 4 2 -2 4 -2
145 3174 3 2 -2 2
146 629 1 2
146 2817 4 2 -2 4 -2
147 625 1 2
147 2818 4 2 -2 4 -2
147 3165 3 2 -2 2
148 621 1 2
148 2819 4 2 -2 4 -2
148 3169 3 2 -2 2
149 634 1 2
150 630 1 2
150 2821 4 2 -2 4 -2
150 3177 3 2 -2 2
151 626 1 2
151 2822 4 2 -2 4 -2
151 3164 3 2 -2 2
152 622 1 2
152 2823 4 2 -2 4 -2
152 3168 3 2 -2 2
153 635 1 2
153 2824 4 2 -2 4 -2
153 3172 3 2 -2 2
154 631 1 2
154 2825 4 2 -2 4 -2
154 3176 3 2 -2 2
155 627 1 2
155 3163 3 2 -2 2
156 623 1 2
156 2810 4 2 -2 4 -2
156 3167 3 2 -2 2
157 636 1 2
157 2811 4 2 -2 4 -2
157 3171 3 2 -2 2
158 676 1 2
158 3114 3 2 -2 2
159 672 1 2
159 3118 3 2 -2 2
161 681 1 2
161 3126 3 2 -2 2
162 677 1 2
163 673 1 2
163 3117 3 2 -2 2
164 669 1 2
164 3121 3 2 -2 2
165 682 1 2
166 678 1 2
166 3129 3 2 -2 2
167 674 1 2
167 3116 3 2 -2 2
168 670 1 2
168 3120 3 2 -2 2
169 683 1 2
169 3124 3 2 -2 2
170 679 1 2
170 3128 3 2 -2 2
171 675 1 2
171 3115 3 2 -2 2
172 671 1 2
172 3119 3 2 -2 2
173 684 1 2
173 3123 3 2 -2 2
174 2781 4 2 -2 4 -2
175 1318 9 2 2 2 -2 4 -2 2 4 -2
177 1310 9 2 2 2 -2 4 -2 2 4 -2
177 2784 4 2 -2 4 -2
178 2785 4 2 -2 4 -2
179 1319 9 2 2 2 -2 4 -2 2 4 -2
179 2786 4 2 -2 4 -2
180 2787 4 2 -2 4 -2
182 1307 9 2 2 2 -2 4 -2 2 4 -2
182 2789 4 2 -2 4 -2
183 1320 9 2 2 2 -2 4 -2 2 4 -2
183 2790 4 2 -2 4 -2
184 1316 9 2 2 2 -2 4 -2 2 4 -2
184 2791 4 2 -2 4 -2
185 2792 4 2 -2 4 -2
186 2793 4 2 -2 4 -2
187 1321 9 2 2 2 -2 4 -2 2 4 -2
188 2778 4 2 -2 4 -2
189 1313 9 2 2 2 -2 4 -2 2 4 -2
189 2779 4 2 -2 4 -2
190 2212 4 2 2 2 -2
190 2685 4 2 -2 4 -2
191 2213 4 2 2 2 -2
193 2215 4 2 2 2 -2
193 2688 4 2 -2 4 -2
194 2216 4 2 2 2 -2
194 2689 4 2 -2 4 -2
195 2217 4 2 2 2 -2
195 2690 4 2 -2 4 -2
196 2691 4 2 -2 4 -2
197 2202 4 2 2 2 -2
198 2203 4 2 2 2 -2
198 2693 4 2 -2 4 -2
199 2204 4 2 2 2 -2
199 2694 4 2 -2 4 -2
200 2205 4 2 2 2 -2
200 2695 4 2 -2 4 -2
201 2696 4 2 -2 4 -2
202 2207 4 2 2 2 -2
202 2697 4 2 -2 4 -2
203 2208 4 2 2 2 -2
204 2682 4 2 -2 4 -2
205 2210 4 2 2 2 -2
205 2683 4 2 -2 4 -2
206 1081 2 2 2
207 1080 2 2 2
209 1078 2 2 2
209 1597 14 2 -2 4 -2 4 -2 2 4 -2 2 4 -2 4 -2
210 1077 2 2 2
211 1076 2 2 2
211 1595 14 2 -2 4 -2 4 -2 2 4 -2 2 4 -2 4 -2
212 1075 2 2 2
213 1074 2 2 2
214 1073 2 2 2
214 1609 14 2 -2 4 -2 4 -2 2 4 -2 2 4 -2 4 -2
215 1072 2 2 2
215 1608 14 2 -2 4 -2 4 -2 2 4 -2 2 4 -2 4 -2
216 1071 2 2 2
216 1607 14 2 -2 4 -2 4 -2 2 4 -2 2 4 -2 4 -2
217 1070 2 2 2
218 1069 2 2 2
219 1068 2 2 2
221 1083 2 2 2
221 1602 14 2 -2 4 -2 4 -2 2 4 -2 2 4 -2 4 -2
222 484 1 2
222 2960 2 2 -2
223 480 1 2
223 2959 2 2 -2
225 489 1 2
225 2957 2 2 -2
226 485 1 2
226 2956 2 2 -2
227 481 1 2
227 2955 2 2 -2
228 477 1 2
228 2954 2 2 -2
229 490 1 2
230 486 1 2
230 2969 2 2 -2
231 482 1 2
231 2968 2 2 -2
232 478 1 2
232 2967 2 2 -2
233 491 1 2
233 2966 2 2 -2
234 487 1 2
234 2965 2 2 -2
235 483 1 2
235 2964 2 2 -2
236 479 1 2
236 2963 2 2 -2
237 492 1 2
237 2962 2 2 -2
238 421 1 2
238 3242 3 2 -2 2
239 417 1 2
239 3246 3 2 -2 2
241 426 1 2
241 3254 3 2 -2 2
242 422 1 2
243 418 1 2
243 3245 3 2 -2 2
244 414 1 2
244 3249 3 2 -2 2
245 427 1 2
246 423 1 2
246 3257 3 2 -2 2
247 419 1 2
247 3244 3 2 -2 2
248 415 1 2
248 3248 3 2 -2 2
249 428 1 2
249 3252 3 2 -2 2
250 424 1 2
250 3256 3 2 -2 2
251 420 1 2
251 3243 3 2 -2 2
252 416 1 2
252 3247 3 2 -2 2
253 429 1 2
253 3251 3 2 -2 2
254 405 1 2
254 3274 3 2 -2 2
255 401 1 2
255 3278 3 2 -2 2
257 410 1 2
257 3286 3 2 -2 2
258 406 1 2
259 402 1 2
259 3277 3 2 -2 2
260 398 1 2
260 3281 3 2 -2 2
261 411 1 2
262 407 1 2
262 3289 3 2 -2 2
263 403 1 2
263 3276 3 2 -2 2
264 399 1 2
264 3280 3 2 -2 2
265 412 1 2
265 3284 3 2 -2 2
266 408 1 2
266 3288 3 2 -2 2
267 404 1 2
267 3275 3 2 -2 2
268 400 1 2
268 3279 3 2 -2 2
269 413 1 2
269 3283 3 2 -2 2
270 437 1 2
270 1790 11 2 -2 4 -2 2 2 2 -2 2 4 -2
270 3258 3 2 -2 2
270 3403 11 2 -2 4 -2 2 2 2 4 -2 4 -2
271 433 1 2
271 3262 3 2 -2 2
273 441 1 2
273 1634 10 2 -2 4 -2 2 2 4 -2 4 -2
273 3270 3 2 -2 2
273 3415 11 2 -2 4 -2 2 2 2 4 -2 4 -2
274 438 1 2
274 1633 10 2 -2 4 -2 2 2 4 -2 4 -2
274 1789 11 2 -2 4 -2 2 2 2 -2 2 4 -2
274 3402 11 2 -2 4 -2 2 2 2 4 -2 4 -2
275 434 1 2
275 1793 11 2 -2 4 -2 2 2 2 -2 2 4 -2
275 3261 3 2 -2 2
276 430 1 2
276 3265 3 2 -2 2
276 3410 11 2 -2 4 -2 2 2 2 4 -2 4 -2
277 442 1 2
278 439 1 2
278 1629 10 2 -2 4 -2 2 2 4 -2 4 -2
278 3273 3 2 -2 2
279 435 1 2
279 1628 10 2 -2 4 -2 2 2 4 -2 4 -2
279 1792 11 2 -2 4 -2 2 2 2 -2 2 4 -2
279 3260 3 2 -2 2
279 3405 11 2 -2 4 -2 2 2 2 4 -2 4 -2
280 431 1 2
280 1627 10 2 -2 4 -2 2 2 4 -2 4 -2
280 1796 11 2 -2 4 -2 2 2 2 -2 2 4 -2
280 3264 3 2 -2 2
280 3409 11 2 -2 4 -2 2 2 2 4 -2 4 -2
281 443 1 2
281 3268 3 2 -2 2
282 440 1 2
282 1642 10 2 -2 4 -2 2 2 4 -2 4 -2
282 1787 11 2 -2 4 -2 2 2 2 -2 2 4 -2
282 3272 3 2 -2 2
282 3417 11 2 -2 4 -2 2 2 2 4 -2 4 -2
283 436 1 2
283 3259 3 2 -2 2
284 432 1 2
284 1640 10 2 -2 4 -2 2 2 4 -2 4 -2
284 1795 11 2 -2 4 -2 2 2 2 -2 2 4 -2
284 3263 3 2 -2 2
284 3408 11 2 -2 4 -2 2 2 2 4 -2 4 -2
285 444 1 2
285 1639 10 2 -2 4 -2 2 2 4 -2 4 -2
285 1799 11 2 -2 4 -2 2 2 2 -2 2 4 -2
285 3267 3 2 -2 2
286 500 1 2
286 3210 3 2 -2 2
287 496 1 2
287 3214 3 2 -2 2
289 505 1 2
289 3222 3 2 -2 2
290 501 1 2
291 497 1 2
291 3213 3 2 -2 2
292 493 1 2
292 3217 3 2 -2 2
293 506 1 2
294 502 1 2
294 3225 3 2 -2 2
295 498 1 2
295 3212 3 2 -2 2
296 494 1 2
296 3216 3 2 -2 2
297 507 1 2
297 3220 3 2 -2 2
298 503 1 2
298 3224 3 2 -2 2
299 499 1 2
299 3211 3 2 -2 2
300 495 1 2
300 3215 3 2 -2 2
301 508 1 2
301 3219 3 2 -2 2
302 788 1 2
302 3168 2 2 -2
303 784 1 2
303 3167 2 2 -2
305 793 1 2
305 3165 2 2 -2
306 789 1 2
306 3164 2 2 -2
307 785 1 2
307 3163 2 2 -2
308 781 1 2
308 3162 2 2 -2
309 794 1 2
310 790 1 2
310 3177 2 2 -2
311 786 1 2
311 3176 2 2 -2
312 782 1 2
312 3175 2 2 -2
313 795 1 2
313 3174 2 2 -2
314 791 1 2
314 3173 2 2 -2
315 787 1 2
315 3172 2 2 -2
316 783 1 2
316 3171 2 2 -2
317 796 1 2
317 3170 2 2 -2
318 3136 2 2 -2
319 1686 9 2 2 2 -2 4 -2 2 4 -2
319 3135 2 2 -2
321 1678 9 2 2 2 -2 4 -2 2 4 -2
321 3133 2 2 -2
322 3132 2 2 -2
323 1687 9 2 2 2 -2 4 -2 2 4 -2
323 3131 2 2 -2
324 3130 2 2 -2
326 1675 9 2 2 2 -2 4 -2 2 4 -2
326 3145 2 2 -2
327 1688 9 2 2 2 -2 4 -2 2 4 -2
327 3144 2 2 -2
328 1684 9 2 2 2 -2 4 -2 2 4 -2
328 3143 2 2 -2
329 3142 2 2 -2
330 3141 2 2 -2
331 1689 9 2 2 2 -2 4 -2 2 4 -2
331 3140 2 2 -2
332 3139 2 2 -2
333 1681 9 2 2 2 -2 4 -2 2 4 -2
333 3138 2 2 -2
334 708 1 2
334 3434 3 2 -2 2
335 704 1 2
335 3438 3 2 -2 2
337 713 1 2
337 3446 3 2 -2 2
338 709 1 2
339 705 1 2
339 3437 3 2 -2 2
340 701 1 2
340 3441 3 2 -2 2
341 714 1 2
342 710 1 2
342 3449 3 2 -2 2
343 706 1 2
343 3436 3 2 -2 2
344 702 1 2
344 3440 3 2 -2 2
345 715 1 2
345 3444 3 2 -2 2
346 711 1 2
346 3448 3 2 -2 2
347 707 1 2
347 3435 3 2 -2 2
348 703 1 2
348 3439 3 2 -2 2
349 716 1 2
349 3443 3 2 -2 2
350 692 1 2
350 3466 3 2 -2 2
351 688 1 2
351 3470 3 2 -2 2
353 697 1 2
353 3478 3 2 -2 2
354 693 1 2
355 689 1 2
355 3469 3 2 -2 2
356 685 1 2
356 3473 3 2 -2 2
357 698 1 2
358 694 1 2
358 3481 3 2 -2 2
359 690 1 2
359 3468 3 2 -2 2
360 686 1 2
360 3472 3 2 -2 2
361 699 1 2
361 3476 3 2 -2 2
362 695 1 2
362 3480 3 2 -2 2
363 691 1 2
363 3467 3 2 -2 2
364 687 1 2
364 3471 3 2 -2 2
365 700 1 2
365 3475 3 2 -2 2
366 740 1 2
366 3450 3 2 -2 2
367 736 1 2
367 3454 3 2 -2 2
369 745 1 2
369 3462 3 2 -2 2
370 741 1 2
371 737 1 2
371 3453 3 2 -2 2
372 733 1 2
372 3457 3 2 -2 2
373 746 1 2
374 742 1 2
374 3465 3 2 -2 2
375 738 1 2
375 3452 3 2 -2 2
376 734 1 2
376 3456 3 2 -2 2
377 747 1 2
377 3460 3 2 -2 2
378 743 1 2
378 3464 3 2 -2 2
379 739 1 2
379 3451 3 2 -2 2
380 735 1 2
380 3455 3 2 -2 2
381 748 1 2
381 3459 3 2 -2 2
382 804 1 2
382 3104 2 2 -2
383 800 1 2
383 3103 2 2 -2
385 809 1 2
385 3101 2 2 -2
386 805 1 2
386 3100 2 2 -2
387 801 1 2
387 3099 2 2 -2
388 797 1 2
388 3098 2 2 -2
389 810 1 2
390 806 1 2
390 3113 2 2 -2
391 802 1 2
391 3112 2 2 -2
392 798 1 2
392 3111 2 2 -2
393 811 1 2
393 3110 2 2 -2
394 807 1 2
394 3109 2 2 -2
395 803 1 2
395 3108 2 2 -2
396 799 1 2
396 3107 2 2 -2
397 812 1 2
397 3106 2 2 -2
398 3222 5 2 -2 4 -2 2
399 3037 7 2 2 2 2 2 2 -2
401 3045 7 2 2 2 2 2 2 -2
401 3210 5 2 -2 4 -2 2
402 3049 7 2 2 2 2 2 2 -2
402 3223 5 2 -2 4 -2 2
403 3036 7 2 2 2 2 2 2 -2
403 3219 5 2 -2 4 -2 2
404 3040 7 2 2 2 2 2 2 -2
404 3215 5 2 -2 4 -2 2
405 3044 7 2 2 2 2 2 2 -2
406 3048 7 2 2 2 2 2 2 -2
406 3224 5 2 -2 4 -2 2
407 3035 7 2 2 2 2 2 2 -2
407 3220 5 2 -2 4 -2 2
408 3039 7 2 2 2 2 2 2 -2
408 3216 5 2 -2 4 -2 2
409 3212 5 2 -2 4 -2 2
410 3047 7 2 2 2 2 2 2 -2
410 3225 5 2 -2 4 -2 2
411 3034 7 2 2 2 2 2 2 -2
412 3217 5 2 -2 4 -2 2
413 3042 7 2 2 2 2 2 2 -2
413 3213 5 2 -2 4 -2 2
414 2989 4 2 -2 4 -2
415 2761 6 2 2 2 -2 4 -2
417 2759 6 2 2 2 -2 4 -2
417 2992 4 2 -2 4 -2
418 2758 6 2 2 2 -2 4 -2
418 2993 4 2 -2 4 -2
419 2757 6 2 2 2 -2 4 -2
419 2994 4 2 -2 4 -2
420 2995 4 2 -2 4 -2
421 2755 6 2 2 2 -2 4 -2
422 2754 6 2 2 2 -2 4 -2
422 2997 4 2 -2 4 -2
423 2753 6 2 2 2 -2 4 -2
423 2998 4 2 -2 4 -2
424 2752 6 2 2 2 -2 4 -2
424 2999 4 2 -2 4 -2
425 3000 4 2 -2 4 -2
426 3001 4 2 -2 4 -2
427 2749 6 2 2 2 -2 4 -2
428 2986 4 2 -2 4 -2
429 2747 6 2 2 2 -2 4 -2
429 2987 4 2 -2 4 -2
430 1684 5 2 -2 2 4 -2
431 1591 13 2 2 2 2 -2 2 4 -2 2 4 -2 4 -2
431 1680 5 2 -2 2 4 -2
433 1689 5 2 -2 2 4 -2
434 1579 13 2 2 2 2 -2 2 4 -2 2 4 -2 4 -2
435 1592 13 2 2 2 2 -2 2 4 -2 2 4 -2 4 -2
435 1681 5 2 -2 2 4 -2
436 1588 13 2 2 2 2 -2 2 4 -2 2 4 -2 4 -2
436 1677 5 2 -2 2 4 -2
438 1686 5 2 -2 2 4 -2
439 1593 13 2 2 2 2 -2 2 4 -2 2 4 -2 4 -2
439 1682 5 2 -2 2 4 -2
440 1678 5 2 -2 2 4 -2
441 1581 13 2 2 2 2 -2 2 4 -2 2 4 -2 4 -2
441 1687 5 2 -2 2 4 -2
442 1683 5 2 -2 2 4 -2
444 1586 13 2 2 2 2 -2 2 4 -2 2 4 -2 4 -2
444 1675 5 2 -2 2 4 -2
445 531 3 2 2 2
445 2048 2 2 -2
446 535 3 2 2 2
446 2047 2 2 -2
448 526 3 2 2 2
448 2045 2 2 -2
449 530 3 2 2 2
449 2044 2 2 -2
450 534 3 2 2 2
450 2043 2 2 -2
451 538 3 2 2 2
451 2042 2 2 -2
452 525 3 2 2 2
453 529 3 2 2 2
453 2057 2 2 -2
454 533 3 2 2 2
454 2056 2 2 -2
455 537 3 2 2 2
455 2055 2 2 -2
456 2054 2 2 -2
457 528 3 2 2 2
457 2053 2 2 -2
458 532 3 2 2 2
458 2052 2 2 -2
459 2051 2 2 -2
460 540 3 2 2 2
460 2050 2 2 -2
461 203 2 2 2
461 1732 5 2 -2 2 4 -2
462 202 2 2 2
462 1728 5 2 -2 2 4 -2
464 200 2 2 2
464 1737 5 2 -2 2 4 -2
465 199 2 2 2
466 198 2 2 2
466 1729 5 2 -2 2 4 -2
467 197 2 2 2
467 1725 5 2 -2 2 4 -2
468 196 2 2 2
469 195 2 2 2
469 1734 5 2 -2 2 4 -2
470 194 2 2 2
470 1730 5 2 -2 2 4 -2
471 193 2 2 2
471 1726 5 2 -2 2 4 -2
472 192 2 2 2
473 191 2 2 2
473 1735 5 2 -2 2 4 -2
474 190 2 2 2
474 1731 5 2 -2 2 4 -2
476 205 2 2 2
476 1723 5 2 -2 2 4 -2
477 187 2 2 2
477 2064 2 2 -2
478 186 2 2 2
478 2063 2 2 -2
480 184 2 2 2
480 2061 2 2 -2
481 183 2 2 2
481 2060 2 2 -2
482 182 2 2 2
482 2059 2 2 -2
483 181 2 2 2
483 2058 2 2 -2
484 180 2 2 2
485 179 2 2 2
485 2073 2 2 -2
486 178 2 2 2
486 2072 2 2 -2
487 177 2 2 2
487 2071 2 2 -2
488 176 2 2 2
488 2070 2 2 -2
489 175 2 2 2
489 2069 2 2 -2
490 174 2 2 2
490 2068 2 2 -2
491 2067 2 2 -2
492 189 2 2 2
492 2066 2 2 -2
493 219 2 2 2
493 2016 2 2 -2
494 218 2 2 2
494 2015 2 2 -2
496 216 2 2 2
496 2013 2 2 -2
497 215 2 2 2
497 2012 2 2 -2
498 214 2 2 2
498 2011 2 2 -2
499 213 2 2 2
499 2010 2 2 -2
500 212 2 2 2
501 211 2 2 2
501 2025 2 2 -2
502 210 2 2 2
502 2024 2 2 -2
503 209 2 2 2
503 2023 2 2 -2
504 208 2 2 2
504 2022 2 2 -2
505 207 2 2 2
505 2021 2 2 -2
506 206 2 2 2
506 2020 2 2 -2
507 2019 2 2 -2
508 221 2 2 2
508 2018 2 2 -2
509 1044 1 2
510 1040 1 2
512 1049 1 2
512 1517 10 2 -2 2 4 -2 2 4 -2 4 -2
513 1045 1 2
514 1041 1 2
514 1515 10 2 -2 2 4 -2 2 4 -2 4 -2
515 1037 1 2
516 1050 1 2
517 1046 1 2
517 1529 10 2 -2 2 4 -2 2 4 -2 4 -2
518 1042 1 2
518 1528 10 2 -2 2 4 -2 2 4 -2 4 -2
519 1038 1 2
519 1527 10 2 -2 2 4 -2 2 4 -2 4 -2
520 1051 1 2
521 1047 1 2
522 1043 1 2
522 1524 10 2 -2 2 4 -2 2 4 -2 4 -2
523 1039 1 2
524 1052 1 2
524 1522 10 2 -2 2 4 -2 2 4 -2 4 -2
525 1028 1 2
526 1024 1 2
528 1033 1 2
528 1533 10 2 -2 2 4 -2 2 4 -2 4 -2
529 1029 1 2
530 1025 1 2
530 1531 10 2 -2 2 4 -2 2 4 -2 4 -2
531 1021 1 2
532 1034 1 2
533 1030 1 2
533 1545 10 2 -2 2 4 -2 2 4 -2 4 -2
534 1026 1 2
534 1544 10 2 -2 2 4 -2 2 4 -2 4 -2
535 1022 1 2
535 1543 10 2 -2 2 4 -2 2 4 -2 4 -2
536 1035 1 2
537 1031 1 2
538 1027 1 2
538 1540 10 2 -2 2 4 -2 2 4 -2 4 -2
539 1023 1 2
540 1036 1 2
540 1538 10 2 -2 2 4 -2 2 4 -2 4 -2
541 932 1 2
541 2918 5 2 -2 4 -2 2
542 928 1 2
544 937 1 2
544 2906 5 2 -2 4 -2 2
545 933 1 2
545 2919 5 2 -2 4 -2 2
546 929 1 2
546 2915 5 2 -2 4 -2 2
547 925 1 2
547 2911 5 2 -2 4 -2 2
548 938 1 2
549 934 1 2
549 2920 5 2 -2 4 -2 2
550 930 1 2
550 2916 5 2 -2 4 -2 2
551 926 1 2
551 2912 5 2 -2 4 -2 2
552 939 1 2
552 2908 5 2 -2 4 -2 2
553 935 1 2
553 2921 5 2 -2 4 -2 2
554 931 1 2
555 927 1 2
555 2913 5 2 -2 4 -2 2
556 940 1 2
556 2909 5 2 -2 4 -2 2
557 2900 4 2 2 2 -2
557 3469 4 2 -2 4 -2
558 2901 4 2 2 2 -2
560 2903 4 2 2 2 -2
560 3472 4 2 -2 4 -2
561 2904 4 2 2 2 -2
561 3473 4 2 -2 4 -2
562 2905 4 2 2 2 -2
562 3474 4 2 -2 4 -2
563 3475 4 2 -2 4 -2
564 2890 4 2 2 2 -2
565 2891 4 2 2 2 -2
565 3477 4 2 -2 4 -2
566 2892 4 2 2 2 -2
566 3478 4 2 -2 4 -2
567 2893 4 2 2 2 -2
567 3479 4 2 -2 4 -2
568 3480 4 2 -2 4 -2
569 2895 4 2 2 2 -2
569 3481 4 2 -2 4 -2
570 2896 4 2 2 2 -2
571 3466 4 2 -2 4 -2
572 2898 4 2 2 2 -2
572 3467 4 2 -2 4 -2
573 916 1 2
573 3421 4 2 -2 4 -2
574 912 1 2
576 921 1 2
576 3424 4 2 -2 4 -2
577 917 1 2
577 3425 4 2 -2 4 -2
578 913 1 2
578 3426 4 2 -2 4 -2
579 909 1 2
579 3427 4 2 -2 4 -2
580 922 1 2
581 918 1 2
581 3429 4 2 -2 4 -2
582 914 1 2
582 3430 4 2 -2 4 -2
583 910 1 2
583 3431 4 2 -2 4 -2
584 923 1 2
584 3432 4 2 -2 4 -2
585 919 1 2
585 3433 4 2 -2 4 -2
586 915 1 2
587 911 1 2
587 3418 4 2 -2 4 -2
588 924 1 2
588 3419 4 2 -2 4 -2
589 900 1 2
589 2998 5 2 -2 4 -2 2
590 896 1 2
592 905 1 2
592 2986 5 2 -2 4 -2 2
593 901 1 2
593 2999 5 2 -2 4 -2 2
594 897 1 2
594 2995 5 2 -2 4 -2 2
595 893 1 2
595 2991 5 2 -2 4 -2 2
596 906 1 2
597 902 1 2
597 3000 5 2 -2 4 -2 2
598 898 1 2
598 2996 5 2 -2 4 -2 2
599 894 1 2
599 2992 5 2 -2 4 -2 2
600 907 1 2
600 2988 5 2 -2 4 -2 2
601 903 1 2
601 3001 5 2 -2 4 -2 2
602 899 1 2
603 895 1 2
603 2993 5 2 -2 4 -2 2
604 908 1 2
604 2989 5 2 -2 4 -2 2
605 948 1 2
605 2672 6 2 -2 4 -2 4 -2
606 944 1 2
608 953 1 2
608 2669 6 2 -2 4 -2 4 -2
609 949 1 2
609 2668 6 2 -2 4 -2 4 -2
610 945 1 2
610 2667 6 2 -2 4 -2 4 -2
611 941 1 2
611 2666 6 2 -2 4 -2 4 -2
612 954 1 2
613 950 1 2
613 2681 6 2 -2 4 -2 4 -2
614 946 1 2
614 2680 6 2 -2 4 -2 4 -2
615 942 1 2
615 2679 6 2 -2 4 -2 4 -2
616 955 1 2
616 2678 6 2 -2 4 -2 4 -2
617 951 1 2
617 2677 6 2 -2 4 -2 4 -2
618 947 1 2
619 943 1 2
619 2675 6 2 -2 4 -2 4 -2
620 956 1 2
620 2674 6 2 -2 4 -2 4 -2
621 836 1 2
621 1428 5 2 -2 2 4 -2
622 832 1 2
622 1424 5 2 -2 2 4 -2
624 841 1 2
624 1433 5 2 -2 2 4 -2
625 837 1 2
626 833 1 2
626 1425 5 2 -2 2 4 -2
627 829 1 2
627 1421 5 2 -2 2 4 -2
628 842 1 2
629 838 1 2
629 1430 5 2 -2 2 4 -2
630 834 1 2
630 1426 5 2 -2 2 4 -2
631 830 1 2
631 1422 5 2 -2 2 4 -2
632 843 1 2
633 839 1 2
633 1431 5 2 -2 2 4 -2
634 835 1 2
634 1427 5 2 -2 2 4 -2
635 831 1 2
636 844 1 2
636 1419 5 2 -2 2 4 -2
637 595 3 2 2 2
637 1905 2 2 -2
638 599 3 2 2 2
638 1904 2 2 -2
640 590 3 2 2 2
640 1902 2 2 -2
641 594 3 2 2 2
641 1901 2 2 -2
642 598 3 2 2 2
642 1900 2 2 -2
643 602 3 2 2 2
643 1899 2 2 -2
644 589 3 2 2 2
645 593 3 2 2 2
645 1914 2 2 -2
646 597 3 2 2 2
646 1913 2 2 -2
647 601 3 2 2 2
647 1912 2 2 -2
648 1911 2 2 -2
649 592 3 2 2 2
649 1910 2 2 -2
650 596 3 2 2 2
650 1909 2 2 -2
651 1908 2 2 -2
652 604 3 2 2 2
652 1907 2 2 -2
653 820 1 2
653 1476 5 2 -2 2 4 -2
654 816 1 2
654 1472 5 2 -2 2 4 -2
656 825 1 2
656 1481 5 2 -2 2 4 -2
657 821 1 2
658 817 1 2
658 1473 5 2 -2 2 4 -2
659 813 1 2
659 1469 5 2 -2 2 4 -2
660 826 1 2
661 822 1 2
661 1478 5 2 -2 2 4 -2
662 818 1 2
662 1474 5 2 -2 2 4 -2
663 814 1 2
663 1470 5 2 -2 2 4 -2
664 827 1 2
665 823 1 2
665 1479 5 2 -2 2 4 -2
666 819 1 2
666 1475 5 2 -2 2 4 -2
667 815 1 2
668 828 1 2
668 1467 5 2 -2 2 4 -2
669 852 1 2
669 1412 5 2 -2 2 4 -2
670 848 1 2
670 1408 5 2 -2 2 4 -2
672 857 1 2
672 1417 5 2 -2 2 4 -2
673 853 1 2
674 849 1 2
674 1409 5 2 -2 2 4 -2
675 845 1 2
675 1405 5 2 -2 2 4 -2
676 858 1 2
677 854 1 2
677 1414 5 2 -2 2 4 -2
678 850 1 2
678 1410 5 2 -2 2 4 -2
679 846 1 2
679 1406 5 2 -2 2 4 -2
680 859 1 2
681 855 1 2
681 1415 5 2 -2 2 4 -2
682 851 1 2
682 1411 5 2 -2 2 4 -2
683 847 1 2
684 860 1 2
684 1403 5 2 -2 2 4 -2
685 1155 1 2
685 3021 4 2 -2 4 -2
686 1151 1 2
688 1160 1 2
688 3024 4 2 -2 4 -2
689 1156 1 2
689 3025 4 2 -2 4 -2
690 1152 1 2
690 3026 4 2 -2 4 -2
691 1148 1 2
691 3027 4 2 -2 4 -2
692 1161 1 2
693 1157 1 2
693 3029 4 2 -2 4 -2
694 1153 1 2
694 3030 4 2 -2 4 -2
695 1149 1 2
695 3031 4 2 -2 4 -2
696 1162 1 2
696 3032 4 2 -2 4 -2
697 1158 1 2
697 3033 4 2 -2 4 -2
698 1154 1 2
699 1150 1 2
699 3018 4 2 -2 4 -2
700 1163 1 2
700 3019 4 2 -2 4 -2
701 2674 7 2 2 2 -2 2 4 -2
701 3085 4 2 -2 4 -2
702 2678 7 2 2 2 -2 2 4 -2
704 2669 7 2 2 2 -2 2 4 -2
704 3088 4 2 -2 4 -2
705 2673 7 2 2 2 -2 2 4 -2
705 3089 4 2 -2 4 -2
706 2677 7 2 2 2 -2 2 4 -2
706 3090 4 2 -2 4 -2
707 3091 4 2 -2 4 -2
708 2668 7 2 2 2 -2 2 4 -2
709 2672 7 2 2 2 -2 2 4 -2
709 3093 4 2 -2 4 -2
710 3094 4 2 -2 4 -2
711 2680 7 2 2 2 -2 2 4 -2
711 3095 4 2 -2 4 -2
712 3096 4 2 -2 4 -2
713 2671 7 2 2 2 -2 2 4 -2
713 3097 4 2 -2 4 -2
714 2675 7 2 2 2 -2 2 4 -2
715 3082 4 2 -2 4 -2
716 2666 7 2 2 2 -2 2 4 -2
716 3083 4 2 -2 4 -2
717 1604 5 2 -2 2 4 -2
717 2728 7 2 -2 4 -2 2 4 -2
718 1600 5 2 -2 2 4 -2
720 1609 5 2 -2 2 4 -2
720 2723 7 2 -2 4 -2 2 4 -2
721 2727 7 2 -2 4 -2 2 4 -2
722 1601 5 2 -2 2 4 -2
722 2714 7 2 -2 4 -2 2 4 -2
723 1597 5 2 -2 2 4 -2
725 1606 5 2 -2 2 4 -2
725 2726 7 2 -2 4 -2 2 4 -2
726 1602 5 2 -2 2 4 -2
727 1598 5 2 -2 2 4 -2
727 2717 7 2 -2 4 -2 2 4 -2
728 2721 7 2 -2 4 -2 2 4 -2
729 1607 5 2 -2 2 4 -2
729 2725 7 2 -2 4 -2 2 4 -2
730 1603 5 2 -2 2 4 -2
731 2716 7 2 -2 4 -2 2 4 -2
732 1595 5 2 -2 2 4 -2
732 2720 7 2 -2 4 -2 2 4 -2
733 55 8 2 -2 2 4 -2 2 2 2
733 1107 1 2
733 1352 14 2 -2 2 4 -2 2 2 2 -2 4 -2 2 4 -2
733 1563 16 2 -2 2 4 -2 2 2 -2 2 4 -2 2 4 -2 4 -2
733 2750 7 2 -2 2 4 -2 2 2
734 56 8 2 -2 2 4 -2 2 2 2
734 1103 1 2
734 1351 14 2 -2 2 4 -2 2 2 2 -2 4 -2 2 4 -2
734 2754 7 2 -2 2 4 -2 2 2
736 1112 1 2
737 1108 1 2
738 60 8 2 -2 2 4 -2 2 2 2
738 1104 1 2
738 2753 7 2 -2 2 4 -2 2 2
739 1100 1 2
740 1113 1 2
741 1109 1 2
741 2748 7 2 -2 2 4 -2 2 2
742 47 8 2 -2 2 4 -2 2 2 2
742 1105 1 2
742 1572 16 2 -2 2 4 -2 2 2 -2 2 4 -2 2 4 -2 4 -2
742 2752 7 2 -2 2 4 -2 2 2
743 48 8 2 -2 2 4 -2 2 2 2
743 1101 1 2
743 1342 14 2 -2 2 4 -2 2 2 2 -2 4 -2 2 4 -2
743 2756 7 2 -2 2 4 -2 2 2
744 1114 1 2
745 50 8 2 -2 2 4 -2 2 2 2
745 1110 1 2
745 1575 16 2 -2 2 4 -2 2 2 -2 2 4 -2 2 4 -2 4 -2
745 2747 7 2 -2 2 4 -2 2 2
746 51 8 2 -2 2 4 -2 2 2 2
746 1106 1 2
746 1339 14 2 -2 2 4 -2 2 2 2 -2 4 -2 2 4 -2
746 1576 16 2 -2 2 4 -2 2 2 -2 2 4 -2 2 4 -2 4 -2
746 2751 7 2 -2 2 4 -2 2 2
747 1102 1 2
748 53 8 2 -2 2 4 -2 2 2 2
748 1115 1 2
748 2759 7 2 -2 2 4 -2 2 2
749 1139 1 2
749 1556 5 2 -2 2 4 -2
749 3053 4 2 -2 4 -2
750 1135 1 2
750 1552 5 2 -2 2 4 -2
752 1144 1 2
752 1561 5 2 -2 2 4 -2
752 3056 4 2 -2 4 -2
753 1140 1 2
753 3057 4 2 -2 4 -2
754 1136 1 2
754 1553 5 2 -2 2 4 -2
754 3058 4 2 -2 4 -2
755 1132 1 2
755 1549 5 2 -2 2 4 -2
755 3059 4 2 -2 4 -2
756 1145 1 2
757 1141 1 2
757 1558 5 2 -2 2 4 -2
757 3061 4 2 -2 4 -2
758 1137 1 2
758 1554 5 2 -2 2 4 -2
758 3062 4 2 -2 4 -2
759 1133 1 2
759 1550 5 2 -2 2 4 -2
759 3063 4 2 -2 4 -2
760 1146 1 2
760 3064 4 2 -2 4 -2
761 1142 1 2
761 1559 5 2 -2 2 4 -2
761 3065 4 2 -2 4 -2
762 1138 1 2
762 1555 5 2 -2 2 4 -2
763 1134 1 2
763 3050 4 2 -2 4 -2
764 1147 1 2
764 1547 5 2 -2 2 4 -2
764 3051 4 2 -2 4 -2
765 1091 1 2
765 1572 5 2 -2 2 4 -2
766 1087 1 2
766 1568 5 2 -2 2 4 -2
768 1096 1 2
768 1577 5 2 -2 2 4 -2
769 1092 1 2
770 1088 1 2
770 1569 5 2 -2 2 4 -2
771 1084 1 2
771 1565 5 2 -2 2 4 -2
772 1097 1 2
773 1093 1 2
773 1574 5 2 -2 2 4 -2
774 1089 1 2
774 1570 5 2 -2 2 4 -2
775 1085 1 2
775 1566 5 2 -2 2 4 -2
776 1098 1 2
777 1094 1 2
777 1575 5 2 -2 2 4 -2
778 1090 1 2
778 1571 5 2 -2 2 4 -2
779 1086 1 2
780 1099 1 2
780 1563 5 2 -2 2 4 -2
781 1123 1 2
781 1320 14 2 -2 2 4 -2 2 2 2 -2 4 -2 2 4 -2
781 2776 7 2 -2 4 -2 2 4 -2
782 1119 1 2
782 1319 14 2 -2 2 4 -2 2 2 2 -2 4 -2 2 4 -2
784 1128 1 2
784 2771 7 2 -2 4 -2 2 4 -2
785 1124 1 2
785 2775 7 2 -2 4 -2 2 4 -2
786 1120 1 2
786 2762 7 2 -2 4 -2 2 4 -2
787 1116 1 2
788 1129 1 2
789 1125 1 2
789 2774 7 2 -2 4 -2 2 4 -2
790 1121 1 2
791 1117 1 2
791 1310 14 2 -2 2 4 -2 2 2 2 -2 4 -2 2 4 -2
791 2765 7 2 -2 4 -2 2 4 -2
792 1130 1 2
792 2769 7 2 -2 4 -2 2 4 -2
793 1126 1 2
793 2773 7 2 -2 4 -2 2 4 -2
794 1122 1 2
794 1307 14 2 -2 2 4 -2 2 2 2 -2 4 -2 2 4 -2
795 1118 1 2
795 2764 7 2 -2 4 -2 2 4 -2
796 1131 1 2
796 2768 7 2 -2 4 -2 2 4 -2
797 1171 1 2
797 1540 5 2 -2 2 4 -2
797 2272 6 2 -2 4 -2 4 -2
798 1167 1 2
798 1536 5 2 -2 2 4 -2
800 1176 1 2
800 1545 5 2 -2 2 4 -2
800 2269 6 2 -2 4 -2 4 -2
801 1172 1 2
801 2268 6 2 -2 4 -2 4 -2
802 1168 1 2
802 1537 5 2 -2 2 4 -2
802 2267 6 2 -2 4 -2 4 -2
803 1164 1 2
803 1533 5 2 -2 2 4 -2
803 2266 6 2 -2 4 -2 4 -2
804 1177 1 2
805 1173 1 2
805 1542 5 2 -2 2 4 -2
805 2281 6 2 -2 4 -2 4 -2
806 1169 1 2
806 1538 5 2 -2 2 4 -2
806 2280 6 2 -2 4 -2 4 -2
807 1165 1 2
807 1534 5 2 -2 2 4 -2
807 2279 6 2 -2 4 -2 4 -2
808 1178 1 2
808 2278 6 2 -2 4 -2 4 -2
809 1174 1 2
809 1543 5 2 -2 2 4 -2
809 2277 6 2 -2 4 -2 4 -2
810 1170 1 2
810 1539 5 2 -2 2 4 -2
811 1166 1 2
811 2275 6 2 -2 4 -2 4 -2
812 1179 1 2
812 1531 5 2 -2 2 4 -2
812 2274 6 2 -2 4 -2 4 -2
813 883 3 2 2 2
813 1417 7 2 -2 4 -2 2 4 -2
814 887 3 2 2 2
816 878 3 2 2 2
816 1412 7 2 -2 4 -2 2 4 -2
817 882 3 2 2 2
817 1416 7 2 -2 4 -2 2 4 -2
818 886 3 2 2 2
818 1403 7 2 -2 4 -2 2 4 -2
819 890 3 2 2 2
820 877 3 2 2 2
821 881 3 2 2 2
821 1415 7 2 -2 4 -2 2 4 -2
822 885 3 2 2 2
823 889 3 2 2 2
823 1406 7 2 -2 4 -2 2 4 -2
824 1410 7 2 -2 4 -2 2 4 -2
825 880 3 2 2 2
825 1414 7 2 -2 4 -2 2 4 -2
826 884 3 2 2 2
827 1405 7 2 -2 4 -2 2 4 -2
828 892 3 2 2 2
828 1409 7 2 -2 4 -2 2 4 -2
829 1981 4 2 -2 4 -2
830 2953 7 2 2 2 -2 4 -2 2
832 1984 4 2 -2 4 -2
832 2944 7 2 2 2 -2 4 -2 2
833 1985 4 2 -2 4 -2
833 2948 7 2 2 2 -2 4 -2 2
834 1986 4 2 -2 4 -2
834 2952 7 2 2 2 -2 4 -2 2
835 1987 4 2 -2 4 -2
836 2943 7 2 2 2 -2 4 -2 2
837 1989 4 2 -2 4 -2
837 2947 7 2 2 2 -2 4 -2 2
838 1990 4 2 -2 4 -2
838 2951 7 2 2 2 -2 4 -2 2
839 1991 4 2 -2 4 -2
839 2938 7 2 2 2 -2 4 -2 2
840 1992 4 2 -2 4 -2
841 1993 4 2 -2 4 -2
842 2950 7 2 2 2 -2 4 -2 2
843 1978 4 2 -2 4 -2
844 1979 4 2 -2 4 -2
844 2941 7 2 2 2 -2 4 -2 2
845 618 2 2 2
845 1966 4 2 -2 4 -2
846 617 2 2 2
848 615 2 2 2
848 1969 4 2 -2 4 -2
849 614 2 2 2
849 1970 4 2 -2 4 -2
850 613 2 2 2
850 1971 4 2 -2 4 -2
851 612 2 2 2
851 1972 4 2 -2 4 -2
852 611 2 2 2
853 610 2 2 2
853 1973 4 2 -2 4 -2
854 609 2 2 2
854 1974 4 2 -2 4 -2
855 608 2 2 2
855 1975 4 2 -2 4 -2
856 607 2 2 2
856 1976 4 2 -2 4 -2
857 606 2 2 2
857 1977 4 2 -2 4 -2
858 605 2 2 2
859 1963 4 2 -2 4 -2
860 620 2 2 2
860 1964 4 2 -2 4 -2
861 277 1 2
861 2640 2 2 -2
862 273 1 2
862 2639 2 2 -2
864 282 1 2
864 2637 2 2 -2
865 278 1 2
865 2636 2 2 -2
866 274 1 2
866 2635 2 2 -2
867 270 1 2
867 2634 2 2 -2
868 283 1 2
869 279 1 2
869 2649 2 2 -2
870 275 1 2
870 2648 2 2 -2
871 271 1 2
871 2647 2 2 -2
872 284 1 2
872 2646 2 2 -2
873 280 1 2
873 2645 2 2 -2
874 276 1 2
874 2644 2 2 -2
875 272 1 2
875 2643 2 2 -2
876 285 1 2
876 2642 2 2 -2
877 2036 4 2 2 2 -2
877 2608 2 2 -2
878 2037 4 2 2 2 -2
878 2607 2 2 -2
880 2039 4 2 2 2 -2
880 2605 2 2 -2
881 2040 4 2 2 2 -2
881 2604 2 2 -2
882 2041 4 2 2 2 -2
882 2603 2 2 -2
883 2602 2 2 -2
884 2026 4 2 2 2 -2
885 2027 4 2 2 2 -2
885 2617 2 2 -2
886 2028 4 2 2 2 -2
886 2616 2 2 -2
887 2029 4 2 2 2 -2
887 2615 2 2 -2
888 2614 2 2 -2
889 2031 4 2 2 2 -2
889 2613 2 2 -2
890 2032 4 2 2 2 -2
890 2612 2 2 -2
891 2611 2 2 -2
892 2034 4 2 2 2 -2
892 2610 2 2 -2
893 2624 2 2 -2
894 2623 2 2 -2
894 2925 3 2 2 -2
896 2621 2 2 -2
896 2933 3 2 2 -2
897 2620 2 2 -2
897 2937 3 2 2 -2
898 2619 2 2 -2
898 2924 3 2 2 -2
899 2618 2 2 -2
899 2928 3 2 2 -2
900 2932 3 2 2 -2
901 2633 2 2 -2
901 2936 3 2 2 -2
902 2632 2 2 -2
902 2923 3 2 2 -2
903 2631 2 2 -2
903 2927 3 2 2 -2
904 2630 2 2 -2
904 2931 3 2 2 -2
905 2629 2 2 -2
905 2935 3 2 2 -2
906 2628 2 2 -2
906 2922 3 2 2 -2
907 2627 2 2 -2
908 2626 2 2 -2
908 2930 3 2 2 -2
909 229 1 2
909 2544 2 2 -2
910 225 1 2
910 2543 2 2 -2
912 234 1 2
912 2541 2 2 -2
913 230 1 2
913 2540 2 2 -2
914 226 1 2
914 2539 2 2 -2
915 222 1 2
915 2538 2 2 -2
916 235 1 2
917 231 1 2
917 2553 2 2 -2
918 227 1 2
918 2552 2 2 -2
919 223 1 2
919 2551 2 2 -2
920 236 1 2
920 2550 2 2 -2
921 232 1 2
921 2549 2 2 -2
922 228 1 2
922 2548 2 2 -2
923 224 1 2
923 2547 2 2 -2
924 237 1 2
924 2546 2 2 -2
925 245 1 2
925 2592 2 2 -2
926 241 1 2
926 2591 2 2 -2
928 250 1 2
928 2589 2 2 -2
929 246 1 2
929 2588 2 2 -2
930 242 1 2
930 2587 2 2 -2
931 238 1 2
931 2586 2 2 -2
932 251 1 2
933 247 1 2
933 2601 2 2 -2
934 243 1 2
934 2600 2 2 -2
935 239 1 2
935 2599 2 2 -2
936 252 1 2
936 2598 2 2 -2
937 248 1 2
937 2597 2 2 -2
938 244 1 2
938 2596 2 2 -2
939 240 1 2
939 2595 2 2 -2
940 253 1 2
940 2594 2 2 -2
941 293 1 2
941 2560 2 2 -2
942 289 1 2
942 2559 2 2 -2
944 298 1 2
944 2557 2 2 -2
945 294 1 2
945 2556 2 2 -2
946 290 1 2
946 2555 2 2 -2
947 286 1 2
947 2554 2 2 -2
948 299 1 2
949 295 1 2
949 2569 2 2 -2
950 291 1 2
950 2568 2 2 -2
951 287 1 2
951 2567 2 2 -2
952 300 1 2
952 2566 2 2 -2
953 296 1 2
953 2565 2 2 -2
954 292 1 2
954 2564 2 2 -2
955 288 1 2
955 2563 2 2 -2
956 301 1 2
956 2562 2 2 -2
957 1657 7 2 -2 4 -2 2 4 -2
957 1893 4 2 2 2 -2
957 3376 6 2 -2 4 -2 4 -2
958 1894 4 2 2 2 -2
960 1652 7 2 -2 4 -2 2 4 -2
960 1896 4 2 2 2 -2
960 3373 6 2 -2 4 -2 4 -2
961 1656 7 2 -2 4 -2 2 4 -2
961 1897 4 2 2 2 -2
961 3372 6 2 -2 4 -2 4 -2
962 1643 7 2 -2 4 -2 2 4 -2
962 1898 4 2 2 2 -2
962 3371 6 2 -2 4 -2 4 -2
963 3370 6 2 -2 4 -2 4 -2
964 1883 4 2 2 2 -2
965 1655 7 2 -2 4 -2 2 4 -2
965 1884 4 2 2 2 -2
965 3385 6 2 -2 4 -2 4 -2
966 1885 4 2 2 2 -2
966 3384 6 2 -2 4 -2 4 -2
967 1646 7 2 -2 4 -2 2 4 -2
967 1886 4 2 2 2 -2
967 3383 6 2 -2 4 -2 4 -2
968 1650 7 2 -2 4 -2 2 4 -2
968 3382 6 2 -2 4 -2 4 -2
969 1654 7 2 -2 4 -2 2 4 -2
969 1888 4 2 2 2 -2
969 3381 6 2 -2 4 -2 4 -2
970 1889 4 2 2 2 -2
971 1645 7 2 -2 4 -2 2 4 -2
971 3379 6 2 -2 4 -2 4 -2
972 1649 7 2 -2 4 -2 2 4 -2
972 1891 4 2 2 2 -2
972 3378 6 2 -2 4 -2 4 -2
973 133 1 2
973 1641 7 2 -2 4 -2 2 4 -2
974 129 1 2
976 138 1 2
976 1636 7 2 -2 4 -2 2 4 -2
977 134 1 2
977 1640 7 2 -2 4 -2 2 4 -2
978 130 1 2
978 1627 7 2 -2 4 -2 2 4 -2
979 126 1 2
980 139 1 2
981 135 1 2
981 1639 7 2 -2 4 -2 2 4 -2
982 131 1 2
983 127 1 2
983 1630 7 2 -2 4 -2 2 4 -2
984 140 1 2
984 1634 7 2 -2 4 -2 2 4 -2
985 136 1 2
985 1638 7 2 -2 4 -2 2 4 -2
986 132 1 2
987 128 1 2
987 1629 7 2 -2 4 -2 2 4 -2
988 141 1 2
988 1633 7 2 -2 4 -2 2 4 -2
989 165 1 2
989 3408 6 2 -2 4 -2 4 -2
990 161 1 2
992 170 1 2
992 3405 6 2 -2 4 -2 4 -2
993 166 1 2
993 3404 6 2 -2 4 -2 4 -2
994 162 1 2
994 3403 6 2 -2 4 -2 4 -2
995 158 1 2
995 3402 6 2 -2 4 -2 4 -2
996 171 1 2
997 167 1 2
997 3417 6 2 -2 4 -2 4 -2
998 163 1 2
998 3416 6 2 -2 4 -2 4 -2
999 159 1 2
999 3415 6 2 -2 4 -2 4 -2
1000 172 1 2
1000 3414 6 2 -2 4 -2 4 -2
1001 168 1 2
1001 3413 6 2 -2 4 -2 4 -2
1002 164 1 2
1003 160 1 2
1003 3411 6 2 -2 4 -2 4 -2
1004 173 1 2
1004 3410 6 2 -2 4 -2 4 -2
1005 70 1 2
1005 2240 2 2 -2
1006 66 1 2
1006 2239 2 2 -2
1008 75 1 2
1008 2237 2 2 -2
1009 71 1 2
1009 2236 2 2 -2
1010 67 1 2
1010 2235 2 2 -2
1011 63 1 2
1011 2234 2 2 -2
1012 76 1 2
1013 72 1 2
1013 2249 2 2 -2
1014 68 1 2
1014 2248 2 2 -2
1015 64 1 2
1015 2247 2 2 -2
1016 77 1 2
1016 2246 2 2 -2
1017 73 1 2
1017 2245 2 2 -2
1018 69 1 2
1018 2244 2 2 -2
1019 65 1 2
1019 2243 2 2 -2
1020 78 1 2
1020 2242 2 2 -2
1021 23 1 2
1021 2224 2 2 -2
1022 19 1 2
1022 2223 2 2 -2
1024 28 1 2
1024 2221 2 2 -2
1025 24 1 2
1025 2220 2 2 -2
1026 20 1 2
1026 2219 2 2 -2
1027 16 1 2
1027 2218 2 2 -2
1028 29 1 2
1029 25 1 2
1029 2233 2 2 -2
1030 21 1 2
1030 2232 2 2 -2
1031 17 1 2
1031 2231 2 2 -2
1032 30 1 2
1032 2230 2 2 -2
1033 26 1 2
1033 2229 2 2 -2
1034 22 1 2
1034 2228 2 2 -2
1035 18 1 2
1035 2227 2 2 -2
1036 31 1 2
1036 2226 2 2 -2
1037 7 1 2
1037 2160 2 2 -2
1038 3 1 2
1038 2159 2 2 -2
1040 12 1 2
1040 2157 2 2 -2
1041 8 1 2
1041 2156 2 2 -2
1042 4 1 2
1042 2155 2 2 -2
1043 0 1 2
1043 2154 2 2 -2
1044 13 1 2
1045 9 1 2
1045 2169 2 2 -2
1046 5 1 2
1046 2168 2 2 -2
1047 1 1 2
1047 2167 2 2 -2
1048 14 1 2
1048 2166 2 2 -2
1049 10 1 2
1049 2165 2 2 -2
1050 6 1 2
1050 2164 2 2 -2
1051 2 1 2
1051 2163 2 2 -2
1052 15 1 2
1052 2162 2 2 -2
1053 39 1 2
1053 2192 2 2 -2
1054 35 1 2
1054 2191 2 2 -2
1055 43 1 2
1055 2189 2 2 -2
1056 40 1 2
1056 2188 2 2 -2
1057 36 1 2
1057 2187 2 2 -2
1058 32 1 2
1058 2186 2 2 -2
1059 44 1 2
1060 41 1 2
1060 2201 2 2 -2
1061 37 1 2
1061 2200 2 2 -2
1062 33 1 2
1062 2199 2 2 -2
1063 45 1 2
1063 2198 2 2 -2
1064 42 1 2
1064 2197 2 2 -2
1065 38 1 2
1065 2196 2 2 -2
1066 34 1 2
1066 2195 2 2 -2
1067 46 1 2
1067 2194 2 2 -2
1068 86 1 2
1068 2176 2 2 -2
1069 82 1 2
1069 2175 2 2 -2
1071 91 1 2
1071 2173 2 2 -2
1072 87 1 2
1072 2172 2 2 -2
1073 83 1 2
1073 2171 2 2 -2
1074 79 1 2
1074 2170 2 2 -2
1075 92 1 2
1076 88 1 2
1076 2185 2 2 -2
1077 84 1 2
1077 2184 2 2 -2
1078 80 1 2
1078 2183 2 2 -2
1079 93 1 2
1079 2182 2 2 -2
1080 89 1 2
1080 2181 2 2 -2
1081 85 1 2
1081 2180 2 2 -2
1082 81 1 2
1082 2179 2 2 -2
1083 94 1 2
1083 2178 2 2 -2
1084 373 1 2
1084 2384 2 2 -2
1085 369 1 2
1085 2383 2 2 -2
1087 378 1 2
1087 2381 2 2 -2
1088 374 1 2
1088 2380 2 2 -2
1089 370 1 2
1089 2379 2 2 -2
1090 366 1 2
1090 2378 2 2 -2
1091 379 1 2
1092 375 1 2
1092 2393 2 2 -2
1093 371 1 2
1093 2392 2 2 -2
1094 367 1 2
1094 2391 2 2 -2
1095 380 1 2
1095 2390 2 2 -2
1096 376 1 2
1096 2389 2 2 -2
1097 372 1 2
1097 2388 2 2 -2
1098 368 1 2
1098 2387 2 2 -2
1099 381 1 2
1099 2386 2 2 -2
1100 730 2 2 2
1100 2352 2 2 -2
1101 729 2 2 2
1101 2351 2 2 -2
1103 727 2 2 2
1103 2349 2 2 -2
1104 726 2 2 2
1104 2348 2 2 -2
1105 725 2 2 2
1105 2347 2 2 -2
1106 724 2 2 2
1106 2346 2 2 -2
1107 723 2 2 2
1108 722 2 2 2
1108 2361 2 2 -2
1109 721 2 2 2
1109 2360 2 2 -2
1110 720 2 2 2
1110 2359 2 2 -2
1111 719 2 2 2
1111 2358 2 2 -2
1112 718 2 2 2
1112 2357 2 2 -2
1113 717 2 2 2
1113 2356 2 2 -2
1114 2355 2 2 -2
1115 732 2 2 2
1115 2354 2 2 -2
1116 325 1 2
1116 2368 2 2 -2
1117 321 1 2
1117 2367 2 2 -2
1119 330 1 2
1119 2365 2 2 -2
1120 326 1 2
1120 2364 2 2 -2
1121 322 1 2
1121 2363 2 2 -2
1122 318 1 2
1122 2362 2 2 -2
1123 331 1 2
1124 327 1 2
1124 2377 2 2 -2
1125 323 1 2
1125 2376 2 2 -2
1126 319 1 2
1126 2375 2 2 -2
1127 332 1 2
1127 2374 2 2 -2
1128 328 1 2
1128 2373 2 2 -2
1129 324 1 2
1129 2372 2 2 -2
1130 320 1 2
1130 2371 2 2 -2
1131 333 1 2
1131 2370 2 2 -2
1132 309 1 2
1132 2288 2 2 -2
1133 305 1 2
1133 2287 2 2 -2
1135 314 1 2
1135 2285 2 2 -2
1136 310 1 2
1136 2284 2 2 -2
1137 306 1 2
1137 2283 2 2 -2
1138 302 1 2
1138 2282 2 2 -2
1139 315 1 2
1140 311 1 2
1140 2297 2 2 -2
1141 307 1 2
1141 2296 2 2 -2
1142 303 1 2
1142 2295 2 2 -2
1143 316 1 2
1143 2294 2 2 -2
1144 312 1 2
1144 2293 2 2 -2
1145 308 1 2
1145 2292 2 2 -2
1146 304 1 2
1146 2291 2 2 -2
1147 317 1 2
1147 2290 2 2 -2
1148 341 1 2
1148 2336 2 2 -2
1149 337 1 2
1149 2335 2 2 -2
1151 346 1 2
1151 2333 2 2 -2
1152 342 1 2
1152 2332 2 2 -2
1153 338 1 2
1153 2331 2 2 -2
1154 334 1 2
1154 2330 2 2 -2
1155 347 1 2
1156 343 1 2
1156 2345 2 2 -2
1157 339 1 2
1157 2344 2 2 -2
1158 335 1 2
1158 2343 2 2 -2
1159 348 1 2
1159 2342 2 2 -2
1160 344 1 2
1160 2341 2 2 -2
1161 340 1 2
1161 2340 2 2 -2
1162 336 1 2
1162 2339 2 2 -2
1163 349 1 2
1163 2338 2 2 -2
1164 389 1 2
1164 2304 2 2 -2
1165 385 1 2
1165 2303 2 2 -2
1167 394 1 2
1167 2301 2 2 -2
1168 390 1 2
1168 2300 2 2 -2
1169 386 1 2
1169 2299 2 2 -2
1170 382 1 2
1170 2298 2 2 -2
1171 395 1 2
1172 391 1 2
1172 2313 2 2 -2
1173 387 1 2
1173 2312 2 2 -2
1174 383 1 2
1174 2311 2 2 -2
1175 396 1 2
1175 2310 2 2 -2
1176 392 1 2
1176 2309 2 2 -2
1177 388 1 2
1177 2308 2 2 -2
1178 384 1 2
1178 2307 2 2 -2
1179 397 1 2
1179 2306 2 2 -2
1180 116 3 2 2 2
1180 1689 12 2 4 -2 4 -2 2 2 4 -2 2 4 -2
1180 2615 2 2 2
1181 120 3 2 2 2
1181 2614 2 2 2
1183 111 3 2 2 2
1183 1675 12 2 4 -2 4 -2 2 2 4 -2 2 4 -2
1183 2612 2 2 2
1184 115 3 2 2 2
1184 2611 2 2 2
1185 119 3 2 2 2
1185 2610 2 2 2
1186 123 3 2 2 2
1186 1678 12 2 4 -2 4 -2 2 2 4 -2 2 4 -2
1186 2609 2 2 2
1187 110 3 2 2 2
1187 2608 2 2 2
1188 114 3 2 2 2
1188 1680 12 2 4 -2 4 -2 2 2 4 -2 2 4 -2
1188 2607 2 2 2
1189 118 3 2 2 2
1189 2606 2 2 2
1190 122 3 2 2 2
1190 1682 12 2 4 -2 4 -2 2 2 4 -2 2 4 -2
1190 2605 2 2 2
1191 2604 2 2 2
1192 113 3 2 2 2
1192 2603 2 2 2
1193 117 3 2 2 2
1193 2602 2 2 2
1195 125 3 2 2 2
1195 1687 12 2 4 -2 4 -2 2 2 4 -2 2 4 -2
1195 2617 2 2 2
1196 1410 5 2 4 -2 4 -2
1197 1406 5 2 4 -2 4 -2
1199 1415 5 2 4 -2 4 -2
1199 2455 13 2 2 2 -2 4 -2 2 4 -2 2 2 2 -2
1200 1411 5 2 4 -2 4 -2
1201 2447 13 2 2 2 -2 4 -2 2 4 -2 2 2 2 -2
1202 1403 5 2 4 -2 4 -2
1203 1416 5 2 4 -2 4 -2
1204 1412 5 2 4 -2 4 -2
1204 2452 13 2 2 2 -2 4 -2 2 4 -2 2 2 2 -2
1205 2448 13 2 2 2 -2 4 -2 2 4 -2 2 2 2 -2
1206 1404 5 2 4 -2 4 -2
1206 2444 13 2 2 2 -2 4 -2 2 4 -2 2 2 2 -2
1207 1417 5 2 4 -2 4 -2
1209 1409 5 2 4 -2 4 -2
1210 1405 5 2 4 -2 4 -2
1211 1418 5 2 4 -2 4 -2
1212 1506 5 2 4 -2 4 -2
1212 2583 2 2 2
1212 3306 5 2 2 2 2 -2
1213 1502 5 2 4 -2 4 -2
1213 2582 2 2 2
1213 3319 5 2 2 2 2 -2
1215 1511 5 2 4 -2 4 -2
1215 2580 2 2 2
1215 3311 5 2 2 2 2 -2
1216 1507 5 2 4 -2 4 -2
1216 2579 2 2 2
1216 3307 5 2 2 2 2 -2
1217 2578 2 2 2
1217 3320 5 2 2 2 2 -2
1218 1499 5 2 4 -2 4 -2
1218 2577 2 2 2
1218 3316 5 2 2 2 2 -2
1219 1512 5 2 4 -2 4 -2
1219 2576 2 2 2
1219 3312 5 2 2 2 2 -2
1220 1508 5 2 4 -2 4 -2
1220 2575 2 2 2
1220 3308 5 2 2 2 2 -2
1221 2574 2 2 2
1221 3321 5 2 2 2 2 -2
1222 1500 5 2 4 -2 4 -2
1222 2573 2 2 2
1222 3317 5 2 2 2 2 -2
1223 1513 5 2 4 -2 4 -2
1223 2572 2 2 2
1224 2571 2 2 2
1224 3309 5 2 2 2 2 -2
1225 1505 5 2 4 -2 4 -2
1225 2570 2 2 2
1226 1501 5 2 4 -2 4 -2
1227 1514 5 2 4 -2 4 -2
1227 2585 2 2 2
1227 3314 5 2 2 2 2 -2
1228 100 3 2 2 2
1228 1921 6 2 2 2 2 2 -2
1228 2209 5 2 2 2 2 2
1229 104 3 2 2 2
1229 1686 17 2 2 2 2 4 -2 4 -2 2 2 2 -2 4 -2 2 4 -2
1229 1920 6 2 2 2 2 2 -2
1229 2205 5 2 2 2 2 2
1231 96 3 2 2 2
1231 1678 17 2 2 2 2 4 -2 4 -2 2 2 2 -2 4 -2 2 4 -2
1231 1918 6 2 2 2 2 2 -2
1231 2214 5 2 2 2 2 2
1232 99 3 2 2 2
1232 1917 6 2 2 2 2 2 -2
1232 2210 5 2 2 2 2 2
1233 103 3 2 2 2
1233 1916 6 2 2 2 2 2 -2
1233 2206 5 2 2 2 2 2
1234 107 3 2 2 2
1234 1915 6 2 2 2 2 2 -2
1234 2202 5 2 2 2 2 2
1235 95 3 2 2 2
1235 2215 5 2 2 2 2 2
1236 98 3 2 2 2
1236 1675 17 2 2 2 2 4 -2 4 -2 2 2 2 -2 4 -2 2 4 -2
1236 1930 6 2 2 2 2 2 -2
1236 2211 5 2 2 2 2 2
1237 102 3 2 2 2
1237 1688 17 2 2 2 2 4 -2 4 -2 2 2 2 -2 4 -2 2 4 -2
1237 1929 6 2 2 2 2 2 -2
1237 2207 5 2 2 2 2 2
1238 106 3 2 2 2
1238 1928 6 2 2 2 2 2 -2
1238 2203 5 2 2 2 2 2
1239 97 3 2 2 2
1239 1926 6 2 2 2 2 2 -2
1239 2212 5 2 2 2 2 2
1240 101 3 2 2 2
1240 1689 17 2 2 2 2 4 -2 4 -2 2 2 2 -2 4 -2 2 4 -2
1240 1925 6 2 2 2 2 2 -2
1240 2208 5 2 2 2 2 2
1242 109 3 2 2 2
1242 1681 17 2 2 2 2 4 -2 4 -2 2 2 2 -2 4 -2 2 4 -2
1242 1923 6 2 2 2 2 2 -2
1242 2217 5 2 2 2 2 2
1243 970 2 2 2
1243 1474 5 2 4 -2 4 -2
1243 2567 2 2 2
1244 969 2 2 2
1244 1470 5 2 4 -2 4 -2
1244 2566 2 2 2
1246 967 2 2 2
1246 1479 5 2 4 -2 4 -2
1246 2564 2 2 2
1247 966 2 2 2
1247 1475 5 2 4 -2 4 -2
1247 2563 2 2 2
1248 965 2 2 2
1248 2562 2 2 2
1249 964 2 2 2
1249 1467 5 2 4 -2 4 -2
1249 2561 2 2 2
1250 963 2 2 2
1250 1480 5 2 4 -2 4 -2
1250 2560 2 2 2
1251 962 2 2 2
1251 1476 5 2 4 -2 4 -2
1251 2559 2 2 2
1252 961 2 2 2
1252 2558 2 2 2
1253 960 2 2 2
1253 1468 5 2 4 -2 4 -2
1253 2557 2 2 2
1254 959 2 2 2
1254 1481 5 2 4 -2 4 -2
1254 2556 2 2 2
1255 958 2 2 2
1255 2555 2 2 2
1256 957 2 2 2
1256 1473 5 2 4 -2 4 -2
1256 2554 2 2 2
1257 1469 5 2 4 -2 4 -2
1258 972 2 2 2
1258 1482 5 2 4 -2 4 -2
1258 2569 2 2 2
1259 1002 2 2 2
1259 1490 5 2 4 -2 4 -2
1259 2679 2 2 2
1260 1001 2 2 2
1260 1486 5 2 4 -2 4 -2
1260 2678 2 2 2
1262 999 2 2 2
1262 1495 5 2 4 -2 4 -2
1262 2676 2 2 2
1263 998 2 2 2
1263 1491 5 2 4 -2 4 -2
1263 2675 2 2 2
1264 997 2 2 2
1264 2674 2 2 2
1265 996 2 2 2
1265 1483 5 2 4 -2 4 -2
1265 2673 2 2 2
1266 995 2 2 2
1266 1496 5 2 4 -2 4 -2
1266 2672 2 2 2
1267 994 2 2 2
1267 1492 5 2 4 -2 4 -2
1267 2671 2 2 2
1268 993 2 2 2
1268 2670 2 2 2
1269 992 2 2 2
1269 1484 5 2 4 -2 4 -2
1269 2669 2 2 2
1270 991 2 2 2
1270 1497 5 2 4 -2 4 -2
1270 2668 2 2 2
1271 990 2 2 2
1271 2667 2 2 2
1272 989 2 2 2
1272 1489 5 2 4 -2 4 -2
1272 2666 2 2 2
1273 1485 5 2 4 -2 4 -2
1274 1004 2 2 2
1274 1498 5 2 4 -2 4 -2
1274 2681 2 2 2
1275 730 6 2 4 -2 4 -2 2
1275 1310 7 2 2 4 -2 2 4 -2
1276 729 6 2 4 -2 4 -2 2
1276 1314 7 2 2 4 -2 2 4 -2
1276 1430 9 2 2 2 -2 4 -2 2 4 -2
1278 727 6 2 4 -2 4 -2 2
1278 1422 9 2 2 2 -2 4 -2 2 4 -2
1279 726 6 2 4 -2 4 -2 2
1279 1309 7 2 2 4 -2 2 4 -2
1280 1313 7 2 2 4 -2 2 4 -2
1280 1431 9 2 2 2 -2 4 -2 2 4 -2
1281 724 6 2 4 -2 4 -2 2
1282 723 6 2 4 -2 4 -2 2
1282 1321 7 2 2 4 -2 2 4 -2
1283 722 6 2 4 -2 4 -2 2
1283 1419 9 2 2 2 -2 4 -2 2 4 -2
1284 1312 7 2 2 4 -2 2 4 -2
1284 1432 9 2 2 2 -2 4 -2 2 4 -2
1285 720 6 2 4 -2 4 -2 2
1285 1316 7 2 2 4 -2 2 4 -2
1285 1428 9 2 2 2 -2 4 -2 2 4 -2
1286 719 6 2 4 -2 4 -2 2
1286 1320 7 2 2 4 -2 2 4 -2
1287 1307 7 2 2 4 -2 2 4 -2
1288 717 6 2 4 -2 4 -2 2
1288 1433 9 2 2 2 -2 4 -2 2 4 -2
1290 732 6 2 4 -2 4 -2 2
1290 1319 7 2 2 4 -2 2 4 -2
1290 1425 9 2 2 2 -2 4 -2 2 4 -2
1291 1326 7 2 2 4 -2 2 4 -2
1292 1330 7 2 2 4 -2 2 4 -2
1292 1886 3 2 2 -2
1294 1894 3 2 2 -2
1295 1325 7 2 2 4 -2 2 4 -2
1295 1898 3 2 2 -2
1296 1329 7 2 2 4 -2 2 4 -2
1296 1885 3 2 2 -2
1297 1889 3 2 2 -2
1298 1337 7 2 2 4 -2 2 4 -2
1298 1893 3 2 2 -2
1299 1897 3 2 2 -2
1300 1328 7 2 2 4 -2 2 4 -2
1300 1884 3 2 2 -2
1301 1332 7 2 2 4 -2 2 4 -2
1301 1888 3 2 2 -2
1302 1336 7 2 2 4 -2 2 4 -2
1302 1892 3 2 2 -2
1303 1323 7 2 2 4 -2 2 4 -2
1303 1896 3 2 2 -2
1304 1883 3 2 2 -2
1306 1335 7 2 2 4 -2 2 4 -2
1306 1891 3 2 2 -2
1307 541 4 2 2 2 2
1307 2231 2 2 2
1308 542 4 2 2 2 2
1308 1914 6 2 2 2 -2 4 -2
1308 1981 3 2 2 -2
1308 2230 2 2 2
1310 544 4 2 2 2 2
1310 1912 6 2 2 2 -2 4 -2
1310 1989 3 2 2 -2
1310 2228 2 2 2
1311 545 4 2 2 2 2
1311 1911 6 2 2 2 -2 4 -2
1311 1993 3 2 2 -2
1311 2227 2 2 2
1312 546 4 2 2 2 2
1312 1910 6 2 2 2 -2 4 -2
1312 1980 3 2 2 -2
1312 2226 2 2 2
1313 547 4 2 2 2 2
1313 1984 3 2 2 -2
1313 2225 2 2 2
1314 548 4 2 2 2 2
1314 1908 6 2 2 2 -2 4 -2
1314 1988 3 2 2 -2
1314 2224 2 2 2
1315 549 4 2 2 2 2
1315 1907 6 2 2 2 -2 4 -2
1315 1992 3 2 2 -2
1315 2223 2 2 2
1316 550 4 2 2 2 2
1316 1906 6 2 2 2 -2 4 -2
1316 1979 3 2 2 -2
1316 2222 2 2 2
1317 551 4 2 2 2 2
1317 1905 6 2 2 2 -2 4 -2
1317 1983 3 2 2 -2
1317 2221 2 2 2
1318 1987 3 2 2 -2
1318 2220 2 2 2
1319 553 4 2 2 2 2
1319 1991 3 2 2 -2
1319 2219 2 2 2
1320 554 4 2 2 2 2
1320 1902 6 2 2 2 -2 4 -2
1320 1978 3 2 2 -2
1320 2218 2 2 2
1322 556 4 2 2 2 2
1322 1900 6 2 2 2 -2 4 -2
1322 1986 3 2 2 -2
1322 2233 2 2 2
1323 1342 7 2 2 4 -2 2 4 -2
1323 1874 5 2 4 -2 4 -2
1324 1346 7 2 2 4 -2 2 4 -2
1324 1870 5 2 4 -2 4 -2
1324 1934 3 2 2 -2
1326 1879 5 2 4 -2 4 -2
1326 1942 3 2 2 -2
1327 1341 7 2 2 4 -2 2 4 -2
1327 1875 5 2 4 -2 4 -2
1327 1946 3 2 2 -2
1328 1345 7 2 2 4 -2 2 4 -2
1328 1933 3 2 2 -2
1329 1867 5 2 4 -2 4 -2
1329 1937 3 2 2 -2
1330 1353 7 2 2 4 -2 2 4 -2
1330 1880 5 2 4 -2 4 -2
1330 1941 3 2 2 -2
1331 1876 5 2 4 -2 4 -2
1331 1945 3 2 2 -2
1332 1344 7 2 2 4 -2 2 4 -2
1332 1932 3 2 2 -2
1333 1348 7 2 2 4 -2 2 4 -2
1333 1868 5 2 4 -2 4 -2
1333 1936 3 2 2 -2
1334 1352 7 2 2 4 -2 2 4 -2
1334 1881 5 2 4 -2 4 -2
1334 1940 3 2 2 -2
1335 1339 7 2 2 4 -2 2 4 -2
1335 1944 3 2 2 -2
1336 1873 5 2 4 -2 4 -2
1336 1931 3 2 2 -2
1337 1869 5 2 4 -2 4 -2
1338 1351 7 2 2 4 -2 2 4 -2
1338 1882 5 2 4 -2 4 -2
1338 1939 3 2 2 -2
1339 660 1 2
1339 826 2 2 2
1339 1778 5 2 4 -2 4 -2
1339 2167 2 2 2
1340 656 1 2
1340 825 2 2 2
1340 1774 5 2 4 -2 4 -2
1340 2166 2 2 2
1342 665 1 2
1342 823 2 2 2
1342 1783 5 2 4 -2 4 -2
1342 2164 2 2 2
1343 661 1 2
1343 822 2 2 2
1343 1779 5 2 4 -2 4 -2
1343 2163 2 2 2
1344 657 1 2
1344 821 2 2 2
1344 2162 2 2 2
1345 653 1 2
1345 820 2 2 2
1345 1771 5 2 4 -2 4 -2
1345 2161 2 2 2
1346 666 1 2
1346 819 2 2 2
1346 1784 5 2 4 -2 4 -2
1346 2160 2 2 2
1347 662 1 2
1347 818 2 2 2
1347 1780 5 2 4 -2 4 -2
1347 2159 2 2 2
1348 658 1 2
1348 817 2 2 2
1348 2158 2 2 2
1349 654 1 2
1349 816 2 2 2
1349 1772 5 2 4 -2 4 -2
1349 2157 2 2 2
1350 667 1 2
1350 815 2 2 2
1350 1785 5 2 4 -2 4 -2
1350 2156 2 2 2
1351 663 1 2
1351 814 2 2 2
1351 2155 2 2 2
1352 659 1 2
1352 813 2 2 2
1352 1777 5 2 4 -2 4 -2
1352 2154 2 2 2
1353 655 1 2
1353 1773 5 2 4 -2 4 -2
1354 668 1 2
1354 828 2 2 2
1354 1786 5 2 4 -2 4 -2
1354 2169 2 2 2
1355 589 4 2 2 2 2
1355 644 1 2
1355 1278 7 2 2 4 -2 2 4 -2
1355 1393 3 2 2 2
1356 590 4 2 2 2 2
1356 640 1 2
1356 1282 7 2 2 4 -2 2 4 -2
1356 1397 3 2 2 2
1358 592 4 2 2 2 2
1358 649 1 2
1358 1388 3 2 2 2
1359 593 4 2 2 2 2
1359 645 1 2
1359 1277 7 2 2 4 -2 2 4 -2
1359 1392 3 2 2 2
1360 594 4 2 2 2 2
1360 641 1 2
1360 1281 7 2 2 4 -2 2 4 -2
1360 1396 3 2 2 2
1361 595 4 2 2 2 2
1361 637 1 2
1361 1400 3 2 2 2
1362 596 4 2 2 2 2
1362 650 1 2
1362 1289 7 2 2 4 -2 2 4 -2
1362 1387 3 2 2 2
1363 597 4 2 2 2 2
1363 646 1 2
1363 1391 3 2 2 2
1364 598 4 2 2 2 2
1364 642 1 2
1364 1280 7 2 2 4 -2 2 4 -2
1364 1395 3 2 2 2
1365 599 4 2 2 2 2
1365 638 1 2
1365 1284 7 2 2 4 -2 2 4 -2
1365 1399 3 2 2 2
1366 651 1 2
1366 1288 7 2 2 4 -2 2 4 -2
1367 601 4 2 2 2 2
1367 647 1 2
1367 1275 7 2 2 4 -2 2 4 -2
1367 1390 3 2 2 2
1368 602 4 2 2 2 2
1368 643 1 2
1368 1394 3 2 2 2
1369 639 1 2
1370 604 4 2 2 2 2
1370 652 1 2
1370 1287 7 2 2 4 -2 2 4 -2
1370 1402 3 2 2 2
1371 628 1 2
1371 842 2 2 2
1371 1842 5 2 4 -2 4 -2
1371 2183 2 2 2
1372 624 1 2
1372 841 2 2 2
1372 1838 5 2 4 -2 4 -2
1372 2182 2 2 2
1374 633 1 2
1374 839 2 2 2
1374 1847 5 2 4 -2 4 -2
1374 2180 2 2 2
1375 629 1 2
1375 838 2 2 2
1375 1843 5 2 4 -2 4 -2
1375 2179 2 2 2
1376 625 1 2
1376 837 2 2 2
1376 2178 2 2 2
1377 621 1 2
1377 836 2 2 2
1377 1835 5 2 4 -2 4 -2
1377 2177 2 2 2
1378 634 1 2
1378 835 2 2 2
1378 1848 5 2 4 -2 4 -2
1378 2176 2 2 2
1379 630 1 2
1379 834 2 2 2
1379 1844 5 2 4 -2 4 -2
1379 2175 2 2 2
1380 626 1 2
1380 833 2 2 2
1380 2174 2 2 2
1381 622 1 2
1381 832 2 2 2
1381 1836 5 2 4 -2 4 -2
1381 2173 2 2 2
1382 635 1 2
1382 831 2 2 2
1382 1849 5 2 4 -2 4 -2
1382 2172 2 2 2
1383 631 1 2
1383 830 2 2 2
1383 2171 2 2 2
1384 627 1 2
1384 829 2 2 2
1384 1841 5 2 4 -2 4 -2
1384 2170 2 2 2
1385 623 1 2
1385 1837 5 2 4 -2 4 -2
1386 636 1 2
1386 844 2 2 2
1386 1850 5 2 4 -2 4 -2
1386 2185 2 2 2
1387 596 1 2
1387 906 2 2 2
1387 2359 2 2 2
1388 592 1 2
1388 905 2 2 2
1388 2358 2 2 2
1390 601 1 2
1390 903 2 2 2
1390 2356 2 2 2
1391 597 1 2
1391 902 2 2 2
1391 2355 2 2 2
1392 593 1 2
1392 901 2 2 2
1392 2354 2 2 2
1393 589 1 2
1393 900 2 2 2
1393 2353 2 2 2
1394 602 1 2
1394 899 2 2 2
1394 2352 2 2 2
1395 598 1 2
1395 898 2 2 2
1395 2351 2 2 2
1396 594 1 2
1396 897 2 2 2
1396 2350 2 2 2
1397 590 1 2
1397 896 2 2 2
1397 2349 2 2 2
1398 603 1 2
1398 895 2 2 2
1398 2348 2 2 2
1399 599 1 2
1399 894 2 2 2
1399 2347 2 2 2
1400 595 1 2
1400 893 2 2 2
1400 2346 2 2 2
1401 591 1 2
1402 604 1 2
1402 908 2 2 2
1402 2361 2 2 2
1403 2103 4 2 2 4 -2
1404 2104 4 2 2 4 -2
1404 2938 6 2 2 -2 4 -2 2
1406 2953 6 2 2 -2 4 -2 2
1407 2090 4 2 2 4 -2
1407 2952 6 2 2 -2 4 -2 2
1408 2091 4 2 2 4 -2
1408 2951 6 2 2 -2 4 -2 2
1409 2092 4 2 2 4 -2
1409 2950 6 2 2 -2 4 -2 2
1410 2093 4 2 2 4 -2
1411 2948 6 2 2 -2 4 -2 2
1412 2095 4 2 2 4 -2
1412 2947 6 2 2 -2 4 -2 2
1413 2096 4 2 2 4 -2
1414 2097 4 2 2 4 -2
1414 2945 6 2 2 -2 4 -2 2
1415 2098 4 2 2 4 -2
1415 2944 6 2 2 -2 4 -2 2
1416 2099 4 2 2 4 -2
1416 2943 6 2 2 -2 4 -2 2
1418 2101 4 2 2 4 -2
1418 2941 6 2 2 -2 4 -2 2
1419 260 3 2 2 2
1419 2375 2 2 2
1419 2580 4 2 2 2 -2
1420 264 3 2 2 2
1420 2374 2 2 2
1420 2581 4 2 2 2 -2
1420 3456 5 2 2 -2 4 -2
1422 255 3 2 2 2
1422 2372 2 2 2
1422 2583 4 2 2 2 -2
1422 3465 5 2 2 -2 4 -2
1423 259 3 2 2 2
1423 2371 2 2 2
1423 2584 4 2 2 2 -2
1423 3461 5 2 2 -2 4 -2
1424 263 3 2 2 2
1424 2370 2 2 2
1424 2585 4 2 2 2 -2
1424 3457 5 2 2 -2 4 -2
1425 267 3 2 2 2
1425 2369 2 2 2
1425 3453 5 2 2 -2 4 -2
1426 254 3 2 2 2
1426 2368 2 2 2
1426 2570 4 2 2 2 -2
1427 258 3 2 2 2
1427 2367 2 2 2
1427 2571 4 2 2 2 -2
1427 3462 5 2 2 -2 4 -2
1428 262 3 2 2 2
1428 2366 2 2 2
1428 2572 4 2 2 2 -2
1428 3458 5 2 2 -2 4 -2
1429 266 3 2 2 2
1429 2365 2 2 2
1429 2573 4 2 2 2 -2
1430 2364 2 2 2
1430 3450 5 2 2 -2 4 -2
1431 257 3 2 2 2
1431 2363 2 2 2
1431 2575 4 2 2 2 -2
1431 3463 5 2 2 -2 4 -2
1432 261 3 2 2 2
1432 2362 2 2 2
1432 2576 4 2 2 2 -2
1432 3459 5 2 2 -2 4 -2
1434 269 3 2 2 2
1434 2377 2 2 2
1434 2578 4 2 2 2 -2
1434 3451 5 2 2 -2 4 -2
1435 564 1 2
1435 2327 2 2 2
1435 2890 5 2 2 2 2 -2
1436 560 1 2
1436 2326 2 2 2
1436 2903 5 2 2 2 2 -2
1438 569 1 2
1438 2324 2 2 2
1438 2895 5 2 2 2 2 -2
1439 565 1 2
1439 2323 2 2 2
1439 2891 5 2 2 2 2 -2
1440 561 1 2
1440 2322 2 2 2
1440 2904 5 2 2 2 2 -2
1441 557 1 2
1441 2321 2 2 2
1441 2900 5 2 2 2 2 -2
1442 570 1 2
1442 2320 2 2 2
1442 2896 5 2 2 2 2 -2
1443 566 1 2
1443 2319 2 2 2
1443 2892 5 2 2 2 2 -2
1444 562 1 2
1444 2318 2 2 2
1444 2905 5 2 2 2 2 -2
1445 558 1 2
1445 2317 2 2 2
1445 2901 5 2 2 2 2 -2
1446 571 1 2
1446 2316 2 2 2
1447 567 1 2
1447 2315 2 2 2
1447 2893 5 2 2 2 2 -2
1448 563 1 2
1448 2314 2 2 2
1449 559 1 2
1450 572 1 2
1450 2329 2 2 2
1450 2898 5 2 2 2 2 -2
1451 874 2 2 2
1451 2295 2 2 2
1452 873 2 2 2
1452 2294 2 2 2
1454 871 2 2 2
1454 2292 2 2 2
1455 870 2 2 2
1455 2291 2 2 2
1456 869 2 2 2
1456 2290 2 2 2
1457 868 2 2 2
1457 2289 2 2 2
1458 867 2 2 2
1458 2288 2 2 2
1459 866 2 2 2
1459 2287 2 2 2
1460 865 2 2 2
1460 2286 2 2 2
1461 864 2 2 2
1461 2285 2 2 2
1462 863 2 2 2
1462 2284 2 2 2
1463 862 2 2 2
1463 2283 2 2 2
1464 861 2 2 2
1464 2282 2 2 2
1466 876 2 2 2
1466 2297 2 2 2
1467 187 6 2 2 2 2 2 2
1467 228 3 2 2 2
1467 477 4 2 2 2 2
1467 580 1 2
1467 922 2 2 2
1467 2071 4 2 2 4 -2
1467 2465 5 2 2 2 2 2
1468 186 6 2 2 2 2 2 2
1468 232 3 2 2 2
1468 478 4 2 2 2 2
1468 576 1 2
1468 921 2 2 2
1468 2072 4 2 2 4 -2
1468 2461 5 2 2 2 2 2
1470 184 6 2 2 2 2 2 2
1470 223 3 2 2 2
1470 480 4 2 2 2 2
1470 585 1 2
1470 919 2 2 2
1470 2470 5 2 2 2 2 2
1471 183 6 2 2 2 2 2 2
1471 227 3 2 2 2
1471 481 4 2 2 2 2
1471 581 1 2
1471 918 2 2 2
1471 2058 4 2 2 4 -2
1471 2466 5 2 2 2 2 2
1472 182 6 2 2 2 2 2 2
1472 231 3 2 2 2
1472 482 4 2 2 2 2
1472 577 1 2
1472 917 2 2 2
1472 2059 4 2 2 4 -2
1472 2462 5 2 2 2 2 2
1473 181 6 2 2 2 2 2 2
1473 235 3 2 2 2
1473 483 4 2 2 2 2
1473 573 1 2
1473 916 2 2 2
1473 2060 4 2 2 4 -2
1473 2458 5 2 2 2 2 2
1474 180 6 2 2 2 2 2 2
1474 222 3 2 2 2
1474 484 4 2 2 2 2
1474 586 1 2
1474 915 2 2 2
1474 2061 4 2 2 4 -2
1474 2471 5 2 2 2 2 2
1475 179 6 2 2 2 2 2 2
1475 226 3 2 2 2
1475 485 4 2 2 2 2
1475 582 1 2
1475 914 2 2 2
1475 2467 5 2 2 2 2 2
1476 178 6 2 2 2 2 2 2
1476 230 3 2 2 2
1476 486 4 2 2 2 2
1476 578 1 2
1476 913 2 2 2
1476 2063 4 2 2 4 -2
1476 2463 5 2 2 2 2 2
1477 177 6 2 2 2 2 2 2
1477 234 3 2 2 2
1477 487 4 2 2 2 2
1477 574 1 2
1477 912 2 2 2
1477 2064 4 2 2 4 -2
1477 2459 5 2 2 2 2 2
1478 587 1 2
1478 911 2 2 2
1478 2065 4 2 2 4 -2
1479 175 6 2 2 2 2 2 2
1479 225 3 2 2 2
1479 489 4 2 2 2 2
1479 583 1 2
1479 910 2 2 2
1479 2066 4 2 2 4 -2
1479 2468 5 2 2 2 2 2
1480 174 6 2 2 2 2 2 2
1480 229 3 2 2 2
1480 490 4 2 2 2 2
1480 579 1 2
1480 909 2 2 2
1480 2067 4 2 2 4 -2
1480 2464 5 2 2 2 2 2
1481 575 1 2
1482 189 6 2 2 2 2 2 2
1482 237 3 2 2 2
1482 492 4 2 2 2 2
1482 588 1 2
1482 924 2 2 2
1482 2069 4 2 2 4 -2
1482 2473 5 2 2 2 2 2
1483 890 2 2 2
1483 2311 2 2 2
1484 889 2 2 2
1484 2310 2 2 2
1486 887 2 2 2
1486 2308 2 2 2
1487 886 2 2 2
1487 2307 2 2 2
1488 885 2 2 2
1488 2306 2 2 2
1489 884 2 2 2
1489 2305 2 2 2
1490 883 2 2 2
1490 2304 2 2 2
1491 882 2 2 2
1491 2303 2 2 2
1492 881 2 2 2
1492 2302 2 2 2
1493 880 2 2 2
1493 2301 2 2 2
1494 879 2 2 2
1494 2300 2 2 2
1495 878 2 2 2
1495 2299 2 2 2
1496 877 2 2 2
1496 2298 2 2 2
1498 892 2 2 2
1498 2313 2 2 2
1499 292 3 2 2 2
1499 612 1 2
1499 954 2 2 2
1499 1761 3 2 2 2
1499 2999 6 2 2 4 -2 4 -2
1500 296 3 2 2 2
1500 608 1 2
1500 953 2 2 2
1500 1765 3 2 2 2
1500 2998 6 2 2 4 -2 4 -2
1502 287 3 2 2 2
1502 617 1 2
1502 951 2 2 2
1502 1756 3 2 2 2
1503 291 3 2 2 2
1503 613 1 2
1503 950 2 2 2
1503 1760 3 2 2 2
1503 2995 6 2 2 4 -2 4 -2
1504 295 3 2 2 2
1504 609 1 2
1504 949 2 2 2
1504 1764 3 2 2 2
1504 2994 6 2 2 4 -2 4 -2
1505 299 3 2 2 2
1505 605 1 2
1505 948 2 2 2
1505 1768 3 2 2 2
1505 2993 6 2 2 4 -2 4 -2
1506 286 3 2 2 2
1506 618 1 2
1506 947 2 2 2
1506 1755 3 2 2 2
1506 2992 6 2 2 4 -2 4 -2
1507 290 3 2 2 2
1507 614 1 2
1507 946 2 2 2
1507 1759 3 2 2 2
1508 294 3 2 2 2
1508 610 1 2
1508 945 2 2 2
1508 1763 3 2 2 2
1509 298 3 2 2 2
1509 606 1 2
1509 944 2 2 2
1509 1767 3 2 2 2
1509 2989 6 2 2 4 -2 4 -2
1510 619 1 2
1510 943 2 2 2
1510 2988 6 2 2 4 -2 4 -2
1511 289 3 2 2 2
1511 615 1 2
1511 942 2 2 2
1511 1758 3 2 2 2
1511 2987 6 2 2 4 -2 4 -2
1512 293 3 2 2 2
1512 611 1 2
1512 941 2 2 2
1512 1762 3 2 2 2
1512 2986 6 2 2 4 -2 4 -2
1513 607 1 2
1514 301 3 2 2 2
1514 620 1 2
1514 956 2 2 2
1514 1770 3 2 2 2
1514 3001 6 2 2 4 -2 4 -2
1515 532 1 2
1515 1034 2 2 2
1515 1203 5 2 4 -2 4 -2
1515 2743 2 2 2
1516 528 1 2
1516 1033 2 2 2
1516 1199 5 2 4 -2 4 -2
1516 2742 2 2 2
1518 537 1 2
1518 1031 2 2 2
1518 1208 5 2 4 -2 4 -2
1518 2740 2 2 2
1519 533 1 2
1519 1030 2 2 2
1519 1204 5 2 4 -2 4 -2
1519 2739 2 2 2
1520 529 1 2
1520 1029 2 2 2
1520 2738 2 2 2
1521 525 1 2
1521 1028 2 2 2
1521 1196 5 2 4 -2 4 -2
1521 2737 2 2 2
1522 538 1 2
1522 1027 2 2 2
1522 1209 5 2 4 -2 4 -2
1522 2736 2 2 2
1523 534 1 2
1523 1026 2 2 2
1523 1205 5 2 4 -2 4 -2
1523 2735 2 2 2
1524 530 1 2
1524 1025 2 2 2
1524 2734 2 2 2
1525 526 1 2
1525 1024 2 2 2
1525 1197 5 2 4 -2 4 -2
1525 2733 2 2 2
1526 539 1 2
1526 1023 2 2 2
1526 1210 5 2 4 -2 4 -2
1526 2732 2 2 2
1527 535 1 2
1527 1022 2 2 2
1527 2731 2 2 2
1528 531 1 2
1528 1021 2 2 2
1528 1202 5 2 4 -2 4 -2
1528 2730 2 2 2
1529 527 1 2
1529 1198 5 2 4 -2 4 -2
1530 540 1 2
1530 1036 2 2 2
1530 1211 5 2 4 -2 4 -2
1530 2745 2 2 2
1531 1607 12 2 2 4 -2 2 4 -2 2 4 -2 4 -2
1532 1581 11 2 2 -2 2 4 -2 2 4 -2 4 -2
1532 1608 12 2 2 4 -2 2 4 -2 2 4 -2 4 -2
1535 1593 11 2 2 -2 2 4 -2 2 4 -2 4 -2
1536 1595 12 2 2 4 -2 2 4 -2 2 4 -2 4 -2
1538 1588 11 2 2 -2 2 4 -2 2 4 -2 4 -2
1538 1597 12 2 2 4 -2 2 4 -2 2 4 -2 4 -2
1539 1592 11 2 2 -2 2 4 -2 2 4 -2 4 -2
1540 1579 11 2 2 -2 2 4 -2 2 4 -2 4 -2
1542 1601 12 2 2 4 -2 2 4 -2 2 4 -2 4 -2
1543 1591 11 2 2 -2 2 4 -2 2 4 -2 4 -2
1543 1602 12 2 2 4 -2 2 4 -2 2 4 -2 4 -2
1546 1586 11 2 2 -2 2 4 -2 2 4 -2 4 -2
1547 1018 2 2 2
1547 1187 5 2 4 -2 4 -2
1547 2695 2 2 2
1548 1017 2 2 2
1548 1183 5 2 4 -2 4 -2
1548 2694 2 2 2
1550 1015 2 2 2
1550 1192 5 2 4 -2 4 -2
1550 2692 2 2 2
1551 1014 2 2 2
1551 1188 5 2 4 -2 4 -2
1551 2691 2 2 2
1552 1013 2 2 2
1552 2690 2 2 2
1553 1012 2 2 2
1553 1180 5 2 4 -2 4 -2
1553 2689 2 2 2
1554 1011 2 2 2
1554 1193 5 2 4 -2 4 -2
1554 2688 2 2 2
1555 1010 2 2 2
1555 1189 5 2 4 -2 4 -2
1555 2687 2 2 2
1556 1009 2 2 2
1556 2686 2 2 2
1557 1008 2 2 2
1557 1181 5 2 4 -2 4 -2
1557 2685 2 2 2
1558 1007 2 2 2
1558 1194 5 2 4 -2 4 -2
1558 2684 2 2 2
1559 1006 2 2 2
1559 2683 2 2 2
1560 1005 2 2 2
1560 1186 5 2 4 -2 4 -2
1560 2682 2 2 2
1561 1182 5 2 4 -2 4 -2
1562 1020 2 2 2
1562 1195 5 2 4 -2 4 -2
1562 2697 2 2 2
1563 6 3 2 2 2
1563 516 1 2
1563 1050 2 2 2
1563 1186 3 2 2 2
1563 1543 12 2 2 4 -2 2 4 -2 2 4 -2 4 -2
1564 10 3 2 2 2
1564 512 1 2
1564 1049 2 2 2
1564 1190 3 2 2 2
1564 1544 12 2 2 4 -2 2 4 -2 2 4 -2 4 -2
1566 1 3 2 2 2
1566 521 1 2
1566 1047 2 2 2
1566 1181 3 2 2 2
1567 5 3 2 2 2
1567 517 1 2
1567 1046 2 2 2
1567 1185 3 2 2 2
1568 9 3 2 2 2
1568 513 1 2
1568 1045 2 2 2
1568 1189 3 2 2 2
1568 1531 12 2 2 4 -2 2 4 -2 2 4 -2 4 -2
1569 13 3 2 2 2
1569 509 1 2
1569 1044 2 2 2
1569 1193 3 2 2 2
1570 0 3 2 2 2
1570 522 1 2
1570 1043 2 2 2
1570 1180 3 2 2 2
1570 1533 12 2 2 4 -2 2 4 -2 2 4 -2 4 -2
1571 4 3 2 2 2
1571 518 1 2
1571 1042 2 2 2
1571 1184 3 2 2 2
1572 8 3 2 2 2
1572 514 1 2
1572 1041 2 2 2
1572 1188 3 2 2 2
1573 12 3 2 2 2
1573 510 1 2
1573 1040 2 2 2
1573 1192 3 2 2 2
1574 523 1 2
1574 1039 2 2 2
1574 1537 12 2 2 4 -2 2 4 -2 2 4 -2 4 -2
1575 3 3 2 2 2
1575 519 1 2
1575 1038 2 2 2
1575 1183 3 2 2 2
1575 1538 12 2 2 4 -2 2 4 -2 2 4 -2 4 -2
1576 7 3 2 2 2
1576 515 1 2
1576 1037 2 2 2
1576 1187 3 2 2 2
1577 511 1 2
1578 15 3 2 2 2
1578 524 1 2
1578 1052 2 2 2
1578 1195 3 2 2 2
1579 1235 5 2 4 -2 4 -2
1579 2212 4 2 2 2 -2
1580 1231 5 2 4 -2 4 -2
1580 2213 4 2 2 2 -2
1582 1239 5 2 4 -2 4 -2
1582 2215 4 2 2 2 -2
1583 1236 5 2 4 -2 4 -2
1583 2216 4 2 2 2 -2
1584 2217 4 2 2 2 -2
1585 1228 5 2 4 -2 4 -2
1586 1240 5 2 4 -2 4 -2
1586 2202 4 2 2 2 -2
1587 1237 5 2 4 -2 4 -2
1587 2203 4 2 2 2 -2
1588 2204 4 2 2 2 -2
1589 1229 5 2 4 -2 4 -2
1589 2205 4 2 2 2 -2
1590 1241 5 2 4 -2 4 -2
1591 2207 4 2 2 2 -2
1592 1234 5 2 4 -2 4 -2
1592 2208 4 2 2 2 -2
1593 1230 5 2 4 -2 4 -2
1594 1242 5 2 4 -2 4 -2
1594 2210 4 2 2 2 -2
1595 1081 2 2 2
1595 1250 5 2 4 -2 4 -2
1595 2807 2 2 2
1596 1080 2 2 2
1596 1246 5 2 4 -2 4 -2
1596 2806 2 2 2
1598 1078 2 2 2
1598 1255 5 2 4 -2 4 -2
1598 2804 2 2 2
1599 1077 2 2 2
1599 1251 5 2 4 -2 4 -2
1599 2803 2 2 2
1600 1076 2 2 2
1600 2802 2 2 2
1601 1075 2 2 2
1601 1243 5 2 4 -2 4 -2
1601 2801 2 2 2
1602 1074 2 2 2
1602 1256 5 2 4 -2 4 -2
1602 2800 2 2 2
1603 1073 2 2 2
1603 1252 5 2 4 -2 4 -2
1603 2799 2 2 2
1604 1072 2 2 2
1604 2798 2 2 2
1605 1071 2 2 2
1605 1244 5 2 4 -2 4 -2
1605 2797 2 2 2
1606 1070 2 2 2
1606 1257 5 2 4 -2 4 -2
1606 2796 2 2 2
1607 1069 2 2 2
1607 2795 2 2 2
1608 1068 2 2 2
1608 1249 5 2 4 -2 4 -2
1608 2794 2 2 2
1609 1245 5 2 4 -2 4 -2
1610 1083 2 2 2
1610 1258 5 2 4 -2 4 -2
1610 2809 2 2 2
1611 1592 10 2 4 -2 4 -2 2 4 -2 4 -2
1611 1912 4 2 2 4 -2
1612 1591 10 2 4 -2 4 -2 2 4 -2 4 -2
1612 1913 4 2 2 4 -2
1615 1588 10 2 4 -2 4 -2 2 4 -2 4 -2
1615 1899 4 2 2 4 -2
1616 1900 4 2 2 4 -2
1617 1586 10 2 4 -2 4 -2 2 4 -2 4 -2
1617 1901 4 2 2 4 -2
1618 1585 10 2 4 -2 4 -2 2 4 -2 4 -2
1618 1902 4 2 2 4 -2
1620 1904 4 2 2 4 -2
1621 1582 10 2 4 -2 4 -2 2 4 -2 4 -2
1621 1905 4 2 2 4 -2
1622 1581 10 2 4 -2 4 -2 2 4 -2 4 -2
1622 1906 4 2 2 4 -2
1623 1907 4 2 2 4 -2
1624 1579 10 2 4 -2 4 -2 2 4 -2 4 -2
1624 1908 4 2 2 4 -2
1626 1594 10 2 4 -2 4 -2 2 4 -2 4 -2
1626 1910 4 2 2 4 -2
1627 1928 4 2 2 4 -2
1627 2420 4 2 2 2 -2
1628 1929 4 2 2 4 -2
1628 2421 4 2 2 2 -2
1630 2423 4 2 2 2 -2
1631 1915 4 2 2 4 -2
1631 2424 4 2 2 2 -2
1632 1916 4 2 2 4 -2
1632 2425 4 2 2 2 -2
1633 1917 4 2 2 4 -2
1634 1918 4 2 2 4 -2
1634 2410 4 2 2 2 -2
1635 2411 4 2 2 2 -2
1636 1920 4 2 2 4 -2
1636 2412 4 2 2 2 -2
1637 1921 4 2 2 4 -2
1637 2413 4 2 2 2 -2
1638 1922 4 2 2 4 -2
1639 1923 4 2 2 4 -2
1639 2415 4 2 2 2 -2
1640 1924 4 2 2 4 -2
1640 2416 4 2 2 2 -2
1642 1926 4 2 2 4 -2
1642 2418 4 2 2 2 -2
1643 1975 4 2 2 4 -2
1643 2468 4 2 2 2 -2
1644 1976 4 2 2 4 -2
1644 2469 4 2 2 2 -2
1646 2471 4 2 2 2 -2
1647 1963 4 2 2 4 -2
1647 2472 4 2 2 2 -2
1648 1964 4 2 2 4 -2
1648 2473 4 2 2 2 -2
1649 1965 4 2 2 4 -2
1650 1966 4 2 2 4 -2
1650 2458 4 2 2 2 -2
1651 2459 4 2 2 2 -2
1652 1968 4 2 2 4 -2
1652 2460 4 2 2 2 -2
1653 1969 4 2 2 4 -2
1653 2461 4 2 2 2 -2
1654 1970 4 2 2 4 -2
1655 1971 4 2 2 4 -2
1655 2463 4 2 2 2 -2
1656 1972 4 2 2 4 -2
1656 2464 4 2 2 2 -2
1658 1973 4 2 2 4 -2
1658 2466 4 2 2 2 -2
1659 2151 4 2 2 4 -2
1660 2029 3 2 2 -2
1660 2152 4 2 2 4 -2
1662 2037 3 2 2 -2
1663 2041 3 2 2 -2
1663 2138 4 2 2 4 -2
1664 2028 3 2 2 -2
1664 2139 4 2 2 4 -2
1665 2032 3 2 2 -2
1665 2140 4 2 2 4 -2
1666 2036 3 2 2 -2
1666 2141 4 2 2 4 -2
1667 2040 3 2 2 -2
1668 2027 3 2 2 -2
1668 2143 4 2 2 4 -2
1669 2031 3 2 2 -2
1669 2144 4 2 2 4 -2
1670 2035 3 2 2 -2
1670 2145 4 2 2 4 -2
1671 2039 3 2 2 -2
1671 2146 4 2 2 4 -2
1672 2026 3 2 2 -2
1672 2147 4 2 2 4 -2
1674 2034 3 2 2 -2
1674 2149 4 2 2 4 -2
1675 1059 5 2 2 2 2 2
1675 2487 2 2 2
1676 1055 5 2 2 2 2 2
1676 2077 3 2 2 -2
1676 2486 2 2 2
1678 1064 5 2 2 2 2 2
1678 2085 3 2 2 -2
1678 2484 2 2 2
1679 1060 5 2 2 2 2 2
1679 2089 3 2 2 -2
1679 2483 2 2 2
1680 1056 5 2 2 2 2 2
1680 2076 3 2 2 -2
1680 2482 2 2 2
1681 1053 5 2 2 2 2 2
1681 2080 3 2 2 -2
1681 2481 2 2 2
1682 1065 5 2 2 2 2 2
1682 2084 3 2 2 -2
1682 2480 2 2 2
1683 1061 5 2 2 2 2 2
1683 2088 3 2 2 -2
1683 2479 2 2 2
1684 1057 5 2 2 2 2 2
1684 2075 3 2 2 -2
1684 2478 2 2 2
1685 1054 5 2 2 2 2 2
1685 2079 3 2 2 -2
1685 2477 2 2 2
1686 2083 3 2 2 -2
1686 2476 2 2 2
1687 1062 5 2 2 2 2 2
1687 2087 3 2 2 -2
1687 2475 2 2 2
1688 1058 5 2 2 2 2 2
1688 2074 3 2 2 -2
1688 2474 2 2 2
1690 1067 5 2 2 2 2 2
1690 2082 3 2 2 -2
1690 2489 2 2 2
1691 421 1 2
1691 2455 2 2 2
1691 2755 7 2 2 2 2 -2 4 -2
1692 417 1 2
1692 2454 2 2 2
1692 2759 7 2 2 2 2 -2 4 -2
1694 426 1 2
1694 2452 2 2 2
1695 422 1 2
1695 2451 2 2 2
1695 2754 7 2 2 2 2 -2 4 -2
1696 418 1 2
1696 2450 2 2 2
1696 2758 7 2 2 2 2 -2 4 -2
1697 414 1 2
1697 2449 2 2 2
1698 427 1 2
1698 2448 2 2 2
1698 2749 7 2 2 2 2 -2 4 -2
1699 423 1 2
1699 2447 2 2 2
1699 2753 7 2 2 2 2 -2 4 -2
1700 419 1 2
1700 2446 2 2 2
1700 2757 7 2 2 2 2 -2 4 -2
1701 415 1 2
1701 2445 2 2 2
1701 2761 7 2 2 2 2 -2 4 -2
1702 428 1 2
1702 2444 2 2 2
1703 424 1 2
1703 2443 2 2 2
1703 2752 7 2 2 2 2 -2 4 -2
1704 420 1 2
1704 2442 2 2 2
1705 416 1 2
1706 429 1 2
1706 2457 2 2 2
1706 2747 7 2 2 2 2 -2 4 -2
1707 196 3 2 2 2
1707 468 1 2
1707 2423 2 2 2
1708 200 3 2 2 2
1708 464 1 2
1708 2422 2 2 2
1710 191 3 2 2 2
1710 473 1 2
1710 2420 2 2 2
1711 195 3 2 2 2
1711 469 1 2
1711 2419 2 2 2
1712 199 3 2 2 2
1712 465 1 2
1712 2418 2 2 2
1713 203 3 2 2 2
1713 461 1 2
1713 2417 2 2 2
1714 190 3 2 2 2
1714 474 1 2
1714 2416 2 2 2
1715 194 3 2 2 2
1715 470 1 2
1715 2415 2 2 2
1716 198 3 2 2 2
1716 466 1 2
1716 2414 2 2 2
1717 202 3 2 2 2
1717 462 1 2
1717 2413 2 2 2
1718 475 1 2
1718 2412 2 2 2
1719 193 3 2 2 2
1719 471 1 2
1719 2411 2 2 2
1720 197 3 2 2 2
1720 467 1 2
1720 2410 2 2 2
1721 463 1 2
1722 205 3 2 2 2
1722 476 1 2
1722 2425 2 2 2
1723 452 1 2
1723 525 4 2 2 2 2
1723 1521 3 2 2 2
1723 1678 16 2 2 4 -2 2 4 -2 2 2 2 -2 4 -2 2 4 -2
1723 3392 7 2 2 4 -2 4 -2 2
1724 448 1 2
1724 526 4 2 2 2 2
1724 1525 3 2 2 2
1724 3396 7 2 2 4 -2 4 -2 2
1726 457 1 2
1726 528 4 2 2 2 2
1726 1516 3 2 2 2
1727 453 1 2
1727 529 4 2 2 2 2
1727 1520 3 2 2 2
1727 3391 7 2 2 4 -2 4 -2 2
1728 449 1 2
1728 530 4 2 2 2 2
1728 1524 3 2 2 2
1728 3395 7 2 2 4 -2 4 -2 2
1729 445 1 2
1729 531 4 2 2 2 2
1729 1528 3 2 2 2
1729 3399 7 2 2 4 -2 4 -2 2
1730 458 1 2
1730 532 4 2 2 2 2
1730 1515 3 2 2 2
1730 3386 7 2 2 4 -2 4 -2 2
1731 454 1 2
1731 533 4 2 2 2 2
1731 1519 3 2 2 2
1732 450 1 2
1732 534 4 2 2 2 2
1732 1523 3 2 2 2
1732 1687 16 2 2 4 -2 2 4 -2 2 2 2 -2 4 -2 2 4 -2
1733 446 1 2
1733 535 4 2 2 2 2
1733 1527 3 2 2 2
1733 1688 16 2 2 4 -2 2 4 -2 2 2 2 -2 4 -2 2 4 -2
1733 3398 7 2 2 4 -2 4 -2 2
1734 459 1 2
1734 1689 16 2 2 4 -2 2 4 -2 2 2 2 -2 4 -2 2 4 -2
1735 455 1 2
1735 537 4 2 2 2 2
1735 1518 3 2 2 2
1735 3389 7 2 2 4 -2 4 -2 2
1736 451 1 2
1736 538 4 2 2 2 2
1736 1522 3 2 2 2
1736 3393 7 2 2 4 -2 4 -2 2
1737 447 1 2
1738 460 1 2
1738 540 4 2 2 2 2
1738 1530 3 2 2 2
1738 3401 7 2 2 4 -2 4 -2 2
1739 437 1 2
1739 2439 2 2 2
1740 433 1 2
1740 2438 2 2 2
1742 441 1 2
1742 1581 14 2 2 2 2 2 -2 2 4 -2 2 4 -2 4 -2
1742 2436 2 2 2
1743 438 1 2
1743 2435 2 2 2
1744 434 1 2
1744 1579 14 2 2 2 2 2 -2 2 4 -2 2 4 -2 4 -2
1744 2434 2 2 2
1745 430 1 2
1745 2433 2 2 2
1746 442 1 2
1746 2432 2 2 2
1747 439 1 2
1747 1593 14 2 2 2 2 2 -2 2 4 -2 2 4 -2 4 -2
1747 2431 2 2 2
1748 435 1 2
1748 1592 14 2 2 2 2 2 -2 2 4 -2 2 4 -2 4 -2
1748 2430 2 2 2
1749 431 1 2
1749 1591 14 2 2 2 2 2 -2 2 4 -2 2 4 -2 4 -2
1749 2429 2 2 2
1750 443 1 2
1750 2428 2 2 2
1751 440 1 2
1751 2427 2 2 2
1752 436 1 2
1752 1588 14 2 2 2 2 2 -2 2 4 -2 2 4 -2 4 -2
1752 2426 2 2 2
1753 432 1 2
1754 444 1 2
1754 1586 14 2 2 2 2 2 -2 2 4 -2 2 4 -2 4 -2
1754 2441 2 2 2
1755 212 3 2 2 2
1755 500 1 2
1755 2535 2 2 2
1756 216 3 2 2 2
1756 496 1 2
1756 2534 2 2 2
1758 207 3 2 2 2
1758 505 1 2
1758 2532 2 2 2
1759 211 3 2 2 2
1759 501 1 2
1759 2531 2 2 2
1760 215 3 2 2 2
1760 497 1 2
1760 2530 2 2 2
1761 219 3 2 2 2
1761 493 1 2
1761 2529 2 2 2
1762 206 3 2 2 2
1762 506 1 2
1762 2528 2 2 2
1763 210 3 2 2 2
1763 502 1 2
1763 2527 2 2 2
1764 214 3 2 2 2
1764 498 1 2
1764 2526 2 2 2
1765 218 3 2 2 2
1765 494 1 2
1765 2525 2 2 2
1766 507 1 2
1766 2524 2 2 2
1767 209 3 2 2 2
1767 503 1 2
1767 2523 2 2 2
1768 213 3 2 2 2
1768 499 1 2
1768 2522 2 2 2
1769 495 1 2
1770 221 3 2 2 2
1770 508 1 2
1770 2537 2 2 2
1771 788 1 2
1771 1129 2 2 2
1771 2839 2 2 2
1772 784 1 2
1772 1128 2 2 2
1772 2838 2 2 2
1774 793 1 2
1774 1126 2 2 2
1774 2836 2 2 2
1775 789 1 2
1775 1125 2 2 2
1775 2835 2 2 2
1776 785 1 2
1776 1124 2 2 2
1776 2834 2 2 2
1777 781 1 2
1777 1123 2 2 2
1777 2833 2 2 2
1778 794 1 2
1778 1122 2 2 2
1778 2832 2 2 2
1779 790 1 2
1779 1121 2 2 2
1779 2831 2 2 2
1780 786 1 2
1780 1120 2 2 2
1780 2830 2 2 2
1781 782 1 2
1781 1119 2 2 2
1781 2829 2 2 2
1782 795 1 2
1782 1118 2 2 2
1782 2828 2 2 2
1783 791 1 2
1783 1117 2 2 2
1783 2827 2 2 2
1784 787 1 2
1784 1116 2 2 2
1784 2826 2 2 2
1785 783 1 2
1786 796 1 2
1786 1131 2 2 2
1786 2841 2 2 2
1787 356 3 2 2 2
1787 2324 4 2 2 2 -2
1787 2855 2 2 2
1788 360 3 2 2 2
1788 1593 6 2 2 -2 2 4 -2
1788 2173 7 2 2 -2 4 -2 4 -2
1788 2325 4 2 2 2 -2
1788 2854 2 2 2
1790 351 3 2 2 2
1790 1591 6 2 2 -2 2 4 -2
1790 2181 7 2 2 -2 4 -2 4 -2
1790 2327 4 2 2 2 -2
1790 2852 2 2 2
1791 355 3 2 2 2
1791 1590 6 2 2 -2 2 4 -2
1791 2185 7 2 2 -2 4 -2 4 -2
1791 2328 4 2 2 2 -2
1791 2851 2 2 2
1792 359 3 2 2 2
1792 2172 7 2 2 -2 4 -2 4 -2
1792 2329 4 2 2 2 -2
1792 2850 2 2 2
1793 363 3 2 2 2
1793 1588 6 2 2 -2 2 4 -2
1793 2176 7 2 2 -2 4 -2 4 -2
1793 2849 2 2 2
1794 350 3 2 2 2
1794 1587 6 2 2 -2 2 4 -2
1794 2314 4 2 2 2 -2
1794 2848 2 2 2
1795 354 3 2 2 2
1795 1586 6 2 2 -2 2 4 -2
1795 2184 7 2 2 -2 4 -2 4 -2
1795 2315 4 2 2 2 -2
1795 2847 2 2 2
1796 358 3 2 2 2
1796 1585 6 2 2 -2 2 4 -2
1796 2171 7 2 2 -2 4 -2 4 -2
1796 2316 4 2 2 2 -2
1796 2846 2 2 2
1797 362 3 2 2 2
1797 1584 6 2 2 -2 2 4 -2
1797 2317 4 2 2 2 -2
1797 2845 2 2 2
1798 2179 7 2 2 -2 4 -2 4 -2
1798 2844 2 2 2
1799 353 3 2 2 2
1799 1582 6 2 2 -2 2 4 -2
1799 2183 7 2 2 -2 4 -2 4 -2
1799 2319 4 2 2 2 -2
1799 2843 2 2 2
1800 357 3 2 2 2
1800 1581 6 2 2 -2 2 4 -2
1800 2170 7 2 2 -2 4 -2 4 -2
1800 2320 4 2 2 2 -2
1800 2842 2 2 2
1802 365 3 2 2 2
1802 1579 6 2 2 -2 2 4 -2
1802 2178 7 2 2 -2 4 -2 4 -2
1802 2322 4 2 2 2 -2
1802 2857 2 2 2
1803 708 1 2
1803 2668 8 2 2 2 2 -2 2 4 -2
1804 704 1 2
1804 2669 8 2 2 2 2 -2 2 4 -2
1806 713 1 2
1806 2671 8 2 2 2 2 -2 2 4 -2
1807 709 1 2
1807 2672 8 2 2 2 2 -2 2 4 -2
1808 705 1 2
1808 2673 8 2 2 2 2 -2 2 4 -2
1809 701 1 2
1809 2674 8 2 2 2 2 -2 2 4 -2
1810 714 1 2
1810 2675 8 2 2 2 2 -2 2 4 -2
1811 710 1 2
1812 706 1 2
1812 2677 8 2 2 2 2 -2 2 4 -2
1813 702 1 2
1813 2678 8 2 2 2 2 -2 2 4 -2
1814 715 1 2
1815 711 1 2
1815 2680 8 2 2 2 2 -2 2 4 -2
1816 707 1 2
1817 703 1 2
1818 716 1 2
1818 2666 8 2 2 2 2 -2 2 4 -2
1819 772 1 2
1819 1097 2 2 2
1819 2823 2 2 2
1820 768 1 2
1820 1096 2 2 2
1820 2822 2 2 2
1822 777 1 2
1822 1094 2 2 2
1822 2820 2 2 2
1823 773 1 2
1823 1093 2 2 2
1823 2819 2 2 2
1824 769 1 2
1824 1092 2 2 2
1824 2818 2 2 2
1825 765 1 2
1825 1091 2 2 2
1825 2817 2 2 2
1826 778 1 2
1826 1090 2 2 2
1826 2816 2 2 2
1827 774 1 2
1827 1089 2 2 2
1827 2815 2 2 2
1828 770 1 2
1828 1088 2 2 2
1828 2814 2 2 2
1829 766 1 2
1829 1087 2 2 2
1829 2813 2 2 2
1830 779 1 2
1830 1086 2 2 2
1830 2812 2 2 2
1831 775 1 2
1831 1085 2 2 2
1831 2811 2 2 2
1832 771 1 2
1832 1084 2 2 2
1832 2810 2 2 2
1833 767 1 2
1834 780 1 2
1834 1099 2 2 2
1834 2825 2 2 2
1835 308 3 2 2 2
1835 756 1 2
1835 1145 2 2 2
1835 1777 3 2 2 2
1836 312 3 2 2 2
1836 752 1 2
1836 1144 2 2 2
1836 1781 3 2 2 2
1838 303 3 2 2 2
1838 761 1 2
1838 1142 2 2 2
1838 1772 3 2 2 2
1839 307 3 2 2 2
1839 757 1 2
1839 1141 2 2 2
1839 1776 3 2 2 2
1840 311 3 2 2 2
1840 753 1 2
1840 1140 2 2 2
1840 1780 3 2 2 2
1841 315 3 2 2 2
1841 749 1 2
1841 1139 2 2 2
1841 1784 3 2 2 2
1842 302 3 2 2 2
1842 762 1 2
1842 1138 2 2 2
1842 1771 3 2 2 2
1843 306 3 2 2 2
1843 758 1 2
1843 1137 2 2 2
1843 1775 3 2 2 2
1844 310 3 2 2 2
1844 754 1 2
1844 1136 2 2 2
1844 1779 3 2 2 2
1845 314 3 2 2 2
1845 750 1 2
1845 1135 2 2 2
1845 1783 3 2 2 2
1846 763 1 2
1846 1134 2 2 2
1847 305 3 2 2 2
1847 759 1 2
1847 1133 2 2 2
1847 1774 3 2 2 2
1848 309 3 2 2 2
1848 755 1 2
1848 1132 2 2 2
1848 1778 3 2 2 2
1849 751 1 2
1850 317 3 2 2 2
1850 764 1 2
1850 1147 2 2 2
1850 1786 3 2 2 2
1851 717 4 2 2 2 2
1851 740 1 2
1851 1113 2 2 2
1852 718 4 2 2 2 2
1852 736 1 2
1852 1112 2 2 2
1854 720 4 2 2 2 2
1854 745 1 2
1854 1110 2 2 2
1855 721 4 2 2 2 2
1855 741 1 2
1855 1109 2 2 2
1856 722 4 2 2 2 2
1856 737 1 2
1856 1108 2 2 2
1857 723 4 2 2 2 2
1857 733 1 2
1857 1107 2 2 2
1858 724 4 2 2 2 2
1858 746 1 2
1858 1106 2 2 2
1859 725 4 2 2 2 2
1859 742 1 2
1859 1105 2 2 2
1860 726 4 2 2 2 2
1860 738 1 2
1860 1104 2 2 2
1861 727 4 2 2 2 2
1861 734 1 2
1861 1103 2 2 2
1862 747 1 2
1862 1102 2 2 2
1863 729 4 2 2 2 2
1863 743 1 2
1863 1101 2 2 2
1864 730 4 2 2 2 2
1864 739 1 2
1864 1100 2 2 2
1865 735 1 2
1866 732 4 2 2 2 2
1866 748 1 2
1866 1115 2 2 2
1867 804 1 2
1867 1177 2 2 2
1867 2887 2 2 2
1868 800 1 2
1868 1176 2 2 2
1868 2886 2 2 2
1870 809 1 2
1870 1174 2 2 2
1870 2884 2 2 2
1871 805 1 2
1871 1173 2 2 2
1871 2883 2 2 2
1872 801 1 2
1872 1172 2 2 2
1872 2882 2 2 2
1873 797 1 2
1873 1171 2 2 2
1873 2881 2 2 2
1874 810 1 2
1874 1170 2 2 2
1874 2880 2 2 2
1875 806 1 2
1875 1169 2 2 2
1875 2879 2 2 2
1876 802 1 2
1876 1168 2 2 2
1876 2878 2 2 2
1877 798 1 2
1877 1167 2 2 2
1877 2877 2 2 2
1878 811 1 2
1878 1166 2 2 2
1878 2876 2 2 2
1879 807 1 2
1879 1165 2 2 2
1879 2875 2 2 2
1880 803 1 2
1880 1164 2 2 2
1880 2874 2 2 2
1881 799 1 2
1882 812 1 2
1882 1179 2 2 2
1882 2889 2 2 2
1883 1501 3 2 4 -2
1883 2763 7 4 -2 2 2 2 4 -2
1884 1505 3 2 4 -2
1884 2330 5 4 -2 2 4 -2
1884 2767 7 4 -2 2 2 2 4 -2
1885 2343 5 4 -2 2 4 -2
1885 2771 7 4 -2 2 2 2 4 -2
1886 1513 3 2 4 -2
1886 2339 5 4 -2 2 4 -2
1886 2775 7 4 -2 2 2 2 4 -2
1887 1500 3 2 4 -2
1887 2335 5 4 -2 2 4 -2
1887 2762 7 4 -2 2 2 2 4 -2
1888 1504 3 2 4 -2
1889 1508 3 2 4 -2
1889 2344 5 4 -2 2 4 -2
1889 2770 7 4 -2 2 2 2 4 -2
1890 1512 3 2 4 -2
1891 1499 3 2 4 -2
1891 2336 5 4 -2 2 4 -2
1892 2332 5 4 -2 2 4 -2
1892 2765 7 4 -2 2 2 2 4 -2
1893 1507 3 2 4 -2
1894 1511 3 2 4 -2
1894 2341 5 4 -2 2 4 -2
1894 2773 7 4 -2 2 2 2 4 -2
1895 2337 5 4 -2 2 4 -2
1896 1502 3 2 4 -2
1896 2333 5 4 -2 2 4 -2
1896 2764 7 4 -2 2 2 2 4 -2
1897 1506 3 2 4 -2
1897 2768 7 4 -2 2 2 2 4 -2
1898 1510 3 2 4 -2
1898 2342 5 4 -2 2 4 -2
1899 1453 3 2 4 -2
1899 2271 6 4 -2 2 2 4 -2
1900 1457 3 2 4 -2
1900 2362 5 4 -2 2 4 -2
1901 2269 6 4 -2 2 2 4 -2
1901 2375 5 4 -2 2 4 -2
1902 1465 3 2 4 -2
1902 2268 6 4 -2 2 2 4 -2
1902 2371 5 4 -2 2 4 -2
1903 1452 3 2 4 -2
1903 2267 6 4 -2 2 2 4 -2
1903 2367 5 4 -2 2 4 -2
1904 1456 3 2 4 -2
1905 1460 3 2 4 -2
1905 2376 5 4 -2 2 4 -2
1906 1464 3 2 4 -2
1907 1451 3 2 4 -2
1907 2280 6 4 -2 2 2 4 -2
1907 2368 5 4 -2 2 4 -2
1908 2279 6 4 -2 2 2 4 -2
1908 2364 5 4 -2 2 4 -2
1909 1459 3 2 4 -2
1910 1463 3 2 4 -2
1910 2277 6 4 -2 2 2 4 -2
1910 2373 5 4 -2 2 4 -2
1911 2369 5 4 -2 2 4 -2
1912 1454 3 2 4 -2
1912 2275 6 4 -2 2 2 4 -2
1912 2365 5 4 -2 2 4 -2
1913 1458 3 2 4 -2
1913 2274 6 4 -2 2 2 4 -2
1914 1462 3 2 4 -2
1914 2273 6 4 -2 2 2 4 -2
1914 2374 5 4 -2 2 4 -2
1915 3070 4 4 -2 2 2
1916 2378 5 4 -2 2 4 -2
1916 3071 4 4 -2 2 2
1917 2391 5 4 -2 2 4 -2
1917 3072 4 4 -2 2 2
1918 2387 5 4 -2 2 4 -2
1918 3073 4 4 -2 2 2
1919 1682 10 2 4 -2 2 2 4 -2 2 4 -2
1919 2383 5 4 -2 2 4 -2
1919 3074 4 4 -2 2 2
1920 1681 10 2 4 -2 2 2 4 -2 2 4 -2
1921 1680 10 2 4 -2 2 2 4 -2 2 4 -2
1921 2392 5 4 -2 2 4 -2
1921 3076 4 4 -2 2 2
1923 1678 10 2 4 -2 2 2 4 -2 2 4 -2
1923 2384 5 4 -2 2 4 -2
1923 3078 4 4 -2 2 2
1924 2380 5 4 -2 2 4 -2
1924 3079 4 4 -2 2 2
1926 1675 10 2 4 -2 2 2 4 -2 2 4 -2
1926 2389 5 4 -2 2 4 -2
1926 3081 4 4 -2 2 2
1927 2385 5 4 -2 2 4 -2
1928 2381 5 4 -2 2 4 -2
1928 3066 4 4 -2 2 2
1929 1689 10 2 4 -2 2 2 4 -2 2 4 -2
1929 3067 4 4 -2 2 2
1930 1688 10 2 4 -2 2 2 4 -2 2 4 -2
1930 2390 5 4 -2 2 4 -2
1930 3068 4 4 -2 2 2
1931 3022 4 4 -2 2 2
1932 2394 5 4 -2 2 4 -2
1932 3023 4 4 -2 2 2
1933 2407 5 4 -2 2 4 -2
1933 3024 4 4 -2 2 2
1934 2403 5 4 -2 2 4 -2
1934 3025 4 4 -2 2 2
1935 2399 5 4 -2 2 4 -2
1935 3026 4 4 -2 2 2
1937 2408 5 4 -2 2 4 -2
1937 3028 4 4 -2 2 2
1939 2400 5 4 -2 2 4 -2
1939 3030 4 4 -2 2 2
1940 2396 5 4 -2 2 4 -2
1940 3031 4 4 -2 2 2
1942 2405 5 4 -2 2 4 -2
1942 3033 4 4 -2 2 2
1943 2401 5 4 -2 2 4 -2
1944 2397 5 4 -2 2 4 -2
1944 3018 4 4 -2 2 2
1945 3019 4 4 -2 2 2
1946 2406 5 4 -2 2 4 -2
1946 3020 4 4 -2 2 2
1947 3038 4 4 -2 2 2
1948 2314 5 4 -2 2 4 -2
1948 3039 4 4 -2 2 2
1949 2327 5 4 -2 2 4 -2
1949 3040 4 4 -2 2 2
1950 2323 5 4 -2 2 4 -2
1950 3041 4 4 -2 2 2
1951 2319 5 4 -2 2 4 -2
1951 3042 4 4 -2 2 2
1953 2328 5 4 -2 2 4 -2
1953 3044 4 4 -2 2 2
1955 2320 5 4 -2 2 4 -2
1955 3046 4 4 -2 2 2
1956 2316 5 4 -2 2 4 -2
1956 3047 4 4 -2 2 2
1958 2325 5 4 -2 2 4 -2
1958 3049 4 4 -2 2 2
1959 2321 5 4 -2 2 4 -2
1960 2317 5 4 -2 2 4 -2
1960 3034 4 4 -2 2 2
1961 3035 4 4 -2 2 2
1962 2326 5 4 -2 2 4 -2
1962 3036 4 4 -2 2 2
1963 2207 6 4 -2 2 2 4 -2
1963 2731 7 4 -2 2 2 2 4 -2
1964 2346 5 4 -2 2 4 -2
1964 2735 7 4 -2 2 2 2 4 -2
1965 2205 6 4 -2 2 2 4 -2
1965 2359 5 4 -2 2 4 -2
1965 2739 7 4 -2 2 2 2 4 -2
1966 2204 6 4 -2 2 2 4 -2
1966 2355 5 4 -2 2 4 -2
1966 2743 7 4 -2 2 2 2 4 -2
1967 2203 6 4 -2 2 2 4 -2
1967 2351 5 4 -2 2 4 -2
1967 2730 7 4 -2 2 2 2 4 -2
1969 2360 5 4 -2 2 4 -2
1969 2738 7 4 -2 2 2 2 4 -2
1971 2216 6 4 -2 2 2 4 -2
1971 2352 5 4 -2 2 4 -2
1972 2215 6 4 -2 2 2 4 -2
1972 2348 5 4 -2 2 4 -2
1972 2733 7 4 -2 2 2 2 4 -2
1973 2213 6 4 -2 2 2 4 -2
1973 2357 5 4 -2 2 4 -2
1973 2741 7 4 -2 2 2 2 4 -2
1974 2353 5 4 -2 2 4 -2
1975 2211 6 4 -2 2 2 4 -2
1975 2349 5 4 -2 2 4 -2
1975 2732 7 4 -2 2 2 2 4 -2
1976 2210 6 4 -2 2 2 4 -2
1976 2736 7 4 -2 2 2 2 4 -2
1977 2209 6 4 -2 2 2 4 -2
1977 2358 5 4 -2 2 4 -2
1978 1485 3 2 4 -2
1978 2191 6 4 -2 2 2 4 -2
1979 1489 3 2 4 -2
1980 2189 6 4 -2 2 2 4 -2
1981 1497 3 2 4 -2
1981 2188 6 4 -2 2 2 4 -2
1982 1484 3 2 4 -2
1982 2187 6 4 -2 2 2 4 -2
1983 1488 3 2 4 -2
1984 1492 3 2 4 -2
1985 1496 3 2 4 -2
1986 1483 3 2 4 -2
1986 2200 6 4 -2 2 2 4 -2
1987 2199 6 4 -2 2 2 4 -2
1988 1491 3 2 4 -2
1989 1495 3 2 4 -2
1989 2197 6 4 -2 2 2 4 -2
1991 1486 3 2 4 -2
1991 2195 6 4 -2 2 2 4 -2
1992 1490 3 2 4 -2
1992 2194 6 4 -2 2 2 4 -2
1993 1494 3 2 4 -2
1993 2193 6 4 -2 2 2 4 -2
1994 1437 3 2 4 -2
1994 3054 4 4 -2 2 2
1995 1441 3 2 4 -2
1995 2099 7 4 -2 2 4 -2 4 -2
1995 3055 4 4 -2 2 2
1996 2103 7 4 -2 2 4 -2 4 -2
1996 3056 4 4 -2 2 2
1997 1449 3 2 4 -2
1997 2090 7 4 -2 2 4 -2 4 -2
1997 3057 4 4 -2 2 2
1998 1436 3 2 4 -2
1998 3058 4 4 -2 2 2
1999 1440 3 2 4 -2
2000 1444 3 2 4 -2
2000 2102 7 4 -2 2 4 -2 4 -2
2000 3060 4 4 -2 2 2
2001 1448 3 2 4 -2
2002 1435 3 2 4 -2
2002 2093 7 4 -2 2 4 -2 4 -2
2002 3062 4 4 -2 2 2
2003 2097 7 4 -2 2 4 -2 4 -2
2003 3063 4 4 -2 2 2
2004 1443 3 2 4 -2
2005 1447 3 2 4 -2
2005 2105 7 4 -2 2 4 -2 4 -2
2005 3065 4 4 -2 2 2
2006 2092 7 4 -2 2 4 -2 4 -2
2007 1438 3 2 4 -2
2007 2096 7 4 -2 2 4 -2 4 -2
2007 3050 4 4 -2 2 2
2008 1442 3 2 4 -2
2008 3051 4 4 -2 2 2
2009 1446 3 2 4 -2
2009 2104 7 4 -2 2 4 -2 4 -2
2009 3052 4 4 -2 2 2
2010 1661 3 2 4 -2
2010 2979 2 4 -2
2011 1665 3 2 4 -2
2011 2978 2 4 -2
2012 2977 2 4 -2
2013 1673 3 2 4 -2
2013 2976 2 4 -2
2014 1660 3 2 4 -2
2014 2975 2 4 -2
2015 1664 3 2 4 -2
2016 1668 3 2 4 -2
2016 2973 2 4 -2
2017 1672 3 2 4 -2
2017 2972 2 4 -2
2018 1659 3 2 4 -2
2018 2971 2 4 -2
2019 2970 2 4 -2
2020 1667 3 2 4 -2
2021 1671 3 2 4 -2
2021 2985 2 4 -2
2022 2984 2 4 -2
2023 1662 3 2 4 -2
2023 2983 2 4 -2
2024 1666 3 2 4 -2
2024 2982 2 4 -2
2025 1670 3 2 4 -2
2025 2981 2 4 -2
2026 1757 3 2 4 -2
2026 3247 3 4 -2 2
2027 1761 3 2 4 -2
2027 3251 3 4 -2 2
2028 3255 3 4 -2 2
2029 1769 3 2 4 -2
2029 3242 3 4 -2 2
2030 1756 3 2 4 -2
2030 3246 3 4 -2 2
2031 1760 3 2 4 -2
2032 1764 3 2 4 -2
2032 3254 3 4 -2 2
2033 1768 3 2 4 -2
2034 1755 3 2 4 -2
2034 3245 3 4 -2 2
2035 3249 3 4 -2 2
2036 1763 3 2 4 -2
2037 1767 3 2 4 -2
2037 3257 3 4 -2 2
2038 3244 3 4 -2 2
2039 1758 3 2 4 -2
2039 3248 3 4 -2 2
2040 1762 3 2 4 -2
2040 3252 3 4 -2 2
2041 1766 3 2 4 -2
2041 3256 3 4 -2 2
2042 1709 3 2 4 -2
2042 2915 2 4 -2
2043 1713 3 2 4 -2
2043 2914 2 4 -2
2044 2913 2 4 -2
2045 1721 3 2 4 -2
2045 2912 2 4 -2
2046 1708 3 2 4 -2
2046 2911 2 4 -2
2047 1712 3 2 4 -2
2048 1716 3 2 4 -2
2048 2909 2 4 -2
2049 1720 3 2 4 -2
2049 2908 2 4 -2
2050 1707 3 2 4 -2
2050 2907 2 4 -2
2051 2906 2 4 -2
2052 1715 3 2 4 -2
2053 1719 3 2 4 -2
2053 2921 2 4 -2
2054 2920 2 4 -2
2055 1710 3 2 4 -2
2055 2919 2 4 -2
2056 1714 3 2 4 -2
2056 2918 2 4 -2
2057 1718 3 2 4 -2
2057 2917 2 4 -2
2058 3279 3 4 -2 2
2059 3283 3 4 -2 2
2060 3287 3 4 -2 2
2061 3274 3 4 -2 2
2062 1794 10 2 4 -2 2 2 4 -2 2 4 -2
2062 3278 3 4 -2 2
2063 1793 10 2 4 -2 2 2 4 -2 2 4 -2
2064 1792 10 2 4 -2 2 2 4 -2 2 4 -2
2064 3286 3 4 -2 2
2066 1790 10 2 4 -2 2 2 4 -2 2 4 -2
2066 3277 3 4 -2 2
2067 3281 3 4 -2 2
2069 1787 10 2 4 -2 2 2 4 -2 2 4 -2
2069 3289 3 4 -2 2
2070 3276 3 4 -2 2
2071 3280 3 4 -2 2
2072 1801 10 2 4 -2 2 2 4 -2 2 4 -2
2072 3284 3 4 -2 2
2073 1800 10 2 4 -2 2 2 4 -2 2 4 -2
2073 3288 3 4 -2 2
2074 1741 3 2 4 -2
2074 2963 2 4 -2
2075 1745 3 2 4 -2
2075 2962 2 4 -2
2076 2961 2 4 -2
2077 1753 3 2 4 -2
2077 2960 2 4 -2
2078 1740 3 2 4 -2
2078 2959 2 4 -2
2079 1744 3 2 4 -2
2080 1748 3 2 4 -2
2080 2957 2 4 -2
2081 1752 3 2 4 -2
2081 2956 2 4 -2
2082 1739 3 2 4 -2
2082 2955 2 4 -2
2083 2954 2 4 -2
2084 1747 3 2 4 -2
2085 1751 3 2 4 -2
2085 2969 2 4 -2
2086 2968 2 4 -2
2087 1742 3 2 4 -2
2087 2967 2 4 -2
2088 1746 3 2 4 -2
2088 2966 2 4 -2
2089 1750 3 2 4 -2
2089 2965 2 4 -2
2090 1693 3 2 4 -2
2090 2931 2 4 -2
2091 1697 3 2 4 -2
2091 2930 2 4 -2
2092 2929 2 4 -2
2093 1705 3 2 4 -2
2093 2928 2 4 -2
2094 1692 3 2 4 -2
2094 2927 2 4 -2
2095 1696 3 2 4 -2
2096 1700 3 2 4 -2
2096 2925 2 4 -2
2097 1704 3 2 4 -2
2097 2924 2 4 -2
2098 1691 3 2 4 -2
2098 2923 2 4 -2
2099 2922 2 4 -2
2100 1699 3 2 4 -2
2101 1703 3 2 4 -2
2101 2937 2 4 -2
2102 2936 2 4 -2
2103 1694 3 2 4 -2
2103 2935 2 4 -2
2104 1698 3 2 4 -2
2104 2934 2 4 -2
2105 1702 3 2 4 -2
2105 2933 2 4 -2
2106 2522 4 4 -2 4 -2
2107 717 4 2 4 -2 2
2107 2523 4 4 -2 4 -2
2108 2524 4 4 -2 4 -2
2109 719 4 2 4 -2 2
2109 2525 4 4 -2 4 -2
2110 720 4 2 4 -2 2
2111 721 4 2 4 -2 2
2112 722 4 2 4 -2 2
2112 2528 4 4 -2 4 -2
2113 723 4 2 4 -2 2
2113 2529 4 4 -2 4 -2
2114 724 4 2 4 -2 2
2114 2530 4 4 -2 4 -2
2115 2531 4 4 -2 4 -2
2116 726 4 2 4 -2 2
2117 727 4 2 4 -2 2
2117 2533 4 4 -2 4 -2
2118 2534 4 4 -2 4 -2
2119 729 4 2 4 -2 2
2119 2535 4 4 -2 4 -2
2120 730 4 2 4 -2 2
2120 2536 4 4 -2 4 -2
2121 731 4 2 4 -2 2
2121 2537 4 4 -2 4 -2
2122 1821 3 2 4 -2
2122 3219 2 4 -2
2123 1825 3 2 4 -2
2123 3218 2 4 -2
2124 3217 2 4 -2
2125 1833 3 2 4 -2
2125 3216 2 4 -2
2126 1820 3 2 4 -2
2126 3215 2 4 -2
2127 1824 3 2 4 -2
2128 1828 3 2 4 -2
2128 3213 2 4 -2
2129 1832 3 2 4 -2
2129 3212 2 4 -2
2130 1819 3 2 4 -2
2130 3211 2 4 -2
2131 3210 2 4 -2
2132 1827 3 2 4 -2
2133 1831 3 2 4 -2
2133 3225 2 4 -2
2134 3224 2 4 -2
2135 1822 3 2 4 -2
2135 3223 2 4 -2
2136 1826 3 2 4 -2
2136 3222 2 4 -2
2137 1830 3 2 4 -2
2137 3221 2 4 -2
2138 1805 3 2 4 -2
2138 3235 2 4 -2
2139 1809 3 2 4 -2
2139 3234 2 4 -2
2140 3233 2 4 -2
2141 1817 3 2 4 -2
2141 3232 2 4 -2
2142 1804 3 2 4 -2
2142 3231 2 4 -2
2143 1808 3 2 4 -2
2144 1812 3 2 4 -2
2144 3229 2 4 -2
2145 1816 3 2 4 -2
2145 3228 2 4 -2
2146 1803 3 2 4 -2
2146 3227 2 4 -2
2147 3226 2 4 -2
2148 1811 3 2 4 -2
2149 1815 3 2 4 -2
2149 3241 2 4 -2
2150 3240 2 4 -2
2151 1806 3 2 4 -2
2151 3239 2 4 -2
2152 1810 3 2 4 -2
2152 3238 2 4 -2
2153 1814 3 2 4 -2
2153 3237 2 4 -2
2154 883 3 2 2 2
2154 1490 1 2
2155 887 3 2 2 2
2155 1486 1 2
2157 878 3 2 2 2
2157 1495 1 2
2158 882 3 2 2 2
2158 1491 1 2
2159 886 3 2 2 2
2159 1487 1 2
2160 890 3 2 2 2
2160 1483 1 2
2161 877 3 2 2 2
2161 1496 1 2
2162 881 3 2 2 2
2162 1492 1 2
2163 885 3 2 2 2
2163 1488 1 2
2164 889 3 2 2 2
2164 1484 1 2
2165 1497 1 2
2166 880 3 2 2 2
2166 1493 1 2
2167 884 3 2 2 2
2167 1489 1 2
2168 1485 1 2
2169 892 3 2 2 2
2169 1498 1 2
2170 1410 1 2
2171 1406 1 2
2171 2953 7 2 2 2 -2 4 -2 2
2173 1415 1 2
2173 2944 7 2 2 2 -2 4 -2 2
2174 1411 1 2
2174 2948 7 2 2 2 -2 4 -2 2
2175 1407 1 2
2175 2952 7 2 2 2 -2 4 -2 2
2176 1403 1 2
2177 1416 1 2
2177 2943 7 2 2 2 -2 4 -2 2
2178 1412 1 2
2178 2947 7 2 2 2 -2 4 -2 2
2179 1408 1 2
2179 2951 7 2 2 2 -2 4 -2 2
2180 1404 1 2
2180 2938 7 2 2 2 -2 4 -2 2
2181 1417 1 2
2182 1413 1 2
2183 1409 1 2
2183 2950 7 2 2 2 -2 4 -2 2
2184 1405 1 2
2185 1418 1 2
2185 2941 7 2 2 2 -2 4 -2 2
2186 586 2 2 2
2186 1474 1 2
2187 585 2 2 2
2187 1355 5 4 -2 2 4 -2
2187 1470 1 2
2188 1368 5 4 -2 2 4 -2
2189 583 2 2 2
2189 1364 5 4 -2 2 4 -2
2189 1479 1 2
2190 582 2 2 2
2190 1360 5 4 -2 2 4 -2
2190 1475 1 2
2191 581 2 2 2
2191 1471 1 2
2192 580 2 2 2
2192 1369 5 4 -2 2 4 -2
2192 1467 1 2
2193 579 2 2 2
2193 1480 1 2
2194 578 2 2 2
2194 1361 5 4 -2 2 4 -2
2194 1476 1 2
2195 577 2 2 2
2195 1357 5 4 -2 2 4 -2
2195 1472 1 2
2196 576 2 2 2
2196 1468 1 2
2197 575 2 2 2
2197 1366 5 4 -2 2 4 -2
2197 1481 1 2
2198 574 2 2 2
2198 1362 5 4 -2 2 4 -2
2198 1477 1 2
2199 573 2 2 2
2199 1358 5 4 -2 2 4 -2
2199 1473 1 2
2200 1469 1 2
2201 588 2 2 2
2201 1367 5 4 -2 2 4 -2
2201 1482 1 2
2202 1689 8 2 2 2 4 -2 2 4 -2
2203 1371 5 4 -2 2 4 -2
2204 1384 5 4 -2 2 4 -2
2205 1380 5 4 -2 2 4 -2
2205 1675 8 2 2 2 4 -2 2 4 -2
2206 1376 5 4 -2 2 4 -2
2207 1677 8 2 2 2 4 -2 2 4 -2
2208 1385 5 4 -2 2 4 -2
2208 1678 8 2 2 2 4 -2 2 4 -2
2210 1377 5 4 -2 2 4 -2
2210 1680 8 2 2 2 4 -2 2 4 -2
2211 1373 5 4 -2 2 4 -2
2211 1681 8 2 2 2 4 -2 2 4 -2
2212 1682 8 2 2 2 4 -2 2 4 -2
2213 1382 5 4 -2 2 4 -2
2214 1378 5 4 -2 2 4 -2
2214 1684 8 2 2 2 4 -2 2 4 -2
2215 1374 5 4 -2 2 4 -2
2217 1383 5 4 -2 2 4 -2
2217 1687 8 2 2 2 4 -2 2 4 -2
2218 554 2 2 2
2218 931 3 2 2 2
2218 2400 3 2 2 2
2219 553 2 2 2
2219 935 3 2 2 2
2219 2404 3 2 2 2
2221 551 2 2 2
2221 926 3 2 2 2
2221 2395 3 2 2 2
2222 550 2 2 2
2222 930 3 2 2 2
2222 2399 3 2 2 2
2223 549 2 2 2
2223 934 3 2 2 2
2223 2403 3 2 2 2
2224 548 2 2 2
2224 938 3 2 2 2
2224 2407 3 2 2 2
2225 547 2 2 2
2225 925 3 2 2 2
2225 2394 3 2 2 2
2226 546 2 2 2
2226 929 3 2 2 2
2226 2398 3 2 2 2
2227 545 2 2 2
2227 933 3 2 2 2
2227 2402 3 2 2 2
2228 544 2 2 2
2228 937 3 2 2 2
2228 2406 3 2 2 2
2229 543 2 2 2
2230 542 2 2 2
2230 928 3 2 2 2
2230 2397 3 2 2 2
2231 541 2 2 2
2231 932 3 2 2 2
2231 2401 3 2 2 2
2233 556 2 2 2
2233 940 3 2 2 2
2233 2409 3 2 2 2
2234 867 3 2 2 2
2234 1458 1 2
2235 871 3 2 2 2
2235 1291 5 4 -2 2 4 -2
2235 1454 1 2
2236 1304 5 4 -2 2 4 -2
2237 862 3 2 2 2
2237 1300 5 4 -2 2 4 -2
2237 1463 1 2
2238 866 3 2 2 2
2238 1296 5 4 -2 2 4 -2
2238 1459 1 2
2239 870 3 2 2 2
2239 1455 1 2
2240 874 3 2 2 2
2240 1305 5 4 -2 2 4 -2
2240 1451 1 2
2241 861 3 2 2 2
2241 1464 1 2
2242 865 3 2 2 2
2242 1297 5 4 -2 2 4 -2
2242 1460 1 2
2243 869 3 2 2 2
2243 1293 5 4 -2 2 4 -2
2243 1456 1 2
2244 873 3 2 2 2
2244 1452 1 2
2245 1302 5 4 -2 2 4 -2
2245 1465 1 2
2246 864 3 2 2 2
2246 1298 5 4 -2 2 4 -2
2246 1461 1 2
2247 868 3 2 2 2
2247 1294 5 4 -2 2 4 -2
2247 1457 1 2
2248 1453 1 2
2249 876 3 2 2 2
2249 1303 5 4 -2 2 4 -2
2249 1466 1 2
2250 570 2 2 2
2250 1442 1 2
2251 569 2 2 2
2251 1438 1 2
2253 567 2 2 2
2253 1447 1 2
2254 566 2 2 2
2254 1443 1 2
2255 565 2 2 2
2255 1439 1 2
2256 564 2 2 2
2256 1435 1 2
2257 563 2 2 2
2257 1448 1 2
2258 562 2 2 2
2258 1444 1 2
2259 561 2 2 2
2259 1440 1 2
2260 560 2 2 2
2260 1436 1 2
2261 559 2 2 2
2261 1449 1 2
2262 558 2 2 2
2262 1445 1 2
2263 557 2 2 2
2263 1441 1 2
2264 1437 1 2
2265 572 2 2 2
2265 1450 1 2
2266 618 2 2 2
2266 1506 1 2
2267 617 2 2 2
2267 1502 1 2
2269 615 2 2 2
2269 1511 1 2
2270 614 2 2 2
2270 1507 1 2
2271 613 2 2 2
2271 1503 1 2
2272 612 2 2 2
2272 1499 1 2
2273 611 2 2 2
2273 1512 1 2
2274 610 2 2 2
2274 1508 1 2
2275 609 2 2 2
2275 1504 1 2
2276 608 2 2 2
2276 1500 1 2
2277 607 2 2 2
2277 1513 1 2
2278 606 2 2 2
2278 1509 1 2
2279 605 2 2 2
2279 1505 1 2
2280 1501 1 2
2281 620 2 2 2
2281 1514 1 2
2282 277 1 2
2282 1746 1 2
2283 273 1 2
2283 1742 1 2
2285 282 1 2
2285 1751 1 2
2286 278 1 2
2286 1747 1 2
2287 274 1 2
2287 1743 1 2
2288 270 1 2
2288 1739 1 2
2289 283 1 2
2289 1752 1 2
2290 279 1 2
2290 1748 1 2
2291 275 1 2
2291 1744 1 2
2292 271 1 2
2292 1740 1 2
2293 284 1 2
2293 1753 1 2
2294 280 1 2
2294 1749 1 2
2295 276 1 2
2295 1745 1 2
2296 272 1 2
2296 1741 1 2
2297 285 1 2
2297 1754 1 2
2298 1666 1 2
2298 2036 4 2 2 2 -2
2298 3002 4 4 -2 4 -2
2299 1662 1 2
2299 2037 4 2 2 2 -2
2299 3003 4 4 -2 4 -2
2300 3004 4 4 -2 4 -2
2301 1671 1 2
2301 2039 4 2 2 2 -2
2301 3005 4 4 -2 4 -2
2302 1667 1 2
2302 2040 4 2 2 2 -2
2303 1663 1 2
2303 2041 4 2 2 2 -2
2304 1659 1 2
2304 3008 4 4 -2 4 -2
2305 1672 1 2
2305 2026 4 2 2 2 -2
2305 3009 4 4 -2 4 -2
2306 1668 1 2
2306 2027 4 2 2 2 -2
2306 3010 4 4 -2 4 -2
2307 1664 1 2
2307 2028 4 2 2 2 -2
2307 3011 4 4 -2 4 -2
2308 1660 1 2
2308 2029 4 2 2 2 -2
2309 1673 1 2
2309 3013 4 4 -2 4 -2
2310 1669 1 2
2310 2031 4 2 2 2 -2
2310 3014 4 4 -2 4 -2
2311 1665 1 2
2311 2032 4 2 2 2 -2
2311 3015 4 4 -2 4 -2
2312 1661 1 2
2312 3016 4 4 -2 4 -2
2313 1674 1 2
2313 2034 4 2 2 2 -2
2313 3017 4 4 -2 4 -2
2314 2051 2 4 -2
2315 2050 2 4 -2
2315 2893 3 2 2 -2
2316 2049 2 4 -2
2317 2048 2 4 -2
2317 2901 3 2 2 -2
2318 2047 2 4 -2
2318 2905 3 2 2 -2
2319 2892 3 2 2 -2
2320 2045 2 4 -2
2320 2896 3 2 2 -2
2321 2044 2 4 -2
2321 2900 3 2 2 -2
2322 2043 2 4 -2
2322 2904 3 2 2 -2
2323 2042 2 4 -2
2323 2891 3 2 2 -2
2324 2895 3 2 2 -2
2325 2057 2 4 -2
2325 2899 3 2 2 -2
2326 2056 2 4 -2
2326 2903 3 2 2 -2
2327 2055 2 4 -2
2327 2890 3 2 2 -2
2328 2054 2 4 -2
2329 2053 2 4 -2
2329 2898 3 2 2 -2
2330 458 2 2 2
2330 1730 1 2
2331 457 2 2 2
2331 1723 5 4 -2 2 4 -2
2331 1726 1 2
2331 2989 3 2 2 -2
2332 1736 5 4 -2 2 4 -2
2333 455 2 2 2
2333 1732 5 4 -2 2 4 -2
2333 1735 1 2
2333 2997 3 2 2 -2
2334 454 2 2 2
2334 1728 5 4 -2 2 4 -2
2334 1731 1 2
2334 3001 3 2 2 -2
2335 453 2 2 2
2335 1727 1 2
2335 2988 3 2 2 -2
2336 452 2 2 2
2336 1723 1 2
2336 1737 5 4 -2 2 4 -2
2336 2992 3 2 2 -2
2337 451 2 2 2
2337 1736 1 2
2337 2996 3 2 2 -2
2338 450 2 2 2
2338 1729 5 4 -2 2 4 -2
2338 1732 1 2
2338 3000 3 2 2 -2
2339 449 2 2 2
2339 1725 5 4 -2 2 4 -2
2339 1728 1 2
2339 2987 3 2 2 -2
2340 448 2 2 2
2340 1724 1 2
2340 2991 3 2 2 -2
2341 447 2 2 2
2341 1734 5 4 -2 2 4 -2
2341 1737 1 2
2341 2995 3 2 2 -2
2342 446 2 2 2
2342 1730 5 4 -2 2 4 -2
2342 1733 1 2
2342 2999 3 2 2 -2
2343 445 2 2 2
2343 1726 5 4 -2 2 4 -2
2343 1729 1 2
2343 2986 3 2 2 -2
2344 1725 1 2
2345 460 2 2 2
2345 1735 5 4 -2 2 4 -2
2345 1738 1 2
2345 2994 3 2 2 -2
2346 1801 8 2 2 2 4 -2 2 4 -2
2346 2083 2 4 -2
2347 2082 2 4 -2
2347 2925 3 2 2 -2
2348 2081 2 4 -2
2349 1787 8 2 2 2 4 -2 2 4 -2
2349 2080 2 4 -2
2349 2933 3 2 2 -2
2350 2079 2 4 -2
2350 2937 3 2 2 -2
2351 1789 8 2 2 2 4 -2 2 4 -2
2351 2924 3 2 2 -2
2352 1790 8 2 2 2 4 -2 2 4 -2
2352 2077 2 4 -2
2352 2928 3 2 2 -2
2353 2076 2 4 -2
2353 2932 3 2 2 -2
2354 1792 8 2 2 2 4 -2 2 4 -2
2354 2075 2 4 -2
2354 2936 3 2 2 -2
2355 1793 8 2 2 2 4 -2 2 4 -2
2355 2074 2 4 -2
2355 2923 3 2 2 -2
2356 1794 8 2 2 2 4 -2 2 4 -2
2356 2927 3 2 2 -2
2357 2089 2 4 -2
2357 2931 3 2 2 -2
2358 1796 8 2 2 2 4 -2 2 4 -2
2358 2088 2 4 -2
2358 2935 3 2 2 -2
2359 2087 2 4 -2
2359 2922 3 2 2 -2
2360 2086 2 4 -2
2361 1799 8 2 2 2 4 -2 2 4 -2
2361 2085 2 4 -2
2361 2930 3 2 2 -2
2362 261 1 2
2362 411 2 2 2
2362 2512 3 2 2 2
2362 3034 9 2 2 2 2 2 2 2 2 -2
2363 257 1 2
2363 410 2 2 2
2363 2516 3 2 2 2
2363 3047 9 2 2 2 2 2 2 2 2 -2
2365 266 1 2
2365 408 2 2 2
2365 2507 3 2 2 2
2365 3039 9 2 2 2 2 2 2 2 2 -2
2366 262 1 2
2366 407 2 2 2
2366 2511 3 2 2 2
2366 3035 9 2 2 2 2 2 2 2 2 -2
2367 258 1 2
2367 406 2 2 2
2367 2515 3 2 2 2
2367 3048 9 2 2 2 2 2 2 2 2 -2
2368 254 1 2
2368 405 2 2 2
2368 2519 3 2 2 2
2368 3044 9 2 2 2 2 2 2 2 2 -2
2369 267 1 2
2369 404 2 2 2
2369 2506 3 2 2 2
2369 3040 9 2 2 2 2 2 2 2 2 -2
2370 263 1 2
2370 403 2 2 2
2370 2510 3 2 2 2
2370 3036 9 2 2 2 2 2 2 2 2 -2
2371 259 1 2
2371 402 2 2 2
2371 2514 3 2 2 2
2371 3049 9 2 2 2 2 2 2 2 2 -2
2372 255 1 2
2372 401 2 2 2
2372 2518 3 2 2 2
2372 3045 9 2 2 2 2 2 2 2 2 -2
2373 268 1 2
2373 400 2 2 2
2374 264 1 2
2374 399 2 2 2
2374 2509 3 2 2 2
2374 3037 9 2 2 2 2 2 2 2 2 -2
2375 260 1 2
2375 398 2 2 2
2375 2513 3 2 2 2
2376 256 1 2
2377 269 1 2
2377 413 2 2 2
2377 2521 3 2 2 2
2377 3042 9 2 2 2 2 2 2 2 2 -2
2378 474 2 2 2
2378 1714 1 2
2378 2019 2 4 -2
2379 473 2 2 2
2379 1710 1 2
2379 2018 2 4 -2
2379 2909 3 2 2 -2
2380 2017 2 4 -2
2381 471 2 2 2
2381 1719 1 2
2381 2016 2 4 -2
2381 2917 3 2 2 -2
2382 470 2 2 2
2382 1715 1 2
2382 2015 2 4 -2
2382 2921 3 2 2 -2
2383 469 2 2 2
2383 1711 1 2
2383 2908 3 2 2 -2
2384 468 2 2 2
2384 1707 1 2
2384 2013 2 4 -2
2384 2912 3 2 2 -2
2385 467 2 2 2
2385 1720 1 2
2385 2012 2 4 -2
2385 2916 3 2 2 -2
2386 466 2 2 2
2386 1716 1 2
2386 2011 2 4 -2
2386 2920 3 2 2 -2
2387 465 2 2 2
2387 1712 1 2
2387 2010 2 4 -2
2387 2907 3 2 2 -2
2388 464 2 2 2
2388 1708 1 2
2388 2911 3 2 2 -2
2389 463 2 2 2
2389 1721 1 2
2389 2025 2 4 -2
2389 2915 3 2 2 -2
2390 462 2 2 2
2390 1717 1 2
2390 2024 2 4 -2
2390 2919 3 2 2 -2
2391 461 2 2 2
2391 1713 1 2
2391 2023 2 4 -2
2391 2906 3 2 2 -2
2392 1709 1 2
2392 2022 2 4 -2
2393 476 2 2 2
2393 1722 1 2
2393 2021 2 4 -2
2393 2914 3 2 2 -2
2394 245 1 2
2394 1698 1 2
2394 3217 5 4 -2 4 -2 2
2395 241 1 2
2395 1694 1 2
2395 3213 5 4 -2 4 -2 2
2397 250 1 2
2397 1703 1 2
2397 3222 5 4 -2 4 -2 2
2398 246 1 2
2398 1699 1 2
2399 242 1 2
2399 1695 1 2
2400 238 1 2
2400 1691 1 2
2400 3210 5 4 -2 4 -2 2
2401 251 1 2
2401 1704 1 2
2401 3223 5 4 -2 4 -2 2
2402 247 1 2
2402 1700 1 2
2402 3219 5 4 -2 4 -2 2
2403 243 1 2
2403 1696 1 2
2403 3215 5 4 -2 4 -2 2
2404 239 1 2
2404 1692 1 2
2405 252 1 2
2405 1705 1 2
2405 3224 5 4 -2 4 -2 2
2406 248 1 2
2406 1701 1 2
2406 3220 5 4 -2 4 -2 2
2407 244 1 2
2407 1697 1 2
2407 3216 5 4 -2 4 -2 2
2408 240 1 2
2408 1693 1 2
2408 3212 5 4 -2 4 -2 2
2409 253 1 2
2409 1706 1 2
2409 3225 5 4 -2 4 -2 2
2410 197 1 2
2410 1586 1 2
2411 193 1 2
2411 1582 1 2
2413 202 1 2
2413 1591 1 2
2414 198 1 2
2414 1587 1 2
2415 194 1 2
2415 1583 1 2
2416 190 1 2
2416 1579 1 2
2417 203 1 2
2417 1592 1 2
2418 199 1 2
2418 1588 1 2
2419 195 1 2
2419 1584 1 2
2420 191 1 2
2420 1580 1 2
2421 204 1 2
2421 1593 1 2
2422 200 1 2
2422 1589 1 2
2423 196 1 2
2423 1585 1 2
2424 192 1 2
2424 1581 1 2
2425 205 1 2
2425 1594 1 2
2426 1538 1 2
2426 1588 12 2 2 2 -2 2 4 -2 2 4 -2 4 -2
2426 3290 4 4 -2 4 -2
2427 1534 1 2
2427 3291 4 4 -2 4 -2
2428 3292 4 4 -2 4 -2
2429 1543 1 2
2429 1591 12 2 2 2 -2 2 4 -2 2 4 -2 4 -2
2429 3293 4 4 -2 4 -2
2430 1539 1 2
2430 1592 12 2 2 2 -2 2 4 -2 2 4 -2 4 -2
2431 1535 1 2
2431 1593 12 2 2 2 -2 2 4 -2 2 4 -2 4 -2
2432 1531 1 2
2432 3296 4 4 -2 4 -2
2433 1544 1 2
2433 3297 4 4 -2 4 -2
2434 1540 1 2
2434 1579 12 2 2 2 -2 2 4 -2 2 4 -2 4 -2
2434 3298 4 4 -2 4 -2
2435 1536 1 2
2435 3299 4 4 -2 4 -2
2436 1532 1 2
2436 1581 12 2 2 2 -2 2 4 -2 2 4 -2 4 -2
2437 1545 1 2
2437 3301 4 4 -2 4 -2
2438 1541 1 2
2438 3302 4 4 -2 4 -2
2439 1537 1 2
2439 3303 4 4 -2 4 -2
2440 1533 1 2
2440 3304 4 4 -2 4 -2
2441 1546 1 2
2441 1586 12 2 2 2 -2 2 4 -2 2 4 -2 4 -2
2441 3305 4 4 -2 4 -2
2442 1225 6 2 2 4 -2 4 -2
2442 2131 2 4 -2
2443 1224 6 2 2 4 -2 4 -2
2443 2130 2 4 -2
2443 2752 5 2 2 -2 4 -2
2444 2129 2 4 -2
2445 2128 2 4 -2
2445 2761 5 2 2 -2 4 -2
2446 1221 6 2 2 4 -2 4 -2
2446 2127 2 4 -2
2446 2757 5 2 2 -2 4 -2
2447 1220 6 2 2 4 -2 4 -2
2447 2753 5 2 2 -2 4 -2
2448 1219 6 2 2 4 -2 4 -2
2448 2125 2 4 -2
2448 2749 5 2 2 -2 4 -2
2449 1218 6 2 2 4 -2 4 -2
2449 2124 2 4 -2
2450 2123 2 4 -2
2450 2758 5 2 2 -2 4 -2
2451 2122 2 4 -2
2451 2754 5 2 2 -2 4 -2
2452 1215 6 2 2 4 -2 4 -2
2453 1214 6 2 2 4 -2 4 -2
2453 2137 2 4 -2
2453 2746 5 2 2 -2 4 -2
2454 1213 6 2 2 4 -2 4 -2
2454 2136 2 4 -2
2454 2759 5 2 2 -2 4 -2
2455 1212 6 2 2 4 -2 4 -2
2455 2135 2 4 -2
2455 2755 5 2 2 -2 4 -2
2456 2134 2 4 -2
2457 1227 6 2 2 4 -2 4 -2
2457 2133 2 4 -2
2457 2747 5 2 2 -2 4 -2
2458 181 1 2
2458 3258 4 4 -2 4 -2
2459 177 1 2
2459 1310 10 2 2 2 2 -2 4 -2 2 4 -2
2459 1851 5 4 -2 2 4 -2
2459 3259 4 4 -2 4 -2
2460 1864 5 4 -2 2 4 -2
2460 3260 4 4 -2 4 -2
2461 186 1 2
2461 1860 5 4 -2 2 4 -2
2461 3261 4 4 -2 4 -2
2462 182 1 2
2462 1307 10 2 2 2 2 -2 4 -2 2 4 -2
2462 1856 5 4 -2 2 4 -2
2463 178 1 2
2464 174 1 2
2464 1865 5 4 -2 2 4 -2
2464 3264 4 4 -2 4 -2
2465 187 1 2
2465 1321 10 2 2 2 2 -2 4 -2 2 4 -2
2465 3265 4 4 -2 4 -2
2466 183 1 2
2466 1320 10 2 2 2 2 -2 4 -2 2 4 -2
2466 1857 5 4 -2 2 4 -2
2466 3266 4 4 -2 4 -2
2467 179 1 2
2467 1319 10 2 2 2 2 -2 4 -2 2 4 -2
2467 1853 5 4 -2 2 4 -2
2467 3267 4 4 -2 4 -2
2468 175 1 2
2468 1318 10 2 2 2 2 -2 4 -2 2 4 -2
2469 188 1 2
2469 1862 5 4 -2 2 4 -2
2469 3269 4 4 -2 4 -2
2470 184 1 2
2470 1316 10 2 2 2 2 -2 4 -2 2 4 -2
2470 1858 5 4 -2 2 4 -2
2470 3270 4 4 -2 4 -2
2471 180 1 2
2471 1854 5 4 -2 2 4 -2
2471 3271 4 4 -2 4 -2
2472 176 1 2
2472 3272 4 4 -2 4 -2
2473 189 1 2
2473 1313 10 2 2 2 2 -2 4 -2 2 4 -2
2473 1863 5 4 -2 2 4 -2
2473 3273 4 4 -2 4 -2
2474 1058 3 2 2 2
2474 2784 3 2 2 2
2475 1062 3 2 2 2
2475 2788 3 2 2 2
2477 1054 3 2 2 2
2477 2779 3 2 2 2
2478 1057 3 2 2 2
2478 2783 3 2 2 2
2479 1061 3 2 2 2
2479 2787 3 2 2 2
2480 1065 3 2 2 2
2480 2791 3 2 2 2
2481 1053 3 2 2 2
2481 2778 3 2 2 2
2482 1056 3 2 2 2
2482 2782 3 2 2 2
2483 1060 3 2 2 2
2483 2786 3 2 2 2
2484 1064 3 2 2 2
2484 2790 3 2 2 2
2486 1055 3 2 2 2
2486 2781 3 2 2 2
2487 1059 3 2 2 2
2487 2785 3 2 2 2
2489 1067 3 2 2 2
2489 2793 3 2 2 2
2490 1011 3 2 2 2
2490 1554 1 2
2490 2115 2 4 -2
2491 1015 3 2 2 2
2491 1550 1 2
2491 2114 2 4 -2
2491 2704 5 2 2 -2 4 -2
2492 2113 2 4 -2
2493 1006 3 2 2 2
2493 1559 1 2
2493 2112 2 4 -2
2493 2713 5 2 2 -2 4 -2
2494 1010 3 2 2 2
2494 1555 1 2
2494 2111 2 4 -2
2494 2709 5 2 2 -2 4 -2
2495 1014 3 2 2 2
2495 1551 1 2
2495 2705 5 2 2 -2 4 -2
2496 1018 3 2 2 2
2496 1547 1 2
2496 2109 2 4 -2
2496 2701 5 2 2 -2 4 -2
2497 1005 3 2 2 2
2497 1560 1 2
2497 2108 2 4 -2
2498 1009 3 2 2 2
2498 1556 1 2
2498 2107 2 4 -2
2498 2710 5 2 2 -2 4 -2
2499 1013 3 2 2 2
2499 1552 1 2
2499 2106 2 4 -2
2499 2706 5 2 2 -2 4 -2
2500 1017 3 2 2 2
2500 1548 1 2
2501 1561 1 2
2501 2121 2 4 -2
2501 2698 5 2 2 -2 4 -2
2502 1008 3 2 2 2
2502 1557 1 2
2502 2120 2 4 -2
2502 2711 5 2 2 -2 4 -2
2503 1012 3 2 2 2
2503 1553 1 2
2503 2119 2 4 -2
2503 2707 5 2 2 -2 4 -2
2504 1549 1 2
2504 2118 2 4 -2
2505 1020 3 2 2 2
2505 1562 1 2
2505 2117 2 4 -2
2505 2699 5 2 2 -2 4 -2
2506 1272 6 2 2 4 -2 4 -2
2506 2704 3 2 2 2
2506 3040 6 2 2 2 2 2 -2
2506 3194 4 4 -2 4 -2
2507 1271 6 2 2 4 -2 4 -2
2507 2708 3 2 2 2
2507 3039 6 2 2 2 2 2 -2
2507 3195 4 4 -2 4 -2
2508 3196 4 4 -2 4 -2
2509 2699 3 2 2 2
2509 3037 6 2 2 2 2 2 -2
2509 3197 4 4 -2 4 -2
2510 1268 6 2 2 4 -2 4 -2
2510 2703 3 2 2 2
2510 3036 6 2 2 2 2 2 -2
2511 1267 6 2 2 4 -2 4 -2
2511 2707 3 2 2 2
2511 3035 6 2 2 2 2 2 -2
2512 1266 6 2 2 4 -2 4 -2
2512 2711 3 2 2 2
2512 3034 6 2 2 2 2 2 -2
2512 3200 4 4 -2 4 -2
2513 1265 6 2 2 4 -2 4 -2
2513 2698 3 2 2 2
2513 3201 4 4 -2 4 -2
2514 2702 3 2 2 2
2514 3049 6 2 2 2 2 2 -2
2514 3202 4 4 -2 4 -2
2515 2706 3 2 2 2
2515 3048 6 2 2 2 2 2 -2
2515 3203 4 4 -2 4 -2
2516 1262 6 2 2 4 -2 4 -2
2516 2710 3 2 2 2
2516 3047 6 2 2 2 2 2 -2
2517 1261 6 2 2 4 -2 4 -2
2517 3205 4 4 -2 4 -2
2518 1260 6 2 2 4 -2 4 -2
2518 2701 3 2 2 2
2518 3045 6 2 2 2 2 2 -2
2518 3206 4 4 -2 4 -2
2519 1259 6 2 2 4 -2 4 -2
2519 2705 3 2 2 2
2519 3044 6 2 2 2 2 2 -2
2519 3207 4 4 -2 4 -2
2520 3208 4 4 -2 4 -2
2521 1274 6 2 2 4 -2 4 -2
2521 2713 3 2 2 2
2521 3042 6 2 2 2 2 2 -2
2521 3209 4 4 -2 4 -2
2522 213 1 2
2522 1602 1 2
2522 3274 4 4 -2 4 -2
2523 209 1 2
2523 1598 1 2
2523 3275 4 4 -2 4 -2
2524 3276 4 4 -2 4 -2
2525 218 1 2
2525 1607 1 2
2525 3277 4 4 -2 4 -2
2526 214 1 2
2526 1603 1 2
2527 210 1 2
2527 1599 1 2
2528 206 1 2
2528 1595 1 2
2528 3280 4 4 -2 4 -2
2529 219 1 2
2529 1608 1 2
2529 3281 4 4 -2 4 -2
2530 215 1 2
2530 1604 1 2
2530 3282 4 4 -2 4 -2
2531 211 1 2
2531 1600 1 2
2531 3283 4 4 -2 4 -2
2532 207 1 2
2532 1596 1 2
2533 220 1 2
2533 1609 1 2
2533 3285 4 4 -2 4 -2
2534 216 1 2
2534 1605 1 2
2534 3286 4 4 -2 4 -2
2535 212 1 2
2535 1601 1 2
2535 3287 4 4 -2 4 -2
2536 208 1 2
2536 1597 1 2
2536 3288 4 4 -2 4 -2
2537 221 1 2
2537 1610 1 2
2537 3289 4 4 -2 4 -2
2538 149 1 2
2538 1378 1 2
2539 145 1 2
2539 1374 1 2
2541 154 1 2
2541 1383 1 2
2542 150 1 2
2542 1379 1 2
2543 146 1 2
2543 1375 1 2
2544 142 1 2
2544 1371 1 2
2545 155 1 2
2545 1384 1 2
2546 151 1 2
2546 1380 1 2
2547 147 1 2
2547 1376 1 2
2548 143 1 2
2548 1372 1 2
2549 156 1 2
2549 1385 1 2
2550 152 1 2
2550 1381 1 2
2551 148 1 2
2551 1377 1 2
2552 144 1 2
2552 1373 1 2
2553 157 1 2
2553 1386 1 2
2554 1298 1 2
2554 1893 4 2 2 2 -2
2555 1294 1 2
2555 1894 4 2 2 2 -2
2557 1303 1 2
2557 1896 4 2 2 2 -2
2558 1299 1 2
2558 1897 4 2 2 2 -2
2559 1295 1 2
2559 1898 4 2 2 2 -2
2560 1291 1 2
2561 1304 1 2
2561 1883 4 2 2 2 -2
2562 1300 1 2
2562 1884 4 2 2 2 -2
2563 1296 1 2
2563 1885 4 2 2 2 -2
2564 1292 1 2
2564 1886 4 2 2 2 -2
2565 1305 1 2
2566 1301 1 2
2566 1888 4 2 2 2 -2
2567 1297 1 2
2567 1889 4 2 2 2 -2
2568 1293 1 2
2569 1306 1 2
2569 1891 4 2 2 2 -2
2570 1816 6 2 2 4 -2 4 -2
2571 1815 6 2 2 4 -2 4 -2
2571 3309 3 2 2 -2
2573 3317 3 2 2 -2
2574 1812 6 2 2 4 -2 4 -2
2574 3321 3 2 2 -2
2575 1811 6 2 2 4 -2 4 -2
2575 3308 3 2 2 -2
2576 1810 6 2 2 4 -2 4 -2
2576 3312 3 2 2 -2
2577 1809 6 2 2 4 -2 4 -2
2577 3316 3 2 2 -2
2578 3320 3 2 2 -2
2579 3307 3 2 2 -2
2580 1806 6 2 2 4 -2 4 -2
2580 3311 3 2 2 -2
2581 1805 6 2 2 4 -2 4 -2
2581 3315 3 2 2 -2
2582 1804 6 2 2 4 -2 4 -2
2582 3319 3 2 2 -2
2583 1803 6 2 2 4 -2 4 -2
2583 3306 3 2 2 -2
2585 1818 6 2 2 4 -2 4 -2
2585 3314 3 2 2 -2
2586 650 2 2 2
2586 1362 1 2
2587 649 2 2 2
2587 1358 1 2
2587 3389 3 2 2 -2
2589 647 2 2 2
2589 1367 1 2
2589 3397 3 2 2 -2
2590 646 2 2 2
2590 1363 1 2
2590 3401 3 2 2 -2
2591 645 2 2 2
2591 1359 1 2
2591 3388 3 2 2 -2
2592 644 2 2 2
2592 1355 1 2
2592 3392 3 2 2 -2
2593 643 2 2 2
2593 1368 1 2
2593 3396 3 2 2 -2
2594 642 2 2 2
2594 1364 1 2
2594 3400 3 2 2 -2
2595 641 2 2 2
2595 1360 1 2
2595 3387 3 2 2 -2
2596 640 2 2 2
2596 1356 1 2
2596 3391 3 2 2 -2
2597 639 2 2 2
2597 1369 1 2
2597 3395 3 2 2 -2
2598 638 2 2 2
2598 1365 1 2
2598 3399 3 2 2 -2
2599 637 2 2 2
2599 1361 1 2
2599 3386 3 2 2 -2
2600 1357 1 2
2601 652 2 2 2
2601 1370 1 2
2601 3394 3 2 2 -2
2602 117 1 2
2602 1282 1 2
2603 113 1 2
2603 1278 1 2
2605 122 1 2
2605 1287 1 2
2606 118 1 2
2606 1283 1 2
2607 114 1 2
2607 1279 1 2
2608 110 1 2
2608 1275 1 2
2609 123 1 2
2609 1288 1 2
2610 119 1 2
2610 1284 1 2
2611 115 1 2
2611 1280 1 2
2612 111 1 2
2612 1276 1 2
2613 124 1 2
2613 1289 1 2
2614 120 1 2
2614 1285 1 2
2615 116 1 2
2615 1281 1 2
2616 112 1 2
2616 1277 1 2
2617 125 1 2
2617 1290 1 2
2618 564 5 2 2 2 2 2
2618 1957 4 2 2 2 -2
2618 2256 3 2 2 2
2619 560 5 2 2 2 2 2
2619 1470 10 2 2 2 2 -2 4 -2 2 4 -2
2619 1958 4 2 2 2 -2
2619 2260 3 2 2 2
2619 3190 4 2 2 -2 2
2621 569 5 2 2 2 2 2
2621 1960 4 2 2 2 -2
2621 2251 3 2 2 2
2621 3192 4 2 2 -2 2
2622 565 5 2 2 2 2 2
2622 1467 10 2 2 2 2 -2 4 -2 2 4 -2
2622 1961 4 2 2 2 -2
2622 2255 3 2 2 2
2622 3193 4 2 2 -2 2
2623 561 5 2 2 2 2 2
2623 1962 4 2 2 2 -2
2623 2259 3 2 2 2
2624 557 5 2 2 2 2 2
2624 2263 3 2 2 2
2624 3178 4 2 2 -2 2
2625 570 5 2 2 2 2 2
2625 1481 10 2 2 2 2 -2 4 -2 2 4 -2
2625 1947 4 2 2 2 -2
2625 2250 3 2 2 2
2625 3179 4 2 2 -2 2
2626 566 5 2 2 2 2 2
2626 1480 10 2 2 2 2 -2 4 -2 2 4 -2
2626 1948 4 2 2 2 -2
2626 2254 3 2 2 2
2626 3180 4 2 2 -2 2
2627 562 5 2 2 2 2 2
2627 1479 10 2 2 2 2 -2 4 -2 2 4 -2
2627 1949 4 2 2 2 -2
2627 2258 3 2 2 2
2627 3181 4 2 2 -2 2
2628 558 5 2 2 2 2 2
2628 1478 10 2 2 2 2 -2 4 -2 2 4 -2
2628 1950 4 2 2 2 -2
2628 2262 3 2 2 2
2628 3182 4 2 2 -2 2
2629 3183 4 2 2 -2 2
2630 567 5 2 2 2 2 2
2630 1476 10 2 2 2 2 -2 4 -2 2 4 -2
2630 1952 4 2 2 2 -2
2630 2253 3 2 2 2
2630 3184 4 2 2 -2 2
2631 563 5 2 2 2 2 2
2631 1953 4 2 2 2 -2
2631 2257 3 2 2 2
2631 3185 4 2 2 -2 2
2633 572 5 2 2 2 2 2
2633 1473 10 2 2 2 2 -2 4 -2 2 4 -2
2633 1955 4 2 2 2 -2
2633 2265 3 2 2 2
2633 3187 4 2 2 -2 2
2634 666 2 2 2
2634 1346 1 2
2635 665 2 2 2
2635 1342 1 2
2635 3325 3 2 2 -2
2637 663 2 2 2
2637 1351 1 2
2637 3333 3 2 2 -2
2638 662 2 2 2
2638 1347 1 2
2638 3337 3 2 2 -2
2639 661 2 2 2
2639 1343 1 2
2639 3324 3 2 2 -2
2640 660 2 2 2
2640 1339 1 2
2640 3328 3 2 2 -2
2641 659 2 2 2
2641 1352 1 2
2641 3332 3 2 2 -2
2642 658 2 2 2
2642 1348 1 2
2642 3336 3 2 2 -2
2643 657 2 2 2
2643 1344 1 2
2643 3323 3 2 2 -2
2644 656 2 2 2
2644 1340 1 2
2644 3327 3 2 2 -2
2645 655 2 2 2
2645 1353 1 2
2645 3331 3 2 2 -2
2646 654 2 2 2
2646 1349 1 2
2646 3335 3 2 2 -2
2647 653 2 2 2
2647 1345 1 2
2647 3322 3 2 2 -2
2648 1341 1 2
2649 668 2 2 2
2649 1354 1 2
2649 3330 3 2 2 -2
2650 133 1 2
2650 1330 1 2
2651 129 1 2
2651 1326 1 2
2653 138 1 2
2653 1335 1 2
2654 134 1 2
2654 1331 1 2
2655 130 1 2
2655 1327 1 2
2656 126 1 2
2656 1323 1 2
2657 139 1 2
2657 1336 1 2
2658 135 1 2
2658 1332 1 2
2659 131 1 2
2659 1328 1 2
2660 127 1 2
2660 1324 1 2
2661 140 1 2
2661 1337 1 2
2662 136 1 2
2662 1333 1 2
2663 132 1 2
2663 1329 1 2
2664 128 1 2
2664 1325 1 2
2665 141 1 2
2665 1338 1 2
2666 165 1 2
2666 682 2 2 2
2666 851 3 2 2 2
2666 1864 6 2 2 4 -2 4 -2
2666 2272 3 2 2 2
2667 161 1 2
2667 681 2 2 2
2667 855 3 2 2 2
2667 1863 6 2 2 4 -2 4 -2
2667 2276 3 2 2 2
2669 170 1 2
2669 679 2 2 2
2669 846 3 2 2 2
2669 2267 3 2 2 2
2670 166 1 2
2670 678 2 2 2
2670 850 3 2 2 2
2670 1860 6 2 2 4 -2 4 -2
2670 2271 3 2 2 2
2671 162 1 2
2671 677 2 2 2
2671 854 3 2 2 2
2671 1859 6 2 2 4 -2 4 -2
2671 2275 3 2 2 2
2672 158 1 2
2672 676 2 2 2
2672 858 3 2 2 2
2672 1858 6 2 2 4 -2 4 -2
2672 2279 3 2 2 2
2673 171 1 2
2673 675 2 2 2
2673 845 3 2 2 2
2673 1857 6 2 2 4 -2 4 -2
2673 2266 3 2 2 2
2674 167 1 2
2674 674 2 2 2
2674 849 3 2 2 2
2674 2270 3 2 2 2
2675 163 1 2
2675 673 2 2 2
2675 853 3 2 2 2
2675 2274 3 2 2 2
2676 159 1 2
2676 672 2 2 2
2676 857 3 2 2 2
2676 1854 6 2 2 4 -2 4 -2
2676 2278 3 2 2 2
2677 172 1 2
2677 671 2 2 2
2677 1853 6 2 2 4 -2 4 -2
2678 168 1 2
2678 670 2 2 2
2678 848 3 2 2 2
2678 1852 6 2 2 4 -2 4 -2
2678 2269 3 2 2 2
2679 164 1 2
2679 669 2 2 2
2679 852 3 2 2 2
2679 1851 6 2 2 4 -2 4 -2
2679 2273 3 2 2 2
2680 160 1 2
2681 173 1 2
2681 684 2 2 2
2681 860 3 2 2 2
2681 1866 6 2 2 4 -2 4 -2
2681 2281 3 2 2 2
2682 70 1 2
2682 1250 1 2
2683 66 1 2
2683 1246 1 2
2685 75 1 2
2685 1255 1 2
2686 71 1 2
2686 1251 1 2
2687 67 1 2
2687 1247 1 2
2688 63 1 2
2688 1243 1 2
2689 76 1 2
2689 1256 1 2
2690 72 1 2
2690 1252 1 2
2691 68 1 2
2691 1248 1 2
2692 64 1 2
2692 1244 1 2
2693 77 1 2
2693 1257 1 2
2694 73 1 2
2694 1253 1 2
2695 69 1 2
2695 1249 1 2
2696 65 1 2
2696 1245 1 2
2697 78 1 2
2697 1258 1 2
2698 1448 6 2 2 4 -2 4 -2
2699 1447 6 2 2 4 -2 4 -2
2699 1522 10 4 -2 2 4 -2 2 4 -2 4 -2
2699 3037 3 2 2 -2
2700 1521 10 4 -2 2 4 -2 2 4 -2 4 -2
2701 3045 3 2 2 -2
2702 1444 6 2 2 4 -2 4 -2
2702 3049 3 2 2 -2
2703 1443 6 2 2 4 -2 4 -2
2703 3036 3 2 2 -2
2704 1442 6 2 2 4 -2 4 -2
2704 1517 10 4 -2 2 4 -2 2 4 -2 4 -2
2704 3040 3 2 2 -2
2705 1441 6 2 2 4 -2 4 -2
2705 3044 3 2 2 -2
2706 1515 10 4 -2 2 4 -2 2 4 -2 4 -2
2706 3048 3 2 2 -2
2707 3035 3 2 2 -2
2708 1438 6 2 2 4 -2 4 -2
2708 3039 3 2 2 -2
2709 1437 6 2 2 4 -2 4 -2
2709 1529 10 4 -2 2 4 -2 2 4 -2 4 -2
2709 3043 3 2 2 -2
2710 1436 6 2 2 4 -2 4 -2
2710 1528 10 4 -2 2 4 -2 2 4 -2 4 -2
2710 3047 3 2 2 -2
2711 1435 6 2 2 4 -2 4 -2
2711 1527 10 4 -2 2 4 -2 2 4 -2 4 -2
2711 3034 3 2 2 -2
2713 1450 6 2 2 4 -2 4 -2
2713 3042 3 2 2 -2
2714 95 4 2 2 2 2
2714 1235 1 2
2715 96 4 2 2 2 2
2715 1231 1 2
2715 3085 3 2 2 -2
2717 97 4 2 2 2 2
2717 1239 1 2
2717 3093 3 2 2 -2
2718 98 4 2 2 2 2
2718 1236 1 2
2718 3097 3 2 2 -2
2719 99 4 2 2 2 2
2719 1232 1 2
2719 3084 3 2 2 -2
2720 100 4 2 2 2 2
2720 1228 1 2
2720 3088 3 2 2 -2
2721 101 4 2 2 2 2
2721 1240 1 2
2721 3092 3 2 2 -2
2722 102 4 2 2 2 2
2722 1237 1 2
2722 3096 3 2 2 -2
2723 103 4 2 2 2 2
2723 1233 1 2
2723 3083 3 2 2 -2
2724 104 4 2 2 2 2
2724 1229 1 2
2724 3087 3 2 2 -2
2725 1241 1 2
2725 3091 3 2 2 -2
2726 106 4 2 2 2 2
2726 1238 1 2
2726 3095 3 2 2 -2
2727 107 4 2 2 2 2
2727 1234 1 2
2727 3082 3 2 2 -2
2728 1230 1 2
2729 109 4 2 2 2 2
2729 1242 1 2
2729 3090 3 2 2 -2
2730 23 1 2
2730 1203 1 2
2731 19 1 2
2731 1199 1 2
2731 1570 10 4 -2 2 4 -2 2 4 -2 4 -2
2732 1569 10 4 -2 2 4 -2 2 4 -2 4 -2
2733 28 1 2
2733 1208 1 2
2734 24 1 2
2734 1204 1 2
2735 20 1 2
2735 1200 1 2
2736 16 1 2
2736 1196 1 2
2736 1565 10 4 -2 2 4 -2 2 4 -2 4 -2
2737 29 1 2
2737 1209 1 2
2738 25 1 2
2738 1205 1 2
2738 1563 10 4 -2 2 4 -2 2 4 -2 4 -2
2739 21 1 2
2739 1201 1 2
2740 17 1 2
2740 1197 1 2
2741 30 1 2
2741 1210 1 2
2741 1577 10 4 -2 2 4 -2 2 4 -2 4 -2
2742 26 1 2
2742 1206 1 2
2742 1576 10 4 -2 2 4 -2 2 4 -2 4 -2
2743 22 1 2
2743 1202 1 2
2743 1575 10 4 -2 2 4 -2 2 4 -2 4 -2
2744 18 1 2
2744 1198 1 2
2745 31 1 2
2745 1211 1 2
2746 54 1 2
2746 979 3 2 2 2
2746 2656 3 2 2 2
2747 50 1 2
2747 983 3 2 2 2
2747 2660 3 2 2 2
2749 59 1 2
2749 974 3 2 2 2
2749 2651 3 2 2 2
2750 55 1 2
2750 978 3 2 2 2
2750 2655 3 2 2 2
2751 51 1 2
2751 982 3 2 2 2
2751 2659 3 2 2 2
2752 47 1 2
2752 986 3 2 2 2
2752 2663 3 2 2 2
2753 60 1 2
2753 973 3 2 2 2
2753 2650 3 2 2 2
2754 56 1 2
2754 977 3 2 2 2
2754 2654 3 2 2 2
2755 52 1 2
2755 981 3 2 2 2
2755 2658 3 2 2 2
2756 48 1 2
2756 985 3 2 2 2
2756 2662 3 2 2 2
2757 61 1 2
2758 57 1 2
2758 976 3 2 2 2
2758 2653 3 2 2 2
2759 53 1 2
2759 980 3 2 2 2
2759 2657 3 2 2 2
2760 49 1 2
2761 62 1 2
2761 988 3 2 2 2
2761 2665 3 2 2 2
2762 142 4 2 2 2 2
2762 1400 6 2 2 4 -2 4 -2
2762 2544 3 2 2 2
2762 2883 11 2 2 2 2 -2 4 -2 4 -2 4 -2
2763 143 4 2 2 2 2
2763 1399 6 2 2 4 -2 4 -2
2763 2548 3 2 2 2
2763 2887 11 2 2 2 2 -2 4 -2 4 -2 4 -2
2763 3053 3 2 2 -2
2765 145 4 2 2 2 2
2765 2539 3 2 2 2
2765 3061 3 2 2 -2
2766 146 4 2 2 2 2
2766 1396 6 2 2 4 -2 4 -2
2766 2007 14 2 2 2 2 -2 4 -2 2 4 -2 2 2 4 -2
2766 2543 3 2 2 2
2766 2882 11 2 2 2 2 -2 4 -2 4 -2 4 -2
2766 3065 3 2 2 -2
2767 147 4 2 2 2 2
2767 1395 6 2 2 4 -2 4 -2
2767 2547 3 2 2 2
2767 2886 11 2 2 2 2 -2 4 -2 4 -2 4 -2
2767 3052 3 2 2 -2
2768 148 4 2 2 2 2
2768 1394 6 2 2 4 -2 4 -2
2768 2551 3 2 2 2
2768 3056 3 2 2 -2
2769 149 4 2 2 2 2
2769 1393 6 2 2 4 -2 4 -2
2769 2538 3 2 2 2
2769 2877 11 2 2 2 2 -2 4 -2 4 -2 4 -2
2769 3060 3 2 2 -2
2770 150 4 2 2 2 2
2770 2003 14 2 2 2 2 -2 4 -2 2 4 -2 2 2 4 -2
2770 2542 3 2 2 2
2770 2881 11 2 2 2 2 -2 4 -2 4 -2 4 -2
2770 3064 3 2 2 -2
2771 151 4 2 2 2 2
2771 2002 14 2 2 2 2 -2 4 -2 2 4 -2 2 2 4 -2
2771 2546 3 2 2 2
2771 2885 11 2 2 2 2 -2 4 -2 4 -2 4 -2
2771 3051 3 2 2 -2
2772 152 4 2 2 2 2
2772 1390 6 2 2 4 -2 4 -2
2772 2001 14 2 2 2 2 -2 4 -2 2 4 -2 2 2 4 -2
2772 2550 3 2 2 2
2772 2889 11 2 2 2 2 -2 4 -2 4 -2 4 -2
2772 3055 3 2 2 -2
2773 1389 6 2 2 4 -2 4 -2
2773 3059 3 2 2 -2
2774 154 4 2 2 2 2
2774 1388 6 2 2 4 -2 4 -2
2774 1999 14 2 2 2 2 -2 4 -2 2 4 -2 2 2 4 -2
2774 2541 3 2 2 2
2774 2880 11 2 2 2 2 -2 4 -2 4 -2 4 -2
2774 3063 3 2 2 -2
2775 155 4 2 2 2 2
2775 1387 6 2 2 4 -2 4 -2
2775 2545 3 2 2 2
2775 3050 3 2 2 -2
2777 157 4 2 2 2 2
2777 1402 6 2 2 4 -2 4 -2
2777 1996 14 2 2 2 2 -2 4 -2 2 4 -2 2 2 4 -2
2777 2553 3 2 2 2
2777 2875 11 2 2 2 2 -2 4 -2 4 -2 4 -2
2777 3058 3 2 2 -2
2778 39 1 2
2778 1219 1 2
2779 35 1 2
2779 1215 1 2
2781 43 1 2
2781 1224 1 2
2782 40 1 2
2782 1220 1 2
2783 36 1 2
2783 1216 1 2
2784 32 1 2
2784 1212 1 2
2785 44 1 2
2785 1225 1 2
2786 41 1 2
2786 1221 1 2
2787 37 1 2
2787 1217 1 2
2788 33 1 2
2788 1213 1 2
2789 45 1 2
2789 1226 1 2
2790 42 1 2
2790 1222 1 2
2791 38 1 2
2791 1218 1 2
2792 34 1 2
2792 1214 1 2
2793 46 1 2
2793 1227 1 2
2794 86 1 2
2794 1266 1 2
2795 82 1 2
2795 1262 1 2
2797 91 1 2
2797 1271 1 2
2798 87 1 2
2798 1267 1 2
2799 83 1 2
2799 1263 1 2
2800 79 1 2
2800 1259 1 2
2801 92 1 2
2801 1272 1 2
2802 88 1 2
2802 1268 1 2
2803 84 1 2
2803 1264 1 2
2804 80 1 2
2804 1260 1 2
2805 93 1 2
2805 1273 1 2
2806 89 1 2
2806 1269 1 2
2807 85 1 2
2807 1265 1 2
2808 81 1 2
2808 1261 1 2
2809 94 1 2
2809 1274 1 2
2810 373 1 2
2810 1858 1 2
2811 369 1 2
2811 1854 1 2
2813 378 1 2
2813 1863 1 2
2814 374 1 2
2814 1859 1 2
2815 370 1 2
2815 1855 1 2
2816 366 1 2
2816 1851 1 2
2817 379 1 2
2817 1864 1 2
2818 375 1 2
2818 1860 1 2
2819 371 1 2
2819 1856 1 2
2820 367 1 2
2820 1852 1 2
2821 380 1 2
2821 1865 1 2
2822 376 1 2
2822 1861 1 2
2823 372 1 2
2823 1857 1 2
2824 368 1 2
2824 1853 1 2
2825 381 1 2
2825 1866 1 2
2826 325 1 2
2827 321 1 2
2827 1678 10 2 2 2 2 -2 4 -2 2 4 -2
2829 330 1 2
2830 326 1 2
2830 1675 10 2 2 2 2 -2 4 -2 2 4 -2
2831 322 1 2
2832 318 1 2
2833 331 1 2
2833 1689 10 2 2 2 2 -2 4 -2 2 4 -2
2834 327 1 2
2834 1688 10 2 2 2 2 -2 4 -2 2 4 -2
2835 323 1 2
2835 1687 10 2 2 2 2 -2 4 -2 2 4 -2
2836 319 1 2
2836 1686 10 2 2 2 2 -2 4 -2 2 4 -2
2837 332 1 2
2838 328 1 2
2838 1684 10 2 2 2 2 -2 4 -2 2 4 -2
2839 324 1 2
2840 320 1 2
2841 333 1 2
2841 1681 10 2 2 2 2 -2 4 -2 2 4 -2
2842 357 1 2
2842 698 2 2 2
2842 1154 3 2 2 2
2842 2864 3 2 2 2
2843 353 1 2
2843 697 2 2 2
2843 1158 3 2 2 2
2843 2868 3 2 2 2
2845 362 1 2
2845 695 2 2 2
2845 1149 3 2 2 2
2845 2859 3 2 2 2
2846 358 1 2
2846 694 2 2 2
2846 1153 3 2 2 2
2846 2863 3 2 2 2
2847 354 1 2
2847 693 2 2 2
2847 1157 3 2 2 2
2847 2867 3 2 2 2
2848 350 1 2
2848 692 2 2 2
2848 1161 3 2 2 2
2848 2871 3 2 2 2
2849 363 1 2
2849 691 2 2 2
2849 1148 3 2 2 2
2849 2858 3 2 2 2
2850 359 1 2
2850 690 2 2 2
2850 1152 3 2 2 2
2850 2862 3 2 2 2
2851 355 1 2
2851 689 2 2 2
2851 1156 3 2 2 2
2851 2866 3 2 2 2
2852 351 1 2
2852 688 2 2 2
2852 1160 3 2 2 2
2852 2870 3 2 2 2
2853 364 1 2
2853 687 2 2 2
2854 360 1 2
2854 686 2 2 2
2854 1151 3 2 2 2
2854 2861 3 2 2 2
2855 356 1 2
2855 685 2 2 2
2855 1155 3 2 2 2
2855 2865 3 2 2 2
2856 352 1 2
2857 365 1 2
2857 700 2 2 2
2857 1163 3 2 2 2
2857 2873 3 2 2 2
2858 341 1 2
2858 1810 1 2
2859 337 1 2
2859 1806 1 2
2861 346 1 2
2861 1815 1 2
2862 342 1 2
2862 1811 1 2
2863 338 1 2
2863 1807 1 2
2864 334 1 2
2864 1803 1 2
2865 347 1 2
2865 1816 1 2
2866 343 1 2
2866 1812 1 2
2867 339 1 2
2867 1808 1 2
2868 335 1 2
2868 1804 1 2
2869 348 1 2
2869 1817 1 2
2870 344 1 2
2870 1813 1 2
2871 340 1 2
2871 1809 1 2
2872 336 1 2
2872 1805 1 2
2873 349 1 2
2873 1818 1 2
2874 389 1 2
2874 1874 1 2
2875 385 1 2
2875 1870 1 2
2877 394 1 2
2877 1879 1 2
2878 390 1 2
2878 1875 1 2
2879 386 1 2
2879 1871 1 2
2880 382 1 2
2880 1867 1 2
2881 395 1 2
2881 1880 1 2
2882 391 1 2
2882 1876 1 2
2883 387 1 2
2883 1872 1 2
2884 383 1 2
2884 1868 1 2
2885 396 1 2
2885 1881 1 2
2886 392 1 2
2886 1877 1 2
2887 388 1 2
2887 1873 1 2
2888 384 1 2
2888 1869 1 2
2889 397 1 2
2889 1882 1 2
2890 2524 3 2 4 -2
2890 3123 10 4 -2 2 2 2 4 -2 4 -2 2
2890 3201 8 4 -2 2 2 2 -2 4 -2
2891 2528 3 2 4 -2
2891 3202 8 4 -2 2 2 2 -2 4 -2
2892 3121 10 4 -2 2 2 2 4 -2 4 -2 2
2892 3203 8 4 -2 2 2 2 -2 4 -2
2893 2536 3 2 4 -2
2893 3120 10 4 -2 2 2 2 4 -2 4 -2 2
2894 2523 3 2 4 -2
2894 3119 10 4 -2 2 2 2 4 -2 4 -2 2
2894 3205 8 4 -2 2 2 2 -2 4 -2
2895 2527 3 2 4 -2
2896 2531 3 2 4 -2
2896 3117 10 4 -2 2 2 2 4 -2 4 -2 2
2896 3207 8 4 -2 2 2 2 -2 4 -2
2897 2535 3 2 4 -2
2898 2522 3 2 4 -2
2898 3209 8 4 -2 2 2 2 -2 4 -2
2899 3114 10 4 -2 2 2 2 4 -2 4 -2 2
2900 2530 3 2 4 -2
2901 2534 3 2 4 -2
2901 3129 10 4 -2 2 2 2 4 -2 4 -2 2
2901 3195 8 4 -2 2 2 2 -2 4 -2
2903 2525 3 2 4 -2
2903 3127 10 4 -2 2 2 2 4 -2 4 -2 2
2903 3197 8 4 -2 2 2 2 -2 4 -2
2904 2529 3 2 4 -2
2904 3126 10 4 -2 2 2 2 4 -2 4 -2 2
2905 2533 3 2 4 -2
2906 2476 3 2 4 -2
2906 2887 4 2 2 4 -2
2907 2480 3 2 4 -2
2907 2888 4 2 2 4 -2
2908 1617 8 4 -2 2 2 4 -2 4 -2
2909 1618 8 4 -2 2 2 4 -2 4 -2
2909 2488 3 2 4 -2
2910 1619 8 4 -2 2 2 4 -2 4 -2
2910 2475 3 2 4 -2
2910 2874 4 2 2 4 -2
2911 2479 3 2 4 -2
2911 2875 4 2 2 4 -2
2912 2483 3 2 4 -2
2912 2876 4 2 2 4 -2
2913 2487 3 2 4 -2
2913 2877 4 2 2 4 -2
2914 1623 8 4 -2 2 2 4 -2 4 -2
2914 2474 3 2 4 -2
2915 1624 8 4 -2 2 2 4 -2 4 -2
2915 2879 4 2 2 4 -2
2916 2482 3 2 4 -2
2916 2880 4 2 2 4 -2
2917 1626 8 4 -2 2 2 4 -2 4 -2
2917 2486 3 2 4 -2
2917 2881 4 2 2 4 -2
2918 2882 4 2 2 4 -2
2919 1611 8 4 -2 2 2 4 -2 4 -2
2919 2477 3 2 4 -2
2919 2883 4 2 2 4 -2
2920 1612 8 4 -2 2 2 4 -2 4 -2
2920 2481 3 2 4 -2
2921 1613 8 4 -2 2 2 4 -2 4 -2
2921 2485 3 2 4 -2
2921 2885 4 2 2 4 -2
2922 3201 1 2
2922 3281 8 4 -2 2 2 2 -2 4 -2
2922 3330 9 4 -2 2 2 2 4 -2 4 -2
2923 2505 14 4 -2 2 2 2 4 -2 2 4 -2 2 2 2 -2
2923 3197 1 2
2923 3282 8 4 -2 2 2 2 -2 4 -2
2924 1570 18 4 -2 2 2 4 -2 4 -2 2 4 -2 4 -2 2 4 -2 4 -2
2924 1933 12 4 -2 2 2 4 -2 4 -2 2 2 4 -2
2924 3283 8 4 -2 2 2 2 -2 4 -2
2924 3322 9 4 -2 2 2 2 4 -2 4 -2
2925 1569 18 4 -2 2 2 4 -2 4 -2 2 4 -2 4 -2 2 4 -2 4 -2
2925 1934 12 4 -2 2 2 4 -2 4 -2 2 2 4 -2
2925 2426 12 4 -2 2 2 4 -2 4 -2 2 2 2 -2
2925 2503 14 4 -2 2 2 2 4 -2 2 4 -2 2 2 2 -2
2925 3206 1 2
2925 3335 9 4 -2 2 2 2 4 -2 4 -2
2926 2427 12 4 -2 2 2 4 -2 4 -2 2 2 2 -2
2926 3202 1 2
2926 3285 8 4 -2 2 2 2 -2 4 -2
2926 3331 9 4 -2 2 2 2 4 -2 4 -2
2927 3198 1 2
2928 1321 29 4 -2 2 2 2 4 -2 2 4 -2 2 4 -2 4 -2 2 4 -2 4 -2 2 2 2 -2 4 -2 2 4 -2
2928 2500 14 4 -2 2 2 2 4 -2 2 4 -2 2 2 2 -2
2928 3194 1 2
2928 3287 8 4 -2 2 2 2 -2 4 -2
2928 3323 9 4 -2 2 2 2 4 -2 4 -2
2929 3207 1 2
2930 1939 12 4 -2 2 2 4 -2 4 -2 2 2 4 -2
2930 2431 12 4 -2 2 2 4 -2 4 -2 2 2 2 -2
2930 3203 1 2
2930 3289 8 4 -2 2 2 2 -2 4 -2
2931 1563 18 4 -2 2 2 4 -2 4 -2 2 4 -2 4 -2 2 4 -2 4 -2
2931 1940 12 4 -2 2 2 4 -2 4 -2 2 2 4 -2
2931 2432 12 4 -2 2 2 4 -2 4 -2 2 2 2 -2
2931 3199 1 2
2931 3328 9 4 -2 2 2 2 4 -2 4 -2
2932 3195 1 2
2933 1578 18 4 -2 2 2 4 -2 4 -2 2 4 -2 4 -2 2 4 -2 4 -2
2933 1942 12 4 -2 2 2 4 -2 4 -2 2 2 4 -2
2933 2434 12 4 -2 2 2 4 -2 4 -2 2 2 2 -2
2933 2495 14 4 -2 2 2 2 4 -2 2 4 -2 2 2 2 -2
2933 3208 1 2
2933 3275 8 4 -2 2 2 2 -2 4 -2
2933 3337 9 4 -2 2 2 2 4 -2 4 -2
2934 3204 1 2
2935 1576 18 4 -2 2 2 4 -2 4 -2 2 4 -2 4 -2 2 4 -2 4 -2
2935 1944 12 4 -2 2 2 4 -2 4 -2 2 2 4 -2
2935 2436 12 4 -2 2 2 4 -2 4 -2 2 2 2 -2
2935 3200 1 2
2935 3277 8 4 -2 2 2 2 -2 4 -2
2935 3329 9 4 -2 2 2 2 4 -2 4 -2
2936 1575 18 4 -2 2 2 4 -2 4 -2 2 4 -2 4 -2 2 4 -2 4 -2
2936 1945 12 4 -2 2 2 4 -2 4 -2 2 2 4 -2
2936 2437 12 4 -2 2 2 4 -2 4 -2 2 2 2 -2
2936 2492 14 4 -2 2 2 2 4 -2 2 4 -2 2 2 2 -2
2936 3196 1 2
2936 3325 9 4 -2 2 2 2 4 -2 4 -2
2937 3209 1 2
2938 2124 6 4 -2 2 2 2 -2
2938 3187 10 4 -2 2 2 2 4 -2 4 -2 2
2938 3399 2 2 2
2939 1425 17 4 -2 2 2 2 4 -2 2 4 -2 2 2 4 -2 2 4 -2
2939 1799 19 4 -2 2 2 2 4 -2 2 4 -2 2 2 2 -2 4 -2 2 4 -2
2939 2123 6 4 -2 2 2 2 -2
2939 3398 2 2 2
2940 2122 6 4 -2 2 2 2 -2
2940 3185 10 4 -2 2 2 2 4 -2 4 -2 2
2941 1790 19 4 -2 2 2 2 4 -2 2 4 -2 2 2 2 -2 4 -2 2 4 -2
2941 3184 10 4 -2 2 2 2 4 -2 4 -2 2
2941 3396 2 2 2
2942 2137 6 4 -2 2 2 2 -2
2942 3183 10 4 -2 2 2 2 4 -2 4 -2 2
2942 3395 2 2 2
2943 3394 2 2 2
2944 1422 17 4 -2 2 2 2 4 -2 2 4 -2 2 2 4 -2 2 4 -2
2944 2135 6 4 -2 2 2 2 -2
2944 3181 10 4 -2 2 2 2 4 -2 4 -2 2
2944 3393 2 2 2
2945 3392 2 2 2
2946 2133 6 4 -2 2 2 2 -2
2946 3391 2 2 2
2947 2132 6 4 -2 2 2 2 -2
2947 3178 10 4 -2 2 2 2 4 -2 4 -2 2
2947 3390 2 2 2
2948 3389 2 2 2
2949 1419 17 4 -2 2 2 2 4 -2 2 4 -2 2 2 4 -2 2 4 -2
2949 2130 6 4 -2 2 2 2 -2
2949 3193 10 4 -2 2 2 2 4 -2 4 -2 2
2949 3388 2 2 2
2950 3387 2 2 2
2951 2128 6 4 -2 2 2 2 -2
2951 3191 10 4 -2 2 2 2 4 -2 4 -2 2
2951 3386 2 2 2
2952 1424 17 4 -2 2 2 2 4 -2 2 4 -2 2 2 4 -2 2 4 -2
2952 1800 19 4 -2 2 2 2 4 -2 2 4 -2 2 2 2 -2 4 -2 2 4 -2
2952 2127 6 4 -2 2 2 2 -2
2952 3190 10 4 -2 2 2 2 4 -2 4 -2 2
2953 3401 2 2 2
2954 1617 10 4 -2 2 2 2 4 -2 2 4 -2
2954 3346 9 4 -2 2 2 2 4 -2 4 -2
2954 3367 2 2 2
2954 3367 9 4 -2 2 2 2 -2 4 -2 2
2955 1616 10 4 -2 2 2 2 4 -2 2 4 -2
2955 1873 9 4 -2 2 2 2 -2 2 4 -2
2955 3363 9 4 -2 2 2 2 -2 4 -2 2
2955 3366 2 2 2
2956 1869 9 4 -2 2 2 2 -2 2 4 -2
2956 3338 9 4 -2 2 2 2 4 -2 4 -2
2956 3359 9 4 -2 2 2 2 -2 4 -2 2
2957 1614 10 4 -2 2 2 2 4 -2 2 4 -2
2957 3351 9 4 -2 2 2 2 4 -2 4 -2
2957 3364 2 2 2
2958 1613 10 4 -2 2 2 2 4 -2 2 4 -2
2958 1878 9 4 -2 2 2 2 -2 2 4 -2
2958 3347 9 4 -2 2 2 2 4 -2 4 -2
2958 3363 2 2 2
2958 3368 9 4 -2 2 2 2 -2 4 -2 2
2959 3362 2 2 2
2960 1611 10 4 -2 2 2 2 4 -2 2 4 -2
2960 1870 9 4 -2 2 2 2 -2 2 4 -2
2960 3339 9 4 -2 2 2 2 4 -2 4 -2
2960 3360 9 4 -2 2 2 2 -2 4 -2 2
2960 3361 2 2 2
2961 3360 2 2 2
2962 1879 9 4 -2 2 2 2 -2 2 4 -2
2962 3359 2 2 2
2962 3369 9 4 -2 2 2 2 -2 4 -2 2
2963 1625 10 4 -2 2 2 2 4 -2 2 4 -2
2963 1875 9 4 -2 2 2 2 -2 2 4 -2
2963 3344 9 4 -2 2 2 2 4 -2 4 -2
2963 3358 2 2 2
2964 3357 2 2 2
2965 1623 10 4 -2 2 2 2 4 -2 2 4 -2
2965 1867 9 4 -2 2 2 2 -2 2 4 -2
2965 3353 9 4 -2 2 2 2 4 -2 4 -2
2965 3356 2 2 2
2965 3357 9 4 -2 2 2 2 -2 4 -2 2
2966 3355 2 2 2
2967 1876 9 4 -2 2 2 2 -2 2 4 -2
2967 3345 9 4 -2 2 2 2 4 -2 4 -2
2967 3354 2 2 2
2967 3366 9 4 -2 2 2 2 -2 4 -2 2
2968 1620 10 4 -2 2 2 2 4 -2 2 4 -2
2968 1872 9 4 -2 2 2 2 -2 2 4 -2
2968 3341 9 4 -2 2 2 2 4 -2 4 -2
2969 3369 2 2 2
2970 2108 6 4 -2 2 2 2 -2
2970 3394 9 4 -2 2 2 2 4 -2 4 -2
2971 2107 6 4 -2 2 2 2 -2
2972 1649 8 4 -2 2 2 4 -2 4 -2
2972 2106 6 4 -2 2 2 2 -2
2972 3386 9 4 -2 2 2 2 4 -2 4 -2
2973 1650 8 4 -2 2 2 4 -2 4 -2
2973 3399 9 4 -2 2 2 2 4 -2 4 -2
2974 1651 8 4 -2 2 2 4 -2 4 -2
2974 2121 6 4 -2 2 2 2 -2
2974 3395 9 4 -2 2 2 2 4 -2 4 -2
2976 2119 6 4 -2 2 2 2 -2
2976 3387 9 4 -2 2 2 2 4 -2 4 -2
2978 1655 8 4 -2 2 2 4 -2 4 -2
2978 2117 6 4 -2 2 2 2 -2
2979 1656 8 4 -2 2 2 4 -2 4 -2
2979 2116 6 4 -2 2 2 2 -2
2979 3392 9 4 -2 2 2 2 4 -2 4 -2
2981 1658 8 4 -2 2 2 4 -2 4 -2
2981 2114 6 4 -2 2 2 2 -2
2981 3401 9 4 -2 2 2 2 4 -2 4 -2
2983 1643 8 4 -2 2 2 4 -2 4 -2
2983 2112 6 4 -2 2 2 2 -2
2983 3393 9 4 -2 2 2 2 4 -2 4 -2
2984 1644 8 4 -2 2 2 4 -2 4 -2
2984 2111 6 4 -2 2 2 2 -2
2984 3389 9 4 -2 2 2 2 4 -2 4 -2
2985 1645 8 4 -2 2 2 4 -2 4 -2
2986 3233 1 2
2987 1841 9 4 -2 2 2 2 -2 2 4 -2
2987 3229 1 2
2988 1538 18 4 -2 2 2 4 -2 4 -2 2 4 -2 4 -2 2 4 -2 4 -2
2988 1837 9 4 -2 2 2 2 -2 2 4 -2
2988 1980 12 4 -2 2 2 4 -2 4 -2 2 2 4 -2
2989 1537 18 4 -2 2 2 4 -2 4 -2 2 4 -2 4 -2 2 4 -2 4 -2
2989 1981 12 4 -2 2 2 4 -2 4 -2 2 2 4 -2
2989 2474 12 4 -2 2 2 4 -2 4 -2 2 2 2 -2
2989 3238 1 2
2990 1846 9 4 -2 2 2 2 -2 2 4 -2
2990 2475 12 4 -2 2 2 4 -2 4 -2 2 2 2 -2
2990 3234 1 2
2991 3230 1 2
2992 1838 9 4 -2 2 2 2 -2 2 4 -2
2992 3226 1 2
2993 3239 1 2
2994 1847 9 4 -2 2 2 2 -2 2 4 -2
2994 1986 12 4 -2 2 2 4 -2 4 -2 2 2 4 -2
2994 2479 12 4 -2 2 2 4 -2 4 -2 2 2 2 -2
2994 3235 1 2
2995 1531 18 4 -2 2 2 4 -2 4 -2 2 4 -2 4 -2 2 4 -2 4 -2
2995 1843 9 4 -2 2 2 2 -2 2 4 -2
2995 1987 12 4 -2 2 2 4 -2 4 -2 2 2 4 -2
2995 2480 12 4 -2 2 2 4 -2 4 -2 2 2 2 -2
2995 3231 1 2
2996 3227 1 2
2997 1546 18 4 -2 2 2 4 -2 4 -2 2 4 -2 4 -2 2 4 -2 4 -2
2997 1835 9 4 -2 2 2 2 -2 2 4 -2
2997 1989 12 4 -2 2 2 4 -2 4 -2 2 2 4 -2
2997 2482 12 4 -2 2 2 4 -2 4 -2 2 2 2 -2
2997 3240 1 2
2998 3236 1 2
2999 1544 18 4 -2 2 2 4 -2 4 -2 2 4 -2 4 -2 2 4 -2 4 -2
2999 1844 9 4 -2 2 2 2 -2 2 4 -2
2999 1991 12 4 -2 2 2 4 -2 4 -2 2 2 4 -2
2999 2484 12 4 -2 2 2 4 -2 4 -2 2 2 2 -2
2999 3232 1 2
3000 1543 18 4 -2 2 2 4 -2 4 -2 2 4 -2 4 -2 2 4 -2 4 -2
3000 1840 9 4 -2 2 2 2 -2 2 4 -2
3000 1992 12 4 -2 2 2 4 -2 4 -2 2 2 4 -2
3000 2485 12 4 -2 2 2 4 -2 4 -2 2 2 2 -2
3000 3228 1 2
3001 3241 1 2
3002 3297 1 2
3003 2457 14 4 -2 2 2 2 4 -2 2 4 -2 2 2 2 -2
3003 3293 1 2
3004 1996 12 4 -2 2 2 4 -2 4 -2 2 2 4 -2
3005 1997 12 4 -2 2 2 4 -2 4 -2 2 2 4 -2
3005 2455 14 4 -2 2 2 2 4 -2 2 4 -2 2 2 2 -2
3005 3302 1 2
3006 3298 1 2
3007 3294 1 2
3008 2452 14 4 -2 2 2 2 4 -2 2 4 -2 2 2 2 -2
3008 3290 1 2
3009 3303 1 2
3010 2002 12 4 -2 2 2 4 -2 4 -2 2 2 4 -2
3010 3299 1 2
3011 2003 12 4 -2 2 2 4 -2 4 -2 2 2 4 -2
3011 3295 1 2
3012 3291 1 2
3013 2005 12 4 -2 2 2 4 -2 4 -2 2 2 4 -2
3013 2447 14 4 -2 2 2 2 4 -2 2 4 -2 2 2 2 -2
3013 3304 1 2
3014 3300 1 2
3015 2007 12 4 -2 2 2 4 -2 4 -2 2 2 4 -2
3015 3296 1 2
3016 2008 12 4 -2 2 2 4 -2 4 -2 2 2 4 -2
3016 2444 14 4 -2 2 2 2 4 -2 2 4 -2 2 2 2 -2
3016 3292 1 2
3017 3305 1 2
3018 1325 7 4 -2 4 -2 2 4 -2
3018 2700 3 2 4 -2
3019 1329 7 4 -2 4 -2 2 4 -2
3019 2704 3 2 4 -2
3021 1337 7 4 -2 4 -2 2 4 -2
3021 2712 3 2 4 -2
3022 2699 3 2 4 -2
3023 2703 3 2 4 -2
3024 1332 7 4 -2 4 -2 2 4 -2
3024 2707 3 2 4 -2
3025 1336 7 4 -2 4 -2 2 4 -2
3025 2711 3 2 4 -2
3026 1323 7 4 -2 4 -2 2 4 -2
3026 2698 3 2 4 -2
3028 2706 3 2 4 -2
3029 1335 7 4 -2 4 -2 2 4 -2
3029 2710 3 2 4 -2
3031 1326 7 4 -2 4 -2 2 4 -2
3031 2701 3 2 4 -2
3032 1330 7 4 -2 4 -2 2 4 -2
3032 2705 3 2 4 -2
3033 1334 7 4 -2 4 -2 2 4 -2
3033 2709 3 2 4 -2
3034 2227 2 4 -2
3034 2796 3 2 4 -2
3035 2226 2 4 -2
3035 2800 3 2 4 -2
3036 2225 2 4 -2
3037 2224 2 4 -2
3037 2808 3 2 4 -2
3038 2223 2 4 -2
3038 2795 3 2 4 -2
3039 2799 3 2 4 -2
3040 2221 2 4 -2
3040 2803 3 2 4 -2
3041 2220 2 4 -2
3041 2807 3 2 4 -2
3042 2219 2 4 -2
3042 2794 3 2 4 -2
3043 2218 2 4 -2
3044 2802 3 2 4 -2
3045 2233 2 4 -2
3045 2806 3 2 4 -2
3046 2232 2 4 -2
3047 2231 2 4 -2
3047 2797 3 2 4 -2
3048 2230 2 4 -2
3048 2801 3 2 4 -2
3049 2229 2 4 -2
3049 2805 3 2 4 -2
3050 1341 7 4 -2 4 -2 2 4 -2
3050 2748 3 2 4 -2
3051 1345 7 4 -2 4 -2 2 4 -2
3051 2752 3 2 4 -2
3053 1353 7 4 -2 4 -2 2 4 -2
3053 2760 3 2 4 -2
3054 2747 3 2 4 -2
3055 2751 3 2 4 -2
3056 1348 7 4 -2 4 -2 2 4 -2
3056 2755 3 2 4 -2
3057 1352 7 4 -2 4 -2 2 4 -2
3057 2759 3 2 4 -2
3058 1339 7 4 -2 4 -2 2 4 -2
3058 2746 3 2 4 -2
3060 2754 3 2 4 -2
3061 1351 7 4 -2 4 -2 2 4 -2
3061 2758 3 2 4 -2
3063 1342 7 4 -2 4 -2 2 4 -2
3063 2749 3 2 4 -2
3064 1346 7 4 -2 4 -2 2 4 -2
3064 2753 3 2 4 -2
3065 1350 7 4 -2 4 -2 2 4 -2
3065 2757 3 2 4 -2
3066 1601 13 2 4 -2 4 -2 2 4 -2 2 4 -2 4 -2
3066 2259 2 4 -2
3067 1597 13 2 4 -2 4 -2 2 4 -2 2 4 -2 4 -2
3067 2258 2 4 -2
3068 2257 2 4 -2
3069 2256 2 4 -2
3070 1602 13 2 4 -2 4 -2 2 4 -2 2 4 -2 4 -2
3070 2255 2 4 -2
3072 2253 2 4 -2
3073 1607 13 2 4 -2 4 -2 2 4 -2 2 4 -2 4 -2
3073 2252 2 4 -2
3074 2251 2 4 -2
3075 2250 2 4 -2
3076 1595 13 2 4 -2 4 -2 2 4 -2 2 4 -2 4 -2
3077 1608 13 2 4 -2 4 -2 2 4 -2 2 4 -2 4 -2
3077 2265 2 4 -2
3078 2264 2 4 -2
3079 2263 2 4 -2
3080 2262 2 4 -2
3081 1609 13 2 4 -2 4 -2 2 4 -2 2 4 -2 4 -2
3081 2261 2 4 -2
3082 2243 2 4 -2
3082 2780 3 2 4 -2
3083 2242 2 4 -2
3083 2784 3 2 4 -2
3084 2241 2 4 -2
3085 2240 2 4 -2
3085 2792 3 2 4 -2
3086 2239 2 4 -2
3086 2779 3 2 4 -2
3087 2783 3 2 4 -2
3088 2237 2 4 -2
3088 2787 3 2 4 -2
3089 2236 2 4 -2
3089 2791 3 2 4 -2
3090 2235 2 4 -2
3090 2778 3 2 4 -2
3091 2234 2 4 -2
3092 2786 3 2 4 -2
3093 2249 2 4 -2
3093 2790 3 2 4 -2
3094 2248 2 4 -2
3095 2247 2 4 -2
3095 2781 3 2 4 -2
3096 2246 2 4 -2
3096 2785 3 2 4 -2
3097 2245 2 4 -2
3097 2789 3 2 4 -2
3098 1994 4 4 -2 4 -2
3098 3425 1 2
3099 1995 4 4 -2 4 -2
3099 3421 1 2
3100 1996 4 4 -2 4 -2
3101 1997 4 4 -2 4 -2
3101 3430 1 2
3102 3426 1 2
3103 3422 1 2
3104 2000 4 4 -2 4 -2
3104 3418 1 2
3105 2001 4 4 -2 4 -2
3105 3431 1 2
3106 2002 4 4 -2 4 -2
3106 3427 1 2
3107 2003 4 4 -2 4 -2
3107 3423 1 2
3108 3419 1 2
3109 2005 4 4 -2 4 -2
3109 3432 1 2
3110 2006 4 4 -2 4 -2
3110 3428 1 2
3111 2007 4 4 -2 4 -2
3111 3424 1 2
3112 2008 4 4 -2 4 -2
3112 3420 1 2
3113 2009 4 4 -2 4 -2
3113 3433 1 2
3114 1899 4 4 -2 4 -2
3114 2620 3 2 4 -2
3114 2983 2 2 2
3115 1900 4 4 -2 4 -2
3115 2624 3 2 4 -2
3115 2982 2 2 2
3116 1901 4 4 -2 4 -2
3117 1902 4 4 -2 4 -2
3117 2632 3 2 4 -2
3117 2980 2 2 2
3118 2619 3 2 4 -2
3118 2979 2 2 2
3119 2623 3 2 4 -2
3119 2978 2 2 2
3120 1905 4 4 -2 4 -2
3120 2627 3 2 4 -2
3120 2977 2 2 2
3121 1906 4 4 -2 4 -2
3121 2631 3 2 4 -2
3121 2976 2 2 2
3122 1907 4 4 -2 4 -2
3122 2618 3 2 4 -2
3122 2975 2 2 2
3123 1908 4 4 -2 4 -2
3123 2974 2 2 2
3124 2626 3 2 4 -2
3124 2973 2 2 2
3125 1910 4 4 -2 4 -2
3125 2630 3 2 4 -2
3125 2972 2 2 2
3126 1911 4 4 -2 4 -2
3126 2971 2 2 2
3127 1912 4 4 -2 4 -2
3127 2621 3 2 4 -2
3127 2970 2 2 2
3128 1913 4 4 -2 4 -2
3128 2625 3 2 4 -2
3129 1914 4 4 -2 4 -2
3129 2629 3 2 4 -2
3129 2985 2 2 2
3130 1947 4 4 -2 4 -2
3130 2919 2 2 2
3131 1948 4 4 -2 4 -2
3131 2918 2 2 2
3132 1949 4 4 -2 4 -2
3133 1950 4 4 -2 4 -2
3133 2916 2 2 2
3134 2915 2 2 2
3135 2914 2 2 2
3136 1953 4 4 -2 4 -2
3136 2913 2 2 2
3137 1954 4 4 -2 4 -2
3137 2912 2 2 2
3138 1955 4 4 -2 4 -2
3138 2911 2 2 2
3139 1956 4 4 -2 4 -2
3139 2910 2 2 2
3140 2909 2 2 2
3141 1958 4 4 -2 4 -2
3141 2908 2 2 2
3142 1959 4 4 -2 4 -2
3142 2907 2 2 2
3143 1960 4 4 -2 4 -2
3143 2906 2 2 2
3144 1961 4 4 -2 4 -2
3145 1962 4 4 -2 4 -2
3145 2921 2 2 2
3146 1469 7 4 -2 4 -2 2 4 -2
3146 2999 2 2 2
3147 1473 7 4 -2 4 -2 2 4 -2
3147 2998 2 2 2
3149 1481 7 4 -2 4 -2 2 4 -2
3149 2996 2 2 2
3150 2995 2 2 2
3151 2994 2 2 2
3152 1476 7 4 -2 4 -2 2 4 -2
3152 2993 2 2 2
3153 1480 7 4 -2 4 -2 2 4 -2
3153 2992 2 2 2
3154 1467 7 4 -2 4 -2 2 4 -2
3154 2991 2 2 2
3155 2990 2 2 2
3156 2989 2 2 2
3157 1479 7 4 -2 4 -2 2 4 -2
3157 2988 2 2 2
3158 2987 2 2 2
3159 1470 7 4 -2 4 -2 2 4 -2
3159 2986 2 2 2
3160 1474 7 4 -2 4 -2 2 4 -2
3161 1478 7 4 -2 4 -2 2 4 -2
3161 3001 2 2 2
3162 1963 4 4 -2 4 -2
3162 2951 2 2 2
3163 1964 4 4 -2 4 -2
3163 2950 2 2 2
3164 1965 4 4 -2 4 -2
3165 1966 4 4 -2 4 -2
3165 2948 2 2 2
3166 2947 2 2 2
3167 2946 2 2 2
3168 1969 4 4 -2 4 -2
3168 2945 2 2 2
3169 1970 4 4 -2 4 -2
3169 2944 2 2 2
3170 1971 4 4 -2 4 -2
3170 2943 2 2 2
3171 1972 4 4 -2 4 -2
3171 2942 2 2 2
3172 2941 2 2 2
3173 1973 4 4 -2 4 -2
3173 2940 2 2 2
3174 1974 4 4 -2 4 -2
3174 2939 2 2 2
3175 1975 4 4 -2 4 -2
3175 2938 2 2 2
3176 1976 4 4 -2 4 -2
3177 1977 4 4 -2 4 -2
3177 2953 2 2 2
3178 1405 7 4 -2 4 -2 2 4 -2
3178 2652 3 2 4 -2
3178 3216 3 2 2 2
3179 1409 7 4 -2 4 -2 2 4 -2
3179 2656 3 2 4 -2
3179 3220 3 2 2 2
3181 1417 7 4 -2 4 -2 2 4 -2
3181 2664 3 2 4 -2
3181 3211 3 2 2 2
3182 2651 3 2 4 -2
3182 3215 3 2 2 2
3183 2655 3 2 4 -2
3183 3219 3 2 2 2
3184 1412 7 4 -2 4 -2 2 4 -2
3184 2659 3 2 4 -2
3184 3223 3 2 2 2
3185 1416 7 4 -2 4 -2 2 4 -2
3185 2663 3 2 4 -2
3185 3210 3 2 2 2
3186 1403 7 4 -2 4 -2 2 4 -2
3186 2650 3 2 4 -2
3186 3214 3 2 2 2
3187 3218 3 2 2 2
3188 2658 3 2 4 -2
3188 3222 3 2 2 2
3189 1415 7 4 -2 4 -2 2 4 -2
3189 2662 3 2 4 -2
3190 3213 3 2 2 2
3191 1406 7 4 -2 4 -2 2 4 -2
3191 2653 3 2 4 -2
3191 3217 3 2 2 2
3192 1410 7 4 -2 4 -2 2 4 -2
3192 2657 3 2 4 -2
3193 1414 7 4 -2 4 -2 2 4 -2
3193 2661 3 2 4 -2
3193 3225 3 2 2 2
3194 2138 4 4 -2 4 -2
3194 3329 1 2
3195 2139 4 4 -2 4 -2
3195 3325 1 2
3196 2140 4 4 -2 4 -2
3197 2141 4 4 -2 4 -2
3197 3334 1 2
3198 3330 1 2
3199 3326 1 2
3200 2144 4 4 -2 4 -2
3200 3322 1 2
3201 2145 4 4 -2 4 -2
3201 3335 1 2
3202 2146 4 4 -2 4 -2
3202 3331 1 2
3203 2147 4 4 -2 4 -2
3203 3327 1 2
3204 3323 1 2
3205 2149 4 4 -2 4 -2
3205 3336 1 2
3206 2150 4 4 -2 4 -2
3206 3332 1 2
3207 2151 4 4 -2 4 -2
3207 3328 1 2
3208 2152 4 4 -2 4 -2
3208 3324 1 2
3209 2153 4 4 -2 4 -2
3209 3337 1 2
3210 2451 2 4 -2
3210 3313 1 2
3211 2450 2 4 -2
3211 3309 1 2
3212 2449 2 4 -2
3213 2448 2 4 -2
3213 3318 1 2
3214 2447 2 4 -2
3214 3314 1 2
3215 3310 1 2
3216 2445 2 4 -2
3216 3306 1 2
3217 2444 2 4 -2
3217 3319 1 2
3218 2443 2 4 -2
3218 3315 1 2
3219 2442 2 4 -2
3219 3311 1 2
3220 3307 1 2
3221 2457 2 4 -2
3221 3320 1 2
3222 2456 2 4 -2
3222 3316 1 2
3223 2455 2 4 -2
3223 3312 1 2
3224 2454 2 4 -2
3224 3308 1 2
3225 2453 2 4 -2
3225 3321 1 2
3226 2515 2 4 -2
3226 3127 2 2 2
3227 2514 2 4 -2
3227 3126 2 2 2
3228 2513 2 4 -2
3229 2512 2 4 -2
3229 3124 2 2 2
3230 2511 2 4 -2
3230 3123 2 2 2
3231 3122 2 2 2
3232 2509 2 4 -2
3232 3121 2 2 2
3233 2508 2 4 -2
3233 3120 2 2 2
3234 2507 2 4 -2
3234 3119 2 2 2
3235 2506 2 4 -2
3235 3118 2 2 2
3236 3117 2 2 2
3237 2521 2 4 -2
3237 3116 2 2 2
3238 2520 2 4 -2
3238 3115 2 2 2
3239 2519 2 4 -2
3239 3114 2 2 2
3240 2518 2 4 -2
3241 2517 2 4 -2
3241 3129 2 2 2
3242 513 4 4 -2 2 2
3242 1568 3 4 -2 2
3242 1837 7 4 -2 4 -2 2 4 -2
3242 2770 7 4 -2 2 2 -2 4 -2
3242 3191 2 2 2
3243 514 4 4 -2 2 2
3243 1572 3 4 -2 2
3243 1841 7 4 -2 4 -2 2 4 -2
3243 2774 7 4 -2 2 2 -2 4 -2
3243 3190 2 2 2
3244 515 4 4 -2 2 2
3244 1576 3 4 -2 2
3245 516 4 4 -2 2 2
3245 1563 3 4 -2 2
3245 1849 7 4 -2 4 -2 2 4 -2
3245 2765 7 4 -2 2 2 -2 4 -2
3245 3188 2 2 2
3246 517 4 4 -2 2 2
3246 1567 3 4 -2 2
3246 2769 7 4 -2 2 2 -2 4 -2
3246 3187 2 2 2
3247 3186 2 2 2
3248 519 4 4 -2 2 2
3248 1575 3 4 -2 2
3248 1844 7 4 -2 4 -2 2 4 -2
3248 2777 7 4 -2 2 2 -2 4 -2
3248 3185 2 2 2
3249 1848 7 4 -2 4 -2 2 4 -2
3249 3184 2 2 2
3250 521 4 4 -2 2 2
3250 1566 3 4 -2 2
3250 1835 7 4 -2 4 -2 2 4 -2
3250 2768 7 4 -2 2 2 -2 4 -2
3250 3183 2 2 2
3251 522 4 4 -2 2 2
3251 1570 3 4 -2 2
3251 3182 2 2 2
3252 3181 2 2 2
3253 524 4 4 -2 2 2
3253 1578 3 4 -2 2
3253 1847 7 4 -2 4 -2 2 4 -2
3253 2763 7 4 -2 2 2 -2 4 -2
3253 3180 2 2 2
3254 1565 3 4 -2 2
3254 3179 2 2 2
3255 509 4 4 -2 2 2
3255 1569 3 4 -2 2
3255 1838 7 4 -2 4 -2 2 4 -2
3255 2771 7 4 -2 2 2 -2 4 -2
3255 3178 2 2 2
3256 510 4 4 -2 2 2
3256 1573 3 4 -2 2
3256 1842 7 4 -2 4 -2 2 4 -2
3256 2775 7 4 -2 2 2 -2 4 -2
3257 511 4 4 -2 2 2
3257 1577 3 4 -2 2
3257 1846 7 4 -2 4 -2 2 4 -2
3257 2762 7 4 -2 2 2 -2 4 -2
3257 3193 2 2 2
3258 2435 2 4 -2
3258 3159 2 2 2
3259 2434 2 4 -2
3259 3158 2 2 2
3260 2433 2 4 -2
3261 2432 2 4 -2
3261 3156 2 2 2
3262 2431 2 4 -2
3262 3155 2 2 2
3263 3154 2 2 2
3264 2429 2 4 -2
3264 3153 2 2 2
3265 2428 2 4 -2
3265 3152 2 2 2
3266 2427 2 4 -2
3266 3151 2 2 2
3267 2426 2 4 -2
3267 3150 2 2 2
3268 3149 2 2 2
3269 2441 2 4 -2
3269 3148 2 2 2
3270 2440 2 4 -2
3270 3147 2 2 2
3271 2439 2 4 -2
3271 3146 2 2 2
3272 2438 2 4 -2
3273 2437 2 4 -2
3273 3161 2 2 2
3274 2499 2 4 -2
3274 3345 1 2
3275 2498 2 4 -2
3275 3341 1 2
3276 2497 2 4 -2
3277 2496 2 4 -2
3277 3350 1 2
3278 2495 2 4 -2
3278 3346 1 2
3279 3342 1 2
3280 2493 2 4 -2
3280 3338 1 2
3281 2492 2 4 -2
3281 3351 1 2
3282 2491 2 4 -2
3282 3347 1 2
3283 2490 2 4 -2
3283 3343 1 2
3284 3339 1 2
3285 2505 2 4 -2
3285 3352 1 2
3286 2504 2 4 -2
3286 3348 1 2
3287 2503 2 4 -2
3287 3344 1 2
3288 2502 2 4 -2
3288 3340 1 2
3289 2501 2 4 -2
3289 3353 1 2
3290 2467 2 4 -2
3290 3409 1 2
3291 2466 2 4 -2
3291 3405 1 2
3292 2465 2 4 -2
3293 2464 2 4 -2
3293 3414 1 2
3294 2463 2 4 -2
3294 3410 1 2
3295 3406 1 2
3296 2461 2 4 -2
3296 3402 1 2
3297 2460 2 4 -2
3297 3415 1 2
3298 2459 2 4 -2
3298 3411 1 2
3299 2458 2 4 -2
3299 3407 1 2
3300 3403 1 2
3301 2473 2 4 -2
3301 3416 1 2
3302 2472 2 4 -2
3302 3412 1 2
3303 2471 2 4 -2
3303 3408 1 2
3304 2470 2 4 -2
3304 3404 1 2
3305 2469 2 4 -2
3305 3417 1 2
3306 1938 5 2 4 -2 4 -2
3306 2851 2 4 -2
3307 1934 5 2 4 -2 4 -2
3307 2850 2 4 -2
3308 2849 2 4 -2
3309 1943 5 2 4 -2 4 -2
3309 2848 2 4 -2
3310 1939 5 2 4 -2 4 -2
3310 2847 2 4 -2
3312 1931 5 2 4 -2 4 -2
3312 2845 2 4 -2
3313 1944 5 2 4 -2 4 -2
3313 2844 2 4 -2
3314 1940 5 2 4 -2 4 -2
3314 2843 2 4 -2
3315 2842 2 4 -2
3316 1932 5 2 4 -2 4 -2
3317 1945 5 2 4 -2 4 -2
3317 2857 2 4 -2
3318 2856 2 4 -2
3319 1937 5 2 4 -2 4 -2
3319 2855 2 4 -2
3320 1933 5 2 4 -2 4 -2
3320 2854 2 4 -2
3321 1946 5 2 4 -2 4 -2
3321 2853 2 4 -2
3322 2672 8 4 -2 2 2 -2 2 4 -2
3322 2679 4 2 2 4 -2
3323 2673 8 4 -2 2 2 -2 2 4 -2
3323 2680 4 2 2 4 -2
3324 2674 8 4 -2 2 2 -2 2 4 -2
3325 2675 8 4 -2 2 2 -2 2 4 -2
3326 2666 4 2 2 4 -2
3327 2667 4 2 2 4 -2
3328 2668 4 2 2 4 -2
3328 2678 8 4 -2 2 2 -2 2 4 -2
3329 2669 4 2 2 4 -2
3330 2680 8 4 -2 2 2 -2 2 4 -2
3331 2671 4 2 2 4 -2
3332 2672 4 2 2 4 -2
3333 2666 8 4 -2 2 2 -2 2 4 -2
3333 2673 4 2 2 4 -2
3334 2674 4 2 2 4 -2
3335 2668 8 4 -2 2 2 -2 2 4 -2
3335 2675 4 2 2 4 -2
3336 2669 8 4 -2 2 2 -2 2 4 -2
3337 2677 4 2 2 4 -2
3338 2867 2 4 -2
3338 3105 1 2
3339 2866 2 4 -2
3339 3101 1 2
3340 2865 2 4 -2
3341 2864 2 4 -2
3341 3110 1 2
3342 2863 2 4 -2
3342 3106 1 2
3343 3102 1 2
3344 2861 2 4 -2
3344 3098 1 2
3345 2860 2 4 -2
3345 3111 1 2
3346 2859 2 4 -2
3346 3107 1 2
3347 2858 2 4 -2
3347 3103 1 2
3348 3099 1 2
3349 2873 2 4 -2
3349 3112 1 2
3350 2872 2 4 -2
3350 3108 1 2
3351 2871 2 4 -2
3351 3104 1 2
3352 2870 2 4 -2
3352 3100 1 2
3353 2869 2 4 -2
3353 3113 1 2
3354 753 4 4 -2 2 2
3354 1840 3 4 -2 2
3354 3179 5 4 -2 2 2 -2
3354 3479 2 2 2
3355 754 4 4 -2 2 2
3355 1844 3 4 -2 2
3355 3192 5 4 -2 2 2 -2
3355 3478 2 2 2
3356 755 4 4 -2 2 2
3356 1848 3 4 -2 2
3356 3188 5 4 -2 2 2 -2
3357 756 4 4 -2 2 2
3357 1835 3 4 -2 2
3357 3184 5 4 -2 2 2 -2
3357 3476 2 2 2
3358 757 4 4 -2 2 2
3358 1839 3 4 -2 2
3358 3180 5 4 -2 2 2 -2
3358 3475 2 2 2
3359 3474 2 2 2
3360 759 4 4 -2 2 2
3360 1847 3 4 -2 2
3360 3189 5 4 -2 2 2 -2
3360 3473 2 2 2
3361 3472 2 2 2
3362 761 4 4 -2 2 2
3362 1838 3 4 -2 2
3362 3181 5 4 -2 2 2 -2
3362 3471 2 2 2
3363 762 4 4 -2 2 2
3363 1842 3 4 -2 2
3363 3470 2 2 2
3364 3469 2 2 2
3365 764 4 4 -2 2 2
3365 1850 3 4 -2 2
3365 3186 5 4 -2 2 2 -2
3365 3468 2 2 2
3366 1837 3 4 -2 2
3366 3467 2 2 2
3367 749 4 4 -2 2 2
3367 1841 3 4 -2 2
3367 3178 5 4 -2 2 2 -2
3367 3466 2 2 2
3368 750 4 4 -2 2 2
3368 1845 3 4 -2 2
3368 3191 5 4 -2 2 2 -2
3369 751 4 4 -2 2 2
3369 1849 3 4 -2 2
3369 3187 5 4 -2 2 2 -2
3369 3481 2 2 2
3370 721 4 4 -2 2 2
3370 3447 2 2 2
3371 722 4 4 -2 2 2
3371 3446 2 2 2
3372 723 4 4 -2 2 2
3373 724 4 4 -2 2 2
3373 3444 2 2 2
3374 725 4 4 -2 2 2
3374 3443 2 2 2
3375 3442 2 2 2
3376 727 4 4 -2 2 2
3376 3441 2 2 2
3377 3440 2 2 2
3378 729 4 4 -2 2 2
3378 3439 2 2 2
3379 730 4 4 -2 2 2
3379 3438 2 2 2
3380 3437 2 2 2
3381 732 4 4 -2 2 2
3381 3436 2 2 2
3382 3435 2 2 2
3383 717 4 4 -2 2 2
3383 3434 2 2 2
3384 718 4 4 -2 2 2
3385 719 4 4 -2 2 2
3385 3449 2 2 2
3386 769 4 4 -2 2 2
3386 1824 3 4 -2 2
3386 3115 5 4 -2 2 2 -2
3386 3137 1 2
3387 770 4 4 -2 2 2
3387 1828 3 4 -2 2
3387 3128 5 4 -2 2 2 -2
3387 3133 1 2
3388 771 4 4 -2 2 2
3388 1832 3 4 -2 2
3388 3124 5 4 -2 2 2 -2
3389 772 4 4 -2 2 2
3389 1819 3 4 -2 2
3389 3120 5 4 -2 2 2 -2
3389 3142 1 2
3390 773 4 4 -2 2 2
3390 1823 3 4 -2 2
3390 3116 5 4 -2 2 2 -2
3390 3138 1 2
3391 3134 1 2
3392 775 4 4 -2 2 2
3392 1831 3 4 -2 2
3392 3125 5 4 -2 2 2 -2
3392 3130 1 2
3393 3143 1 2
3394 777 4 4 -2 2 2
3394 1822 3 4 -2 2
3394 3117 5 4 -2 2 2 -2
3394 3139 1 2
3395 778 4 4 -2 2 2
3395 1826 3 4 -2 2
3395 3135 1 2
3396 3131 1 2
3397 780 4 4 -2 2 2
3397 1834 3 4 -2 2
3397 3122 5 4 -2 2 2 -2
3397 3144 1 2
3398 1821 3 4 -2 2
3398 3140 1 2
3399 765 4 4 -2 2 2
3399 1825 3 4 -2 2
3399 3114 5 4 -2 2 2 -2
3399 3136 1 2
3400 766 4 4 -2 2 2
3400 1829 3 4 -2 2
3400 3127 5 4 -2 2 2 -2
3400 3132 1 2
3401 767 4 4 -2 2 2
3401 1833 3 4 -2 2
3401 3123 5 4 -2 2 2 -2
3401 3145 1 2
3402 1985 5 2 4 -2 4 -2
3402 2615 4 2 2 4 -2
3402 2835 2 4 -2
3402 3008 3 2 2 2
3403 1981 5 2 4 -2 4 -2
3403 2616 4 2 2 4 -2
3403 2834 2 4 -2
3403 3012 3 2 2 2
3404 2833 2 4 -2
3405 1990 5 2 4 -2 4 -2
3405 2832 2 4 -2
3405 3003 3 2 2 2
3406 1986 5 2 4 -2 4 -2
3406 2602 4 2 2 4 -2
3406 2831 2 4 -2
3406 3007 3 2 2 2
3407 2603 4 2 2 4 -2
3407 3011 3 2 2 2
3408 1978 5 2 4 -2 4 -2
3408 2604 4 2 2 4 -2
3408 2829 2 4 -2
3408 3015 3 2 2 2
3409 1991 5 2 4 -2 4 -2
3409 2605 4 2 2 4 -2
3409 2828 2 4 -2
3409 3002 3 2 2 2
3410 1987 5 2 4 -2 4 -2
3410 2827 2 4 -2
3410 3006 3 2 2 2
3411 2607 4 2 2 4 -2
3411 2826 2 4 -2
3411 3010 3 2 2 2
3412 1979 5 2 4 -2 4 -2
3412 2608 4 2 2 4 -2
3412 3014 3 2 2 2
3413 1992 5 2 4 -2 4 -2
3413 2609 4 2 2 4 -2
3413 2841 2 4 -2
3414 2610 4 2 2 4 -2
3414 2840 2 4 -2
3414 3005 3 2 2 2
3415 1984 5 2 4 -2 4 -2
3415 2611 4 2 2 4 -2
3415 2839 2 4 -2
3415 3009 3 2 2 2
3416 1980 5 2 4 -2 4 -2
3416 2838 2 4 -2
3417 1993 5 2 4 -2 4 -2
3417 2613 4 2 2 4 -2
3417 2837 2 4 -2
3417 3017 3 2 2 2
3418 2579 2 4 -2
3418 2897 1 2
3419 2578 2 4 -2
3419 2893 1 2
3420 2577 2 4 -2
3421 2576 2 4 -2
3421 2902 1 2
3422 2575 2 4 -2
3422 2898 1 2
3423 2894 1 2
3424 2573 2 4 -2
3424 2890 1 2
3425 2572 2 4 -2
3425 2903 1 2
3426 2571 2 4 -2
3426 2899 1 2
3427 2570 2 4 -2
3427 2895 1 2
3428 2891 1 2
3429 2585 2 4 -2
3429 2904 1 2
3430 2584 2 4 -2
3430 2900 1 2
3431 2583 2 4 -2
3431 2896 1 2
3432 2582 2 4 -2
3432 2892 1 2
3433 2581 2 4 -2
3433 2905 1 2
3434 2595 2 4 -2
3434 3287 2 2 2
3435 2594 2 4 -2
3435 3286 2 2 2
3436 2593 2 4 -2
3437 2592 2 4 -2
3437 3284 2 2 2
3438 2591 2 4 -2
3438 3283 2 2 2
3439 3282 2 2 2
3440 2589 2 4 -2
3440 3281 2 2 2
3441 2588 2 4 -2
3441 3280 2 2 2
3442 2587 2 4 -2
3442 3279 2 2 2
3443 2586 2 4 -2
3443 3278 2 2 2
3444 3277 2 2 2
3445 2601 2 4 -2
3445 3276 2 2 2
3446 2600 2 4 -2
3446 3275 2 2 2
3447 2599 2 4 -2
3447 3274 2 2 2
3448 2598 2 4 -2
3449 2597 2 4 -2
3449 3289 2 2 2
3450 2563 2 4 -2
3450 3255 2 2 2
3451 2562 2 4 -2
3451 3254 2 2 2
3452 2561 2 4 -2
3453 2560 2 4 -2
3453 3252 2 2 2
3454 2559 2 4 -2
3454 3251 2 2 2
3455 3250 2 2 2
3456 2557 2 4 -2
3456 3249 2 2 2
3457 2556 2 4 -2
3457 3248 2 2 2
3458 2555 2 4 -2
3458 3247 2 2 2
3459 2554 2 4 -2
3459 3246 2 2 2
3460 3245 2 2 2
3461 2569 2 4 -2
3461 3244 2 2 2
3462 2568 2 4 -2
3462 3243 2 2 2
3463 2567 2 4 -2
3463 3242 2 2 2
3464 2566 2 4 -2
3465 2565 2 4 -2
3465 3257 2 2 2
3466 2643 2 4 -2
3466 2929 1 2
3467 2642 2 4 -2
3467 2925 1 2
3468 2641 2 4 -2
3469 2640 2 4 -2
3469 2934 1 2
3470 2639 2 4 -2
3470 2930 1 2
3471 2926 1 2
3472 2637 2 4 -2
3472 2922 1 2
3473 2636 2 4 -2
3473 2935 1 2
3474 2635 2 4 -2
3474 2931 1 2
3475 2634 2 4 -2
3475 2927 1 2
3476 2923 1 2
3477 2649 2 4 -2
3477 2936 1 2
3478 2648 2 4 -2
3478 2932 1 2
3479 2647 2 4 -2
3479 2928 1 2
3480 2646 2 4 -2
3480 2924 1 2
3481 2645 2 4 -2
3481 2937 1 2
